SMILES,FOM1_exp_100
CCOCOCOCOCC,118.21226726863658
CC(=O)OCCOCCOC(C)=O,103.23204208779767
CCOCOCOCOCOCC,106.77471568905378
CCOC(=O)C1CCCCC1,87.418767146588
CCCC(=O)c1ccccc1,101.07426140475562
CCCCc1ccccc1,92.55756062724949
C1CC[C@H]2CCCC[C@H]2C1,77.1104048822996
C1CCC(C2CCCC2)C1,80.38288784654543
CCCCCC1CCCC1,91.33712101184678
CCCCC1CCCCC1,88.5443058661262
C=CCCCCCCCC,100.70036767661685
CCC=CCCCCCC,101.88074573201393
CCCC(CCC)CCC,102.70435742549722
CCCCCCC(O)CCC,72.77684338528559
C=COCCOCCOCCOC=C,108.4850135280839
CCCCCCCCCC,99.91023869295861
c1ccc(C2CCCC2)cc1,89.97326049935116
CCCCCc1ccccc1,96.36661719076814
C1CCC2(CC1)CCCCC2,71.34359333942638
CC(C)CCC1CCCCC1,77.82600588718235
CCC(C)(C)C1CCCCC1,67.08826091683959
CCCCCC1CCCCC1,79.02584923430189
CCCCCCC1CCCC1,87.91576012676542
C=CCCCCCCCCC,96.65796792856595
CCCCC=CCCCCC,98.69400972320136
CCCCCCCCCCC,91.81334343244306
CCCCCCCCCC(C)=O,101.19608084003828
CCCCCOCCOCCOCCO,80.83386226352827
COCC(C)OCC(C)OCC(C)OC,94.7379029112091
c1ccc(Oc2ccccc2)cc1,81.49445571723852
CCc1cccc2ccccc12,102.06327456063048
c1ccc(C2CCCCC2)cc1,84.24664075749531
O=C(c1ccccc1)c1ccccc1,83.46592257419546
CCC1CCCc2ccccc21,76.82062924414508
CCCCCCc1ccccc1,92.67443814024591
CCCC(CC)c1ccccc1,87.9933073927047
C1CCC(C2CCCCC2)CC1,63.629430527077815
CC(C1CCCC1)C1CCCC1,75.08613338018134
CCCCCC1CCCCC1C,83.49078658222776
CCC(CC)CC1CCCCC1,77.25349701239061
CCCC(CC)C1CCCCC1,76.0472728141024
CCOC(=O)c1ccc(C(=O)OCC)cc1,69.31702046358234
CCCC(C)(C)C1CCCCC1,66.38542358753222
CCCCCCC1CCCCC1,82.95372385826009
CCCCCCCC1CCCC1,85.18891278759268
C=CCCCCCCCCCC,93.84450463464394
CCCCCC=CCCCCC,94.66686504899722
CCCCCC=CC(C)CCC,93.522000699457
CCCC/C=C(\C)CCCCC,93.66555305231242
CCCCCCC(C)CCCC,88.02459470569315
CCCCC(CC)CCC(C)C,87.56650903180694
CCCC(CC)(CCC)CCC,78.1698317669937
CCCC(CC(C)C)CC(C)C,88.42369757003212
CCC(C)(C)CCC(C)(C)CC,66.23004715940378
CCCCCCC(C)CC(C)C,87.82229318896042
CCCCCCCCCCCCO,75.157418208836
CCCCCCCCOCCCC,95.40898514876258
CCCCCCCCC(O)C=CCO,63.46783482731772
CCCCCCCCCCCC,92.14437842339218
C=CCCC(C)CCCCCC,95.28739809716724
CCCCOCCOCCOCCCC,94.0928587258109
CCCCCCOCCOCCOCCO,79.49935426789209
CCOCCOCCOCCOCCOCC,94.0244345341884
CCCCOCCOCCOCCOCCO,82.85212451632597
c1ccc(Cc2ccccc2)cc1,87.74533635813842
CCCc1ccc2ccccc2c1,98.49374776065773
CCCc1cccc2ccccc12,101.25568007802256
CC(C)c1cccc2ccccc12,98.47537350698039
CCc1ccc2ccccc2c1C,95.00111040984417
CCc1cccc2c(C)cccc12,98.18634856194447
Oc1ccccc1Cc1ccccc1,57.58513148726426
Cc1ccccc1C1CCCCC1,77.52322770669173
CC(C)C1CCCc2ccccc21,73.86819528840363
CC(C)(C)c1ccc2c(c1)CCC2,63.86211603059564
C1CCC2C(C1)CCC1CCCC12,73.80829823512806
CCc1ccc(C)c2ccccc12,98.26862548441086
CCCCCCCc1ccccc1,91.35627560812536
CCCCCCc1ccc(C)cc1,86.66482283331402
C1CCC(CC2CCCCC2)CC1,65.22379265666642
CCCCC(C)(C)c1ccccc1,84.26781620418225
CC1CCCCC1C1CCCCC1,72.26927228006421
CC1CCCC(C2CCCCC2)C1,66.61691456176698
CC(C)C(c1ccccc1)C(C)C,63.86288892678633
CCCC1CCC2CCCCC2C1,81.19828797296154
Cc1ccccc1-c1ccccc1,110.35083130811829
CCCOCCOCCOCCC,99.12190966883563
CCCCOC(C)c1ccc(OC)cc1,82.75347030872541
CC(C)C(C(C)C)C1CCCCC1,70.97066038964442
CCCCCCCC1CCCCC1,83.02633681106391
CCCCCCCCC1CCCC1,84.21065460970836
C=CCCCCCCCCCCC,92.2402881607882
CCCCCC=CCCCCCC,91.37713147394882
CCCC=C(CCCC)CCCC,90.90561087485173
CCCCCCCCCCCCC,85.23752418749672
CCCCC(CCCC)CCCC,91.76552707572924
CCCCCC(C)(CC)CCCC,79.1839414739103
CCCC(CCC)(CCC)C(C)C,76.01824492561579
CCCCCCCCCCC(C)(C)O,50.67960238665976
CCCCCCCCCOCCOCCO,79.90597307472231
CCCCCCCOCCOCCOCCO,79.22830909045986
C=C(c1ccccc1)c1ccccc1,80.37492964512953
CCc1cccc(-c2ccccc2)c1,108.1177427414545
CCc1ccccc1-c1ccccc1,100.89697400083328
CC(c1ccccc1)c1ccccc1,78.49816839100546
Cc1cccc(Cc2ccccc2)c1,81.17315160556642
Cc1ccc(Cc2ccccc2)cc1,82.52789685643062
Cc1ccccc1Cc1ccccc1,78.85298954127836
Cc1ccccc1C(=O)c1ccccc1,77.06302284441736
c1cc2c(cc1C1CCCC1)CCC2,63.95495277587301
c1ccc(COCc2ccccc2)cc1,91.16742913635763
COc1ccc(Cc2ccccc2)cc1,78.03790605029705
CC(C)Cc1cccc2ccccc12,94.86919702263503
CCCCc1cccc2ccccc12,95.19779394417408
CCc1c(C)cc(C)c2ccccc12,96.97526752648363
CCCc1cc2ccccc2cc1C,94.38416976929341
Cc1ccc(C(C)C)c2ccccc12,86.5583036646525
c1ccc(OCCOc2ccccc2)cc1,80.75819812534426
c1ccc(CCC2CCCCC2)cc1,78.55603043056846
Cc1ccc(C2CCCCC2)c(C)c1,62.17100887272011
CC(c1ccccc1)C1CCCCC1,72.90006642551319
c1ccc(CCCC2CCCC2)cc1,81.71575468234765
CCCCC1CCCc2ccccc21,72.52645973518722
Cc1cc(C)c(C2CCCC2)c(C)c1,61.29732779087339
CCC(C)C1CCCc2ccccc21,72.22553785146421
C1CCC2C(C1)CCC1CCCCC12,61.07969688409088
CCCCCCCCc1ccccc1,89.55781334940463
CCCCCCC(C)c1ccccc1,86.88705160163542
CCC1CCCCC1C1CCCCC1,66.15232838019764
CC(C1CCCCC1)C1CCCCC1,65.67795133587478
CC1CCC(CC2CCCCC2)CC1,66.57815915633455
CC(C)CCC(C)(C)c1ccccc1,78.05925886252535
C1CCC(CCCC2CCCC2)CC1,70.66112214471708
CC(C)(C)c1cccc(C(C)(C)C)c1O,58.7860578967219
CCCCCCC(C)C1CCCCC1,77.69612171427146
CC(C)(C)C1CCC(C(C)(C)C)CC1,57.10230059580883
CCCCCCCCC1CCCCC1,79.56434510728087
C=C(C)CCCCCCCCC(=C)C,81.49852180993236
C=CCCCCCCCCCCCC,89.08391213254093
CCCCCCCCCC1CCCC1,84.75470469856744
CCCCCCC=CCCCCCC,89.35623511491606
CCCCCC=C(C)CCCCCC,101.06670039253265
CC(=CC(C)(C)C(C)(C)C)C(C)(C)C,55.28070545733104
COCCOC(=O)c1ccccc1C(=O)OCCOC,72.6978483333641
CCCCCCCCCCCCCC,82.53503607799152
CCCCCCCCCCCC(C)C,84.33067849114643
CCCCCCC(C)CCCCCC,86.05644765629233
CC(C)CCCCCCCCC(C)C,92.7478743030056
CCC(CC)CCCCC(CC)CC,85.47932128604197
CC(CC(C)(C)C(C)(C)C)C(C)(C)C,51.98234815327401
CCCCCOC(=O)CCC(=O)OCCCCC,77.175761933382
CC(C)COC(=O)CCCCC(=O)OCC(C)C,84.969401237124
CC(C)CCOC(=O)CCC(=O)OCCC(C)C,70.03100706308253
CCCCCCCCOCCOCCOCCO,75.11423416688926
COCCOCCOCCOCCOCCOC(C)C,83.8687709551098
CCCCOCCOCCOCCOCCOCCO,77.52490370617653
c1ccc(CCCc2ccccc2)cc1,84.24838158784326
CC(Cc1ccccc1)c1ccccc1,80.59081924060546
CCc1ccc(Cc2ccccc2)cc1,82.05884379704504
CCCc1ccccc1-c1ccccc1,96.77209571213842
CCc1cccc(Cc2ccccc2)c1,80.5920833809521
CCC(c1ccccc1)c1ccccc1,81.25085769393876
CCc1ccccc1Cc1ccccc1,78.78599345344918
CC(C)c1ccccc1-c1ccccc1,92.50324533640295
Cc1ccccc1Cc1ccccc1C,77.96016862084514
Cc1ccc(C(C)c2ccccc2)cc1,68.54720375365419
Cc1ccc(Cc2ccccc2)cc1C,69.1500729862161
CC(C)(c1ccccc1)c1ccccc1,74.51914741967094
CCc1ccc(C(=O)c2ccccc2)cc1,73.45854039944072
Cc1ccc(C(=O)c2ccccc2)cc1C,68.17245604027221
CCCCCc1cccc2ccccc12,91.92278935242642
Cc1ccc(C)c(CC2CCCCC2)c1,62.371587819934085
CCCCCC1CCCc2ccccc21,71.08115091087265
CCOCCOCCOCCOCC,108.54771905259352
CCCCCCCC(C)c1ccccc1,87.0991337914692
CCCCCCCCc1ccc(C)cc1,79.964207724618
CCCCCCCc1ccc(C)c(C)c1,65.95188072251946
C1CCC(CCCC2CCCCC2)CC1,65.14935503678824
CC(CC1CCCCC1)C1CCCCC1,60.05985195997912
CCCC1CCCCC1C1CCCCC1,64.92328307609397
CCC(C1CCCCC1)C1CCCCC1,62.83005646872325
CCC1CCCC(CC2CCCCC2)C1,66.27756817563036
CC(C)C1CCCCC1C1CCCCC1,62.31188530651358
CC(C)(C1CCCCC1)C1CCCCC1,54.96598270339815
CCCCCCCCCOc1ccccc1,86.81579375379448
CCCCCC1CCCCC1CCCC,75.50161629750465
CCC(C)CC(C)(CC)C1CCCCC1,59.83127543531205
CCCCCCCCCC1CCCCC1,76.6579665258399
C=CCCCCCCCCCCCCC,82.83551322553355
CCCCCCC=CCCCCCCC,85.88301690629815
CCCCCCCCCCC1CCCC1,78.71313213538109
C=CC(C)CCCCCCCCCCC,83.42723867263918
CCCCCCCCCCCCCCC,84.07220825622939
CCCCCCCCCCCCC(C)C,79.2578303861545
CCCCCCCCCCC(CC)CC,81.3878442284971
CCC(CC)CCCCCC(CC)CC,75.7344715147954
CCCCCCCCCCCCCC(C)=O,87.36909772509892
CCCCCCCCCCCCCC(=O)OC,86.69730867979769
CCC(C)CCCC(C)(O)CCCC(C)C,45.934086624467575
CC(C)CCOC(=O)CCCC(=O)OCCC(C)C,67.00814417306385
CCCC(=O)OCC(COC(=O)CCC)OC(=O)CCC,86.80148525068249
CCCCCOCCOCCOCCOCCOCCO,74.5529881446266
c1ccc2cc(C3CCCCC3)ccc2c1,64.42362996026296
c1ccc2c(C3CCCCC3)cccc2c1,65.78767184737715
CCC=C(c1ccccc1)c1ccccc1,64.96743828936297
CCC(Cc1ccccc1)c1ccccc1,82.75139746101335
CCCCc1ccccc1-c1ccccc1,95.28657895753969
CCCC(c1ccccc1)c1ccccc1,78.22537855929933
CC(Cc1ccccc1)Cc1ccccc1,79.0501367302025
CC(C)Cc1ccccc1-c1ccccc1,95.40584199750612
CC(C)(Cc1ccccc1)c1ccccc1,70.4062664228015
CCC(C)c1ccccc1-c1ccccc1,92.15591954483634
CC(C)C(c1ccccc1)c1ccccc1,61.28521882858803
CCc1ccc(C(C)c2ccccc2)cc1,66.76913857103175
CC(C)c1ccc(Cc2ccccc2)cc1,75.9195944636209
CCC(C)(c1ccccc1)c1ccccc1,70.22771895776404
Cc1ccc(C)c(C(C)c2ccccc2)c1,62.49283463725291
c1ccc(C2CCCC2)c(C2CCCC2)c1,49.15364441846813
c1ccc(C2CCC3CCCCC3C2)cc1,57.64576059241049
Cc1cc(C)c(C(=O)c2ccccc2)c(C)c1,69.04177632508312
CCCCCCc1ccc2ccccc2c1,96.63922407069579
C=C(C)C1CCC(C)CC1c1ccccc1,66.27774352210376
CC(C)C1C=CC(C(C)C)c2ccccc21,54.64511082188811
CCCCCCCc1ccc2c(c1)CCC2,65.75367226057001
C1CCC(C(C2CCCC2)C2CCCC2)C1,62.76282909498138
CCC(CC1CCCCC1)C1CCCCC1,66.3895748348939
CCCCCCCCCCc1ccccc1,84.29404875502257
CCCCCCc1ccccc1CCCC,74.50395791590755
CCCCCCCCC(C)c1ccccc1,84.8300844647254
CCCCCCCCc1cc(C)ccc1C,79.2657172938484
C1CCC(CCCCC2CCCCC2)CC1,62.56957055881562
CCCCC1CCC(C2CCCCC2)CC1,65.55943260224485
CC(CC1CCCCC1)CC1CCCCC1,63.62172221846449
CC(CCC1CCCCC1)C1CCCCC1,59.46851759145003
CCCC(C1CCCCC1)C1CCCCC1,56.71079794037451
CCC(C)(C1CCCCC1)C1CCCCC1,53.049554136811736
CCCCOC(=O)c1ccccc1C(=O)OCCCC,68.25107018529489
CCCCOC(=O)c1ccc(C(=O)OCCCC)cc1,63.904246977990525
CC(C)COC(=O)c1ccccc1C(=O)OCC(C)C,73.36236113401519
CCC(C)OC(=O)c1ccccc1C(=O)OC(C)CC,55.77518787333313
CC(C)COC(=O)c1ccc(C(=O)OCC(C)C)cc1,55.75463320422249
CC(C)COC(=O)c1cccc(C(=O)OCC(C)C)c1,55.79395739367438
CCCCCC1CCC(CCCCC)CC1,73.71978621558112
CCCCCCC1CCCCC1CCCC,74.13829936059963
CCCCCCCCCCC1CCCCC1,74.88260480845393
C=CC(CCC=CCCCCC)CCCC,84.51840278901102
C=CCCCCCCCCCCCCCC,84.64155429765766
CCCCCC=CCCCCCCCCC,83.75637205922155
CCCCCCCCCCCC1CCCC1,80.75229385913683
CCCCCCCCC(C)C=CC(C)(C)C,73.03534981672468
CCCCCCCCCCCCCCCC,79.54756030160061
CCCCCCCCCCCCCC(C)C,79.6923961363034
CCCCCCC(CCC)CCCCCC,83.1013339903794
CCCCCCCCCC(C)CCCCC,78.35977116095152
CCCCC(CC)CCC(CC)CCCC,79.09268756427328
CCC(CC)(CC)CCC(CC)(CC)CC,56.89575658984267
CCCCCCCC(CO)CCCCCCC,67.66583495724674
CCCCCCCCCC(CO)CCCCC,67.89736691423286
CCCCCCCCCCC(CO)CCCC,67.63563246401972
CCCCCCCCCCCC(CO)CCC,67.98564393775675
CCCCCCCCCCCCC(CC)CO,66.8770849016088
CCCCCCCCC(CO)CCCCCC,66.43129372683421
CCCCCCCOC(=O)C(=O)OCCCCCCC,70.85837138842248
CCCOC(=O)CCCCCCCCC(=O)OCCC,71.89692669186451
CCCCCOC(=O)CCCCC(=O)OCCCCC,72.2131003439338
CCCCOC(=O)CCCCCCC(=O)OCCCC,84.11235759440302
CCCCCCOCCOCCOCCCCCC,77.64259695644975
c1ccc(Cc2cccc3ccccc23)cc1,85.33049106758523
CC(C)c1ccc2ccc3ccccc3c2c1,90.31215886918643
c1ccc(CCCCCc2ccccc2)cc1,88.32599408218269
CCCCc1ccc(Cc2ccccc2)cc1,72.1431283284356
CCCCC(c1ccccc1)c1ccccc1,76.75535591452208
CCC(Cc1ccccc1)Cc1ccccc1,74.04544363343132
CC(C)CC(c1ccccc1)c1ccccc1,59.22030506471291
Cc1ccc(-c2cccc(C)c2C(C)C)cc1,68.43964922540162
Cc1ccc(CC(C)c2ccc(C)cc2)cc1,66.33059904525615
CC(=Cc1cccc2ccccc12)CC(C)C,72.19472591134553
CC(C)=C(c1cccc2ccccc12)C(C)C,67.58493435578312
Cc1ccc(C2=C(C(C)C)CCC(C)C2)cc1,59.70789694750381
CCCCCCCc1ccc2c(c1)CCCC2,64.4545583328169
CCCCCCCC1CCCc2ccccc21,65.99519124387079
CC(C)=CCCC(C)CC=Cc1ccccc1,71.81054881096387
CC(C)CCCC(C)C1CCc2ccccc21,51.449398092675956
CCCCCCCCC=C(C)c1ccccc1,81.60853186750653
CCCCCC(=CCC(C)C)c1ccccc1,69.63250400670846
CCCCCCCCCCCc1ccccc1,82.18635043904075
CCCCCCCCCC(C)c1ccccc1,80.18456472378998
C1CCC(CCCCCC2CCCCC2)CC1,60.882536192307526
CCCCC(C1CCCCC1)C1CCCCC1,59.06597529126084
CC(C)CC(C1CCCCC1)C1CCCCC1,59.813034799647966
CCCCCCCCCCCC1CCCCC1,71.67778996637266
C=CCCCCCCCCCCCCCCC,82.27480442927985
CCCCCCCC=CCCCCCCCC,81.80038982129474
CCCCCCCCCCCCC1CCCC1,71.01888280844611
CCCCCCCC(C)(C)CCCCCCC,75.5343448981007
CCCCCCCCCCCCCC(C)(C)C,72.48960194082925
CCCCCCCCCCC(CCC)CCC,82.29067750155689
CCCCC(CCCC)(CCCC)CCCC,68.17225322151472
CCCCCCC(CCC)(CCC)CCCC,74.3399231171591
CC(C)CCC(C)(C)CC(C)(C)CCC(C)C,58.3091759696763
CCCCCCCCCCCCC(=O)OCCCC,77.00808453144806
CCCCCCCCCC(=O)OCCCCCCC,77.52066495427904
CCCCCCCCOC(=O)CCCCCCCC,82.8345753750089
CCCCCCCCCCCCCCC(=O)OCC,88.11574012815494
CCCCCCCCC(=O)OC(C)CCCCCC,71.2405890822541
CCCCCCCCCCCCCC(=O)OC(C)C,79.37352157571299
CCCCCCCCCCCCCCCC(=O)OC,72.52472383297618
CCCCCCCCCCCCCC(=O)OCCC,81.11393261441715
CCCCCCCC(CCCCC)COC(=O)CC,69.5855416215051
CCCCCCCC(CCCCCCC)C(=O)OC,73.76920889330995
COC(=O)CCCCCCCCCCCCC(C)C,74.25199277435219
CCCCCC(CC(C)(C)C)OC(=O)CC(C)(C)C,62.692654630793534
CC(C)COC(=O)CCCCCCCC(=O)OCC(C)C,63.64583968323661
CCCCOCC(C)OCC(C)OCC(C)OCCCC,73.23048588298133
CCCCOCCOCCOCOCCOCCOCCCC,81.11257384919782
CCC1c2ccccc2C(CC)c2ccccc21,52.97673232480266
CCCC(Cc1ccccc1)Cc1ccccc1,74.26297539811215
c1ccc(CCCCCCc2ccccc2)cc1,80.00631091805063
CCCCCC(c1ccccc1)c1ccccc1,76.145201201381
CC(C)(C)CC(c1ccccc1)c1ccccc1,55.8584634873773
c1cc2c(cc1CCC1CCCCC1)CCCC2,46.09904262283438
CCCCCCCCc1ccc2ccccc2c1,91.08763970196047
CCCCCC(CC)c1ccc2ccccc2c1,65.54866972549053
CCCCCCC(C)c1cccc2ccccc12,88.36898662705511
CCCCC(CC)Cc1cccc2ccccc12,87.64613769905571
C1CCC(C2CCCC(C3CCCCC3)C2)CC1,48.727808065827695
C1CCC(C2CCCCC2C2CCCCC2)CC1,44.184173108874894
C1CCC(C2CCC(C3CCCCC3)CC2)CC1,46.695106473416075
CCCCCCCCc1ccc2c(c1)CCCC2,58.737570268668385
CCCCCCCCC1CCCc2ccccc21,65.2775401450014
CCCCc1cc2c(cc1CCCC)CCCC2,54.50568693544379
CC(C)CC1CCC(CC(C)C)c2ccccc21,47.89496798125299
CC1C(C)(C)c2ccc(C(C)(C)C)cc2C1(C)C,38.403923977005384
CCCCCCCCCCCCc1ccccc1,80.07060894563993
CCCCCCc1ccc(CCCCCC)cc1,70.00809766545716
C(CCCC1CCCCC1)CCC1CCCCC1,58.353291762668675
CCCCCCC1CCC(C2CCCCC2)CC1,61.68248522422113
CCCC(CC1CCCCC1)CC1CCCCC1,60.032901035741446
CCC1(CCC2(CC)CCCCC2)CCCCC1,52.61251785389812
CCCCCCCCC1CCCC2CCCCC12,65.23587930956096
CCCCC(CC)CC1CCCC2CCCCC21,63.63623707416739
CCCCC(C)(CC)C1CCCC2CCCCC21,57.89037319350899
CCC(C)C1CCC(C(C)CC)C2CCCCC12,48.4124224030878
CCCCOCCOCCOCCOCCCC,112.81800872193038
CCCCCOC(=O)c1cccc(C(=O)OCCCCC)c1,66.7459365552246
CCCCCOC(=O)c1ccccc1C(=O)OCCCCC,63.18683551188992
CCCCCOC(=O)c1ccc(C(=O)OCCCCC)cc1,60.25288834549135
O=C(CCCCC(=O)OC1CCCCC1)OC1CCCCC1,57.347900988601324
CC(C)CCOC(=O)c1cccc(C(=O)OCCC(C)C)c1,57.33240999513056
CCC1C(CC)C(CC)C(CC)C(CC)C1CC,45.777984450157376
CCC(=CCCCCCCC=C(CC)CC)CC,79.43881289952687
C=CCCCCCCCCCCCCCCC=C,80.58146279460924
C=CCCCCCCCCCCCCCCCC,79.04287996196676
CCCCCCCC=C(C)CCCCCCCC,79.99219658532733
CCCCCCC=C(CCC)CCCCCCC,81.06173467126052
CCCCCCC(C)C=CC(C)CCCCCC,79.79912028336227
CCCCCCCCCCCCCC1CCCC1,74.32416018871425
CCCCCCCCCCCCCCCCCC,76.03124483832657
CCCCCCCCCCCCCCCC(C)C,81.02707020837863
CCCCCCCCC(C)CCCCCCCC,73.37894832244814
CCCCCCCC(CCC)CCCCCCC,72.66094203365024
CCCC(CCC)CCCCC(CCC)CCC,77.7722773441702
CCCCC(CCCC)C(CCCC)CCCC,74.05437985812839
CCC(CC)CCCCCCCCC(CC)CC,74.04313126175212
CCC(C)(C)CCCC(C)CCCC(C)(C)CC,54.95887191079314
CC(CCCCC(C)CC(C)(C)C)CC(C)(C)C,57.74632848904131
CCCCCCCOC(=O)/C=C\C(=O)OCCCCCCC,63.754412018426194
CCCCOC(=O)CCCCCCCCC(=O)OCCCC,65.8489775274689
CCCCCCOC(=O)CCCCC(=O)OCCCCCC,64.04789453719964
CCCCCCC(c1ccccc1)c1ccccc1,76.13468676929143
CCCCOC(=O)c1ccccc1C(=O)OCc1ccccc1,64.79165495810074
CCCCCC=C(CCCCCC)c1ccccc1,75.27023936982857
CCCCCCC(CCCCCC)c1ccccc1,76.85300201169139
CCCCCCCC1CCC(C2CCCCC2)CC1,56.21842446660534
CCCCCCC(C1CCCCC1)C1CCCCC1,55.1743664318606
CCCc1ccc(C(C)CCC)cc1C(C)CCC,63.85400671541704
CCC(CCC(C)C)(CCC(C)C)c1ccccc1,61.47891691436035
CCCCCCCCCCCCOC(=O)c1ccccc1,75.30839624243646
CCCCCCC(CCCCCC)C1CCCCC1,69.4296412097041
CCCCC(CCCC)(CCCC)C1CCCCC1,47.12934054050547
CCCCCCCC1CCCC1CCCCCCC,73.17384899914074
CCCCCCC(CCCCCC)CC1CCCC1,88.13950907870871
CCCCCCCCCCCCCC1CCCCC1,68.73339488807619
C=CCCCCCCCCCCCCCCCCC,75.88974612380525
CCCCC/C=C/C/C=C/CCCCCCCC(=O)OC,83.72789575045478
CC=C(C)CCCCCCCCCCCCCCC,80.04341383375183
CCCCCCCCCCCCCCCCCCC,74.63697710151425
CCCCCCCCCCCCCCC1CCCC1,66.83410033837349
CCCCCCC(CCCCCC)CCCCCC,84.67485166182581
CCCCCCCCCCCCC(C)CCCCC,71.19648329261645
CCCCCCCCCCC(CCCC)CCCC,73.79943026300465
CCCC(CCC)CCCCCC(CCC)CCC,67.75096843285974
CCCCCCC(CCCC)(CCCC)CCCC,58.0901069186586
CC(C)CCCC(C)CCCC(C)CCCC(C)C,67.58253855454824
CC(C)CCCC(C)CCC(CC(C)C)CC(C)C,69.28104566833348
CCCCCCCCCCCCCCC(=O)OCCCC,79.29714218589125
CCCCCCCCCCCCCCCC(=O)OC(C)C,74.86504515461984
CCCCCCCCCCCCCCC=C(CC)CC,80.45511473012168
CCCCC/C=C\C/C=C\CCCCCCCC(=O)OC,80.89276943753684
CCCCCCCCCCCCCCCCCC(=O)OC,76.3620826144755
CCCCCCCC/C=C\CCCCCCCC(=O)OC,78.47980112684182
CCCCCCCCCCc1ccc2ccccc2c1,90.05176620401264
CCCCCCCCCCc1cccc2ccccc12,83.70957511943288
CCCCCCc1cccc2ccc(CCCC)cc12,84.30754607986948
CCCCCCC(CCC)c1ccc2ccccc2c1,81.64387564673932
CCCCCCc1cc2ccccc2cc1CCCC,84.18240988123483
CCCCCCCCc1cc2cc(C)ccc2cc1C,79.07971049816788
CCCCCCCCc1cccc2c(C)ccc(C)c12,81.72357047636338
CCCCCCC(C)(CC)c1cccc2ccccc12,54.80199104919609
CCCCCc1ccc(C2CCC(CCC)CC2)cc1,62.34524454236984
C1CCC(CC(C2CCCCC2)C2CCCCC2)CC1,54.52568423183124
CCCCCCC1CCCc2ccc(CCCC)cc21,61.42084295438646
CCCCCCCCCCc1ccc2c(c1)CCCC2,62.25518777894286
CCCCCCc1cc2c(cc1CCCC)CCCC2,58.49197076882213
CCCCCc1cc2c(cc1CCCCC)CCCC2,49.99104978140077
CCCCCCCCC1CCCc2c(C)ccc(C)c21,54.65964514641152
CCCCC(C)c1cc2c(cc1C(C)C)C(C)(C)CC2,46.406192978198256
CCCCCCCCCCCCCCc1ccccc1,76.69408307503122
CCCCCCCc1ccccc1CCCCCCC,69.86520287178458
CCCCCCCc1ccc(CCCCCCC)cc1,63.02365923597891
CCCCCCCC(CCCCCC)c1ccccc1,72.38988428924851
CCCCCCCCCCC(CCC)c1ccccc1,71.95712643273642
CCCCCCCCCCC(C)c1ccc(CC)cc1,59.52033144809479
CCCCCCCCC1CCC(C2CCCCC2)CC1,58.31762650847454
C(CCCCC1CCCCC1)CCCC1CCCCC1,63.063355022648445
CCCCCCCC(C)(Cc1ccccc1)CC(C)C,61.8413882820108
CCCCc1ccc(C(C)CCC)cc1C(C)CCC,62.27596417778865
CCCCCCCCC1CC2CC(C)CCC2CC1C,60.57029661643673
CCCCCCCCCCC1CCC2CCCCC2C1,59.278143970242425
CCCCCCCCC1CCCC2C(C)CCC(C)C12,61.23203636947972
CCCCCCC1CC2CCCCC2CC1CCCC,60.18684630858404
CCC(C)(C1CCCCC1)C(C)(CC)C1CCCCC1,37.90517571055274
CCCCCCOC(=O)c1cccc(C(=O)OCCCCCC)c1,63.94580582198904
CCCCCCOC(=O)c1ccc(C(=O)OCCCCCC)cc1,56.85371741458365
CCCCOC(=O)c1ccccc1C(=O)OCC(CC)CCCC,48.920327463526974
CCC(CC)COC(=O)c1ccccc1C(=O)OCC(CC)CC,48.23228570252759
CC(C)CCCC1CCC(C(C)CCCC(C)C)CC1,52.2501404967873
CCCCCCCCCCCCCCC1CCCCC1,67.2900328067647
C=CCCCCCCCCCCCCCCCCCC,74.83249974937632
CCCCC/C=C\C/C=C\CCCCCCCC(=O)OCC,84.40893253390875
CC=C(CC)CCCCCCCCCCCCCCC,77.20635602779176
C=C(C)CCCCCCCCCCCCCCCCC,75.05891797578005
CCCCOCCOC(=O)c1ccccc1C(=O)OCCOCCCC,71.2126929707816
CCCCCCCCCCCCCCCCCCCC,74.04939115243582
CCCCCCCCCCCCCCCC1CCCC1,70.35522778152588
CCCCCCCC/C=C\CCCCCCCC(=O)OCC,82.68680035133445
CCCCCCCCCCCC(CCCC)CCCC,70.48000735605252
CCCCCCCCCCCCCC(CCC)CCC,74.62973737638536
CCCCCCCCCCCCCCCC(CC)CC,75.27482204028905
CCCCC(CCCC)CCC(CCCC)CCCC,71.20533042836863
CCCCCCC(CCC)C(CCC)CCCCCC,71.91328795416841
CCCCCCCCC(CC)(CCCC)CCCCC,54.84379209205668
CC(C)CCCC(C)CCCCC(C)CCCC(C)C,67.60832358031469
CCCCCCC(C)C(C)C(C)C(C)CCCCCC,67.42064900776646
CC(C)(C)CCCCCCCCCCCCC(C)(C)C,55.72339020785052
CC(C)CCCC(C)CCC(C)C(C)CCCC(C)C,68.24726728932642
CC(CCC(C)CC(C)(C)C)CCC(C)CC(C)(C)C,49.49118892414412
CCCCCCCCCCOC(=O)CCCCCCCCC,70.27604099376116
CCCCCCCCCCCCCCCC(=O)OC(C)CC,62.88027771944533
CCCCCCCCCCCCCCCCOC(=O)CCC,73.83091036574945
CCCCCCCCCCCC(=O)OCC(CC)CCCC,69.56817690498222
CCCCCCCCCCCCC(C)C(C)C(C)C(=O)OC,66.13513848277304
CCCCCCCCCCCCCCCCCCCOC,73.78187660881281
CCCCCCCOC(=O)CCCCC(=O)OCCCCCCC,59.52100773295095
CCCCCOC(=O)CCCCCCCCC(=O)OCCCCC,67.29803855772579
CCCCCCC(Cc1ccccc1)Cc1ccccc1,53.34762355087807
CCCCCCCCC(c1ccccc1)c1ccccc1,50.56292004203689
CC(C)c1ccc(CC(C)c2ccc(C(C)C)cc2)cc1,56.98234708864098
CCCCCCCCCCCCCCCc1ccccc1,72.7092816431076
CCCCCCCCCC1CCC(C2CCCCC2)CC1,53.963285133212224
CCCCCCC(C)C(C1CCCCC1)C1CCCCC1,50.48901105026471
CCCCCCCCCCCC1CCCC2CCCCC12,59.2977483104317
CCC=CCC=CCC=CCC=CCC=CCCCC(=O)OC,93.40499494397297
CCCCCC=CCC=CCC=CCC=CCCCC(=O)OC,89.25982013308911
CCCCCCCCCCCCC1CCCC1CCCC,71.70029739843264
CCCCCCCCC1CCCC1CCCCCCCC,71.16796117064276
CCCCCCCCCCCCCCCC1CCCCC1,71.30401382769665
CC(C)CCC(CCC(C)C)(CC(C)C)C1CCCCC1,47.24735284629954
CCCCCCCC=C(CCCCCC)CCCCCC,79.86397262395518
CCCCCCCC/C=C\CCCCCCCC(=O)OCCC,81.07810166455805
CCCCCCCCCCCCCCCCCCCCC,72.11197430502475
CCCCCCCCCCCCCCCCC1CCCC1,66.62678549020815
CCCCCCCC(CCCCCC)CCCCCCC,73.99227894046729
CCCCCCCCCCC(C)CCCCCCCCC,69.79398422332049
CCCCCCCCCCCCCCCCC(C)C(C)C,67.63137694800716
CCCCCCCCCCCCC(C)CC(C)CC(C)C,66.75631684122212
CCCCCCCCCCCCC(CC(C)C)CC(C)C,70.52203152845433
CCCCCCCCCCCCCC(=O)OCCCCCCC,68.85828777943688
CCCCCCCCCCCCCCCCCCCOC(C)=O,73.32816236009518
CCCCCCCCCCCCCCCCCC(=O)OC(C)C,73.69912766307318
CCCCCCCCC(CC)(CC)C(=O)OC(CC)(CC)CC,48.45404384774803
c1ccc(CCCCCCCCCCc2ccccc2)cc1,73.61767927498569
CCCCCCCCCCCCc1cccc2ccccc12,83.35622560102047
CCCCCCCCCCCCc1ccc2ccccc2c1,88.50741009272672
CCCCCCc1ccc2cc(CCCCCC)ccc2c1,80.4235957251084
CCCCCCC(CCCCC)c1ccc2ccccc2c1,76.50082708727277
CCCCCCCCC(CCC)c1ccc2ccccc2c1,77.66206269687216
CCCCCCc1cc2ccccc2cc1CCCCCC,76.87718838697944
CCCCCCCCCCCCC1CCCc2ccccc21,45.37724875558443
CCCCCCc1cc2c(cc1CCCCCC)CCCC2,57.89514441774136
CCCCCCCCc1cc2c(cc1CCCC)CCCC2,46.629500835842485
C1CCC(CCC(CCC2CCCC2)CCC2CCCC2)C1,55.409407151920846
CC(C)CCCc1cc2c(cc1CCCC(C)C)CCCC2,38.47791618274775
CCCCCCC(=CCCc1ccccc1)CCCCCC,72.33083126266027
CCCCCCCCCCCCCCCCc1ccccc1,75.30855502381392
CCCCCCCCc1ccc(CCCCCCCC)cc1,63.5554802736581
C(CCCCCC1CCCCC1)CCCCC1CCCCC1,52.46724985171653
CCCCCCCCCC(CCCCCC)c1ccccc1,69.73755170097084
CCCCCCCCCCCC(CCCC)c1ccccc1,76.62915851011533
CCCCCCCCCC(C1CCCCC1)C1CCCCC1,61.09635627026162
CCCCCCCCCCCCc1cc(C(C)C)ccc1C,56.76570701243837
CCCCCCC(CCC)C1CCC(C2CCCCC2)CC1,50.81048174659759
CCCCCCCCCCc1c(C)cc(C(C)(C)C)cc1C,40.61942654117992
CCCCCCCC(CC(C)C)(CC(C)C)c1ccccc1,56.38676067688283
CCCCCCCCC(CCC)C1CCC2CCCCC2C1,56.20256803145253
CC(C)(C)C(C1CCCCC1)C(C1CCCCC1)C(C)(C)C,37.58012210895206
CCCCCC=CCC=CCC=CCC=CCCCC(=O)OCC,96.36162259409592
CCCCCCCOC(=O)c1ccc(C(=O)OCCCCCCC)cc1,63.110423732311844
C(CCCOCCC1CCCCC1)CCOCCC1CCCCC1,59.48024754756548
CCCCCCC(CCCCCC)CCCC1CCCCC1,52.30297490635802
CCCCCCCCCCCCC1CC(C(C)C)CCC1C,59.825453665253804
CCCCCCCCCCCCCCCCC1CCCCC1,72.39876903080254
CC(C)CCC(CCC(C)C)CC1CC(C(C)C)CCC1C,53.3012346252915
CCCCC(=CCCC=C(CCCC)CCCC)CCCC,73.27992933714046
CCCCC(=CCCCCCCC=C(CC)CCCC)CC,82.6720828754245
C=C(C)CCCCCCCCCCCCCCCCC(=C)C,78.38017094452132
CCCCCCC=C(CCCCCCC)CCCCCCC,70.84326879246473
CC(C)(C)CCC=C(CCCC(C)(C)C)CCCC(C)(C)C,37.22496323238191
CCCCCCCCCCCCCCCCCCCCCC,71.23597507272802
CCCCCCCCCCCCCCCC(CCC)CCC,69.48913906332969
CCCCCCCC(CCCCCCC)CCCCCCC,71.0654563445783
CCCCC(CCCC)CCCCC(CCCC)CCCC,70.72727232867777
CCCCCC(CCCCC)C(CCCCC)CCCCC,66.43087168334705
CCCCC(CC)CCCCCCCCC(CC)CCCC,68.47639101682643
CCCCCCC(C)CCCCCCC(C)CCCCCC,68.9537381674129
CCCCCCCCCCCCCC(C)CC(C)CC(C)C,64.68159927208428
CCCCC(CC)COC(C)CCC(C)OCCC1CCCCC1,50.64196169898466
CCCCC(CC)COC1CCC(OCC(CC)CCCC)CC1,61.05630243759958
CC(C)CCC(CCC(C)C)C(CCC(C)C)CCC(C)C,59.15192604679344
CC(C)CC(CCCCC(CC(C)C)CC(C)C)CC(C)C,59.687914606728384
CC(C)(C)CCCC(CCCC(C)(C)C)CCCC(C)(C)C,41.30226700573633
CCC(C)(C)CCC(C)(C)CCC(C)(C)CCC(C)(C)CC,34.64536778849641
CCCCCCCCCCCCCCCCCC(=O)OCCCC,73.80519817163923
CCCCCCCCCCCCCC(=O)OC(C)CCCCCC,61.212171612354425
CCCCCCCCCCCCCCCCCC(=O)OCC(C)C,58.03602991982631
CCCCCCCCCCCCCCCCCC(=O)OC(C)(C)C,49.806519546333924
CCCCCCC(C)CCCC(C)CCCC(C)CCC(=O)OC,63.8534543903151
CCCCCCCCCOC(=O)CCC(=O)OCCCCCCCCC,55.176322071760936
CCCCCCOC(=O)CCCCCCCCC(=O)OCCCCCC,60.00528851317628
CCCCCCCCOC(=O)CCCCC(=O)OCCCCCCCC,62.08533341688805
CCCCC(CC)COC(=O)CCCCC(=O)OCC(CC)CCCC,77.54285399517987
CCCCCCC(C)OCCCCCCOC(C)CCCCCC,57.572425958115545
CCCCCCC(CC)OCCCCCCOC(CC)CCCCCC,57.172853571452414
CCC=CCC=CCC=CCC=CCC=CCC=CCCC(=O)OC,91.83869550753636
CCCCCCCCCCCCCCCCOc1ccccc1OC,65.23528516354968
CCCCCCCCCCCCCCCCCCC1CCCC1,64.03189699953936
CCCCCCCCC(CCCCCCCC)C1CCCCC1,67.62863228885345
CCCCCC=CCC=CCCCCCCCCCCCC(=O)OC,77.71685330952917
CCCCCCCCCCCCCCCCCCCCCCC,67.5914663455534
CCCCCCCCC(CCCCCC)CCCCCCCC,70.31903008759446
CCCCC(CCCC)CCCCCC(CCCC)CCCC,63.64784374179068
CCCCCCCCCCCCCCC(C)CC(C)CC(C)C,63.83560139323004
CCCCCCCCCCCC(=O)OC(C)CCCCCCCCC,56.90073372213841
CCCCCCCCCCCCCCCCCCCCCC(=O)OC,67.94718771949728
CCCCCCCCCCCCCCCC(=O)OCCCCCCC,64.328058772504
CCCCCCCCCCCCCCCCCCOC(=O)CCCC,70.06243950254189
CCCCC(CC)COC(=O)CCCCCC(=O)OCC(CC)CCCC,72.74029812542241
CCCC(CCC)CCCCCCCCCC=Cc1ccccc1,66.95336349441521
CCCCCCCCCCCCCCCCc1ccc(C)c(C)c1,69.59146726216882
CCCCCCCCCCCCCCCCCCC1CCCCC1,62.76352789833789
CCCCCCCCCOCCCCOCCCCCCCCC,67.48884581065815
CCCCCCCCOCCCCCCOCCCCCCCC,67.97189739891537
CCCCC(C)OCCCCCCCCCCOC(C)CCCC,57.351208487496265
CCCCC(CC)COCCCCCCOCC(CC)CCCC,56.73780562315038
CCCCC(CC)COC(C)CCC(C)OCC(CC)CCCC,56.33807978060045
CCCCCCCCCCCCCCCCCCCCCCCC,68.8936055669731
CCCCCCCCCCCCCCCC(CCCC)CCCC,65.06567076681364
CCCCCCCCCCCC(CCCCCC)CCCCCC,64.30218301046928
CCCCCCCCCCCCCCCCCCCCC(C)(C)C,55.612086628055465
CCCCCCCCC(CCC)C(CCC)CCCCCCCC,63.789820247854635
CCCCCCCCCCCCCCCC(C)CC(C)CC(C)C,62.57719476306696
CCCCCCCCCCCCCCCC(CC(C)C)CC(C)C,62.15115364337116
CCCCCCC(CCCC)CC(C)(CCCC)CCCCCC,54.174171694513376
CCCCCC(CCC(C)C)CCC(CCC(C)C)CCC(C)C,55.37639914853745
CCCCC(CC)CC(C(C)C)C(CC(CC)CCCC)C(C)C,56.37172250974798
CC(C)CCC(CCC(C)C)CCC(CCC(C)C)CCC(C)C,59.23976052955686
C(Cc1ccccc1)=C(CCc1ccccc1)CCc1ccccc1,68.9468870372523
c1ccc(CCCC(CCCc2ccccc2)c2ccccc2)cc1,56.67015480841301
c1ccc(CCC(CCc2ccccc2)CCc2ccccc2)cc1,64.29173064513787
c1ccc(CCC(CCCC2CCCC2)CCc2ccccc2)cc1,65.44414410331632
CCCCCCCCCCCC=C(c1ccccc1)c1ccccc1,49.38424757400455
CCCCCCC(CCCc1ccccc1)CCCc1ccccc1,64.46690939099958
c1ccc(CCC(CCCC2CCCC2)CCC2CCCCC2)cc1,55.72749016866183
c1ccc(CCC(CCCC2CCCC2)CCCC2CCCC2)cc1,59.79515645422743
CCCCCCCCCCCCCCCc1cccc2ccccc12,82.20128801157372
C(CC1CCCCC1)=C(CCC1CCCCC1)CCC1CCCCC1,42.164433950164096
C(CCC1CCCC1)=C(CCCC1CCCC1)CCCC1CCCC1,51.259126794321375
CCCCCCCCCCCCCCCc1cccc2c1CCCC2,50.39780866755942
C1CCC(CCC(CCCC2CCCC2)CCC2CCCCC2)CC1,44.35868323809418
CCCCCCCCCCCCCCCCC1CCc2ccccc21,57.43427023831631
C1CCC(CCC(CCCC2CCCC2)CCCC2CCCC2)CC1,50.14027993816314
C1CCC(CCCC(CCCC2CCCC2)CCCC2CCCC2)C1,54.370757670644046
CCCCCCCCCCCCCCC=Cc1c(C)cc(C)cc1C,66.28900657984407
CCCCCCCCCCCCCCCCCCCc1ccccc1,66.42390481416513
CCCCCCCCCCCCCCCCCCc1ccc(C)cc1,65.68926428358253
CCCCCCCCCC(CCCCCCCC)c1ccc(C)cc1,64.74665343117846
CCCCCCCCC(CCCCCCCC)CCc1ccccc1,61.80914862312525
CCCCCCCCC(CCC1CCCCC1)CCC1CCCCC1,49.817906858416755
CCCCCCCCCCCCCCCCc1cc(C)cc(C)c1C,60.92474926786322
CCCC(CCC)CCCCCCCCC(CCC)c1ccccc1,64.19776708351296
CCCCCCCCCCCCCCCC1CCCC2CCCCC12,57.168959420818815
CCCCCCCCC(CCCC1CCCC1)CCCC1CCCC1,59.066862343941175
CCCCCCCCCCCCC(C1CCCCC1)C1CCCCC1,48.583943008579176
CCCCCCCCCCCCCCCCC1CCC2CCCCC12,54.70332603852932
CCCCCCCCCCCCCCCCCCCC1CCCCC1,53.22037134107765
CCCCCCCCC(CCCCCCCC)CCC1CCCCC1,62.69689087568831
CCCCCCCCCCCCCCCCC1CC(C)C(C)CC1C,63.2719565663202
CCCC(CCC)CCCCCCCCC(CCC)C1CCCCC1,50.61990655721048
CCCCCCCCC(CCCCCCCC)CCCC1CCCC1,65.06779758159553
CCCCCCCC=C(CCCCCCCC)CCCCCCCC,67.46065993886492
CCCCCCCCC(CCCCCCCC)CCCCCCCC,65.67248464502998
CCCCCCCCCCC(CCCCC)CCCCCCCCC,57.486890666613206
CCCCCCC(CCCCCC)(CCCCCC)CCCCCC,48.71368419295884
CCCCC(=O)OCC(COC(=O)CCCC)(COC(=O)CCCC)COC(=O)CCCC,75.5049401616825
CCCCCCCCCCCCC=C(c1ccccc1)c1ccccc1,62.80833046527456
CCCCCCCCCCCCCC(c1ccccc1)c1ccccc1,68.90112788266829
CCCCCCCCCCCCCCCCCCCCc1ccccc1,70.66252252864858
CCCCCCCCCCCCCCCC(CCCC)c1ccccc1,64.6517155403445
CCCCCCCCCCCCCCCCC(CCC)c1ccccc1,65.93650261636242
CCCCCCCCCCCCCCCCCC(CC)c1ccccc1,65.92695408883363
CCCCCCCCCCCCCCCCCCC(C)c1ccccc1,63.363719965739776
CCCCCCCCCCc1ccc(CCCCCCCCCC)cc1,68.28986887501095
CCCCCCCCCCc1cccc(CCCCCCCCCC)c1,73.50783323339276
CCCCCCCCCCCC(CCCCCCC)c1ccc(C)cc1,65.00106817413439
CCCCCCCCCCCCCCCCCCc1cc(C)ccc1C,62.94562667924163
CCCCCCCCCCCCCC(C1CCCCC1)C1CCCCC1,51.065791226203935
CCCCCCCC1CCC(C2CCC(CCCCCCC)CC2)CC1,48.12049465138603
CCCCCCCCCCCC(C1CCC(C)CC1)C1CCC(C)CC1,47.91376353570144
CCCCCCCCCCCCCCCCC1CCCC1C1CCCC1,57.18679298725402
CCCCCCCCCCCCCCCCC1CCCC2(CCCC2)C1,53.277926662820505
CCCCC(CC)CC1CCC(CC(CC)CCCC)C2CCCCC12,50.651742105027274
CCCCCCCCCOC(=O)c1ccccc1C(=O)OCCCCCCCCC,48.227989266578305
CC(=O)O.CCCCCCC(O)CCCCCCCCCCC(=O)Oc1ccccc1,69.42401693848917
CC(C)CCCCCCOC(=O)c1ccccc1C(=O)OCCCCCCC(C)C,57.04881344524258
CCCCCCCCCCC1CCCC(CCCCCCCCCC)C1,64.69813642978473
CCCCCCCCCCC1CCC(CCCCCCCCCC)CC1,56.6720502342505
CCCCCCCCCCCCC1CCC(CCCCCCCC)CC1,58.89846223202532
CCCCCCCCCCCCCCCCCCCCC1CCCCC1,59.591468442607564
CCCCCCCCCCCCCCCCCCC1CC(C)CCC1C,62.706681429519605
CCCCCCCCCCCC(CCCCCCC)C1CCC(C)CC1,60.111685446909576
CCCCCCCCCCCCCC(CCCCCC)C1CCCCC1,65.70076841810416
CCCCCCCCCCCCCCCC(CCCC)C1CCCCC1,60.569219645402676
CCCCCCCCCCCCCCCCCC(CC)C1CCCCC1,60.37349928153048
CCCCCCCCCCCC(CCCCCCCC)C1CCCCC1,59.276005577429544
CCCCCCCCCCCCCCCCC(CCC)C1CCCCC1,59.094259976287354
CCCCCCCCCCCCCCCCCCC(C)C1CCCCC1,62.30539185512088
CCCCCCCCCCCCCCCCCCCCCC1CCCC1,63.19630243633559
CCCCCCCCCCC(CCCCCCCCCC)C1CCCC1,62.73862573477021
CCCCC(=CCCCCCCC=C(CCCC)CCCC)CCCC,61.70345976811335
CCCCCCCCCCCCCCCC(C1CCCC1)C1CCCC1,71.53900231898596
CCCCCCCCCCCC(CCCC)CCCCCCCCCC,67.5809164206425
CCCCCCCCCCCCCC(CCCC)CCCCCCCC,64.69151680586629
CCCCCCCCCCC(CCCCC)CCCCCCCCCC,66.76165149274641
CCCCCCCCCCCCCC(CCCCCC)CCCCCC,60.52795354400278
CCCCCCCCCCCCCCCCCC(CCCC)CCCC,64.1660408878487
CCCCCCCCCCCCCCCC(CCCC)CCCCCC,62.08725049378627
CCCCCCCCCCCCCCCCCCCCCC(CC)CC,60.5783189368182
CCCCC(CCCC)CCCCCCCCC(CCCC)CCCC,65.44448723512029
CCCCCC(CCCCC)CCCCC(CCCCC)CCCCC,64.01687820315786
CCCCCCCCCCC(CCCCCCCCCC)C(CC)CC,61.652466817046594
CCCCCCCCCC(CCC)C(CCC)CCCCCCCCC,55.82673875085076
CCCCCCCCCCCCC(C)(CC)CCCCCCCCCC,45.87008334619857
CCCCCCCCCCC(CCCCCCCCCC)CC(C)(C)C,59.016917945396294
CCCCCCCCCCCCCC(CC(CC)CC)CC(CC)CC,60.386160816176165
C1CCC(CCCC(CCCC2CCCCC2)CCC2CCCCC2)CC1,39.935452074043134
CCCCCCCCCCCCC1C(C2CCCC2)CCC1C1CCCC1,50.078649042940874
CCCCCCCCCC=C(CCCCCCCCCC)c1ccccc1,83.09791959095305
CCCCCCCCCCCCCCCCCCCCCc1ccccc1,66.21099251817562
CCCCCCCCCCC(CCCCCCCCCC)c1ccccc1,61.277880908605795
CCCCCCCCCCCCCCCCCCc1c(C)cc(C)cc1C,54.85344683523781
CCCCCCCCCCC(CCC1CCCCC1)CCC1CCCCC1,43.670739469950576
CCCCCCCCCCCCCCCCCCC1C(C)CC(C)CC1C,53.19915916631336
CCCCCCCCCCC(CCCCCCCCCC)CC1CCCC1,60.48009774043956
CCCCCCCCCCC(CCCCCCCC)CCCCCCCC,65.45592205367903
CCCCCC(CCCCC)CCCCCC(CCCCC)CCCCC,57.80725321391482
C(CCc1ccccc1)=C(CCCc1ccccc1)CCCc1ccccc1,64.43025850706123
c1ccc(CCCC(CCCc2ccccc2)CCCc2ccccc2)cc1,67.48911041484914
CCCCCCCCCCCCCCC=C(c1ccccc1)c1ccccc1,60.999650058061754
CCCCCCCCCCCCCCCC(c1ccccc1)c1ccccc1,64.9161887648555
CCCCCCCCCCCCCCCCCCC1CCc2ccccc2C1,51.13633334678467
CCCCCCCCCCCCCCCCCCc1ccc2c(c1)CCCC2,47.936727688393184
CCCCCCCCCCCCCCCCCCCCCCc1ccccc1,67.16780358926813
CCCCCCCCCCC(CCCCCCCCCC)Cc1ccccc1,66.53639120635334
CCCCCCCCCCCCCCCCCC(CCCC)c1ccccc1,56.3830599524676
CCCCCCCCC1CCC(C2CCC(CCCCCCCC)CC2)CC1,47.63537409810057
CCCCCCCCCCCCCC(CC1CCCCC1)CC1CCCCC1,51.845603273608965
CCCCCCCCCCCCCCCC(C1CCCCC1)C1CCCCC1,49.34310161455862
CCCCCCCCCCCCCCCCCCC1CCCC1C1CCCC1,57.707226684512094
CC(C)CCCCCCCOC(=O)c1ccccc1C(=O)OCCCCCCCC(C)C,57.56690130443404
CCCCCCCCCCCCCCCCCCCCCCC1CCCCC1,56.36829682478128
CCCCCCCCCCC(CCCCCCCCCC)CC1CCCCC1,58.6960103499438
CCCCCCC=CCC(CCCCCCCCC)CCCCCCCCC,61.653408749294464
CC(CC=C(CCC(C)CC(C)(C)C)CCC(C)CC(C)(C)C)CC(C)(C)C,33.3761036113725
CCCCCCCCCCCCCCCCCCCCCCCCCCCC,62.617628813621764
CCCCCCCCCC(CCCCCCCCC)CCCCCCCCC,64.04437776290126
CCCCCCCCCCCC(CCCCCCCC)CCCCCCCC,64.21705499448962
CCCCCCCCCCCCCCCC(CCCCCC)CCCCCC,62.53779282974025
CCCCCCCCCCC(CCCCCCCC)CCCCCCCCC,52.970564586815385
CCCCCCCCCCC(CCC)C(CCC)CCCCCCCCCC,59.74163565072474
CC(CCC(CCC(C)CC(C)(C)C)CCC(C)CC(C)(C)C)CC(C)(C)C,33.1854885744126
CCCCCCCCCCCCCCCCCC(=O)OCCCCCCCCCC,60.58083290074378
CCCCCCCCCCCCOC(=O)CCC(=O)OCCCCCCCCCCCC,47.20296906524544
CCCCCCCCC(CCCCCC)(CCCCCCC)CCCCCCC,38.15491663526612
CCCCCCCCCC=C(CCCCCCCCCC)c1cc(C)ccc1C,53.77325948566444
CCCCCCCCCCC(CCCCCCCCCC)c1cc(C)ccc1C,50.15693222510725
CCCCCCCCCCC(CCCCCCCCCC)C1CC(C)CCC1C,51.86555987251405
CCCCCCCCCCC(CCCCCCCCCC)CC1CC(C)CC1C,52.24391819847684
CCCCCCCCCCC(CCCCCCCCC)CCCCCCCCC,51.801568807051375
CCCCCCCCCCCCOC(=O)CCCC(=O)OCCCCCCCCCCCC,44.85320505741089
CCCCCC(=O)OCC(COC(=O)CCCCC)(COC(=O)CCCCC)COC(=O)CCCCC,63.33554119162784
CCCCC(=CCCCCCCC=C(CCCC)c1ccccc1)c1ccccc1,58.47815381549434
CCCCCCCCCCCCCCCCC=C(c1ccccc1)c1ccccc1,59.17040568209896
CCCCCCCCCCCCCCC=C(Cc1ccccc1)Cc1ccccc1,59.494901475849325
CCCCCCCCCCCCCCCC(Cc1ccccc1)Cc1ccccc1,67.83092904040741
CCCCC(CCCCCCCCC(CCCC)c1ccccc1)c1ccccc1,58.4552511681005
CCCCCCCCCCCCCCC=C(CCCC)c1cccc2ccccc12,54.23280419306338
CCCCCCCCCCCCCCCCCCCCCCCCc1ccccc1,66.50628806329159
CCCCCCCCCCCCCCCC(CC1CCCCC1)CC1CCCCC1,40.10230219081584
CCCCCCCCCCCCCC(CCCCCCCC)CCCCCCCC,63.88195274082924
CC(C)CCCC(C)CCCC(C)CCCCC(C)CCCC(C)CCCC(C)C,52.334235202615076
CCCCCCCCCCCCCCCC(=O)OCCCCCCCCCCCCCC,49.7347042176194
CCCCCCCCCCCCCCCCCCCCCCCCCCCC(=O)OCC,52.303607051161684
CCCCCCCCCCCCCC(O)=C(CCCCCCCCCCCC)C(=O)OCC,43.490897729343715
CCCCCCCCCCOC(=O)CCCCCCCCC(=O)OCCCCCCCCCC,45.91014965884354
CCCCCCCCCCCCOC(=O)CCCCC(=O)OCCCCCCCCCCCC,41.60995952950419
CCCCCCCCCC=C(CCCCCCCCCC)c1cccc2ccccc12,65.85784725034672
CCCCCCCCCCC(CCCCCCCCCC)c1cccc2c1CCCC2,43.79858473865822
CCCCCCCCCCCCCCCCCCCCCCCCCc1ccccc1,64.44600796321
CCCCCCCCCCCCC(CCCCCCCCCCCC)c1ccccc1,60.8546444212473
CCCCCCCCCCC(CCCCCCCCCC)C1CCCC2CCCCC21,48.48911110577335
CCCCCCCCCCCCC(CCCCCCCCCCCC)C1CCCCC1,57.60275322253119
CCCCCCCCCC=C(CCCCCCCCCC)CCCCCCCCCC,61.61290375480247
CCCCCCCCCCC(CCCCCCCCCC)CCCCCCCCCC,63.13112321447627
CCCCC(CC)COC(=O)CCC(CC(=O)OCC(CC)CCCC)C(=O)OCC(CC)CCCC,51.42216655791297
CCCCCCCCCCCCCCCCC=C(CCCC)c1ccc2ccccc2c1,50.74928229259514
CC(C)CC(C)(c1ccc(C(C)(C)C)cc1)C(C)(CC(C)C)c1ccc(C(C)(C)C)cc1,21.552406318735837
CCCCCCCCCCCC(CCCCCCCCCC)c1cccc2ccccc12,71.57238802134862
CCCCCCCCCCCCCCCCCCCCCCc1ccc2c(c1)CCCC2,47.94615295540874
CCCCCCCCCCCCCCCCC=C(CCCC)c1ccc2c(c1)CCCC2,44.28294351411778
CCCCCCCCCCCCCCCCCCCCCC(CCCC)c1ccccc1,51.193494991312555
CCCCCCCCCCCCCCCCCCCCCCC1CCC2CCCCC2C1,42.85186405504212
CCCCCCCCCCCCCCCCC(CCCC)CC1CCC2CCCCC2C1,41.08049494339431
CCCCCCCCCCCCCCCC(CCCCCCCC)CCCCCCCC,60.46631107757758
CCCCCCCCCCCC(CCCCCCCCCC)CCCCCCCCCC,61.25621116536577
CCCCCCCCCCCCCCCCCC(CCCC)C1CCC2(CCCCC2)CC1,33.71463694424098
CCCCCCC(=O)OCC(COC(=O)CCCCCC)(COC(=O)CCCCCC)COC(=O)CCCCCC,69.15844843740733
CCCCCCCCCCCCCCCCCC(CCCCCCCC)CCCCCCCC,57.36721576393969
CCCCCCCCCCCCCC(CCCCCCCCCC)CCCCCCCCCC,59.9392440659016
CCCCCCCCCCCCCCC(CCCCCCCCCCCCCC)c1ccccc1,58.332992071358035
CCCCCCCCCCCCCCC(CCCCCCCCCCCCCC)C1CCCCC1,54.0539649825983
CCCCCCCCCCCCCCCC(CCCC)CCCCCCCCCCCCCCC,56.55187702106388
CCCCCCCCCCC(CCCCCCC)(CCCCCCCC)CCCCCCCCC,46.2335725000234
CCCCCCCCCCCCCCCCCCCCC=C(CCCC)c1ccc2ccccc2c1,68.97234390444514
CCCCCCCCCCCCC(CCCCCCCCCCC)CCCCCCCCCCCC,57.16543128369507
CCCCCCCC(=O)OCC(COC(=O)CCCCCCC)(COC(=O)CCCCCCC)COC(=O)CCCCCCC,57.508855172524974
CCCCCCCCCCCCCC(CCCCCCCCCCCC)CCCCCCCCCCCC,55.89064293774121
CCCCCCCCCCCCCCCCC(CCCCCCCCCCCCCCCC)C1CCCCC1,55.42745053679207
OCCOCCO,85.70621129398654
OCCOCCOCCO,79.15723365573822
OCCOCCOCCOCCO,72.78536216428107
OCCOCCOCCOCCOCCO,69.06864825349325
OCCOCCOCCOCCOCCOCCO,71.55109302271649
COCCOC,127.28120417164682
COCCOCCOC,117.57032079501154
COCCOCCOCCOC,105.62291914935088
COCCOCCOCCOCCOC,99.00141865898156
COCCOCCOCCOCCOCCOC,118.54406084395481
OCCO,109.1265984598384
COCCO,118.75874221976655
CCOCCO,110.8472296571162
CCCCOCCO,98.88448019768397
COCCOCCO,99.69066733962279
CCOCCOCCO,105.93570372981893
CCCCOCCOCCO,93.89375302326697
COCC(C)OC,118.3898299312665
CC(O)COC(C)COC(C)CO,68.7748747845713
COCC(C)O,108.46889197843362
CCOCCOCC,125.57018136378048
CCOCCOCCOCC,121.48937090899288
C1COCCO1,115.04755702687152
C1COCO1,124.76421193216218
CC1CCCO1,112.21514664013631
C1CCOCC1,105.11279436703786
C=COCCCC,124.0954501951614
COC(C)COC(C)CO,89.77211948301783
COCCCCOC,115.58222321023555
CCOCOC,124.93466206788591
COC(C)OC,122.73559376022531
C1COCCOCCOCCO1,80.1850741025328
C1COCCOCCOCCOCCO1,69.11472631083144
C=COCC,136.76205319838368
C=CCOCC=C,130.26376013704814
CC(O)COC(C)CO,70.16277965317613
CC(O)CO,92.21120530974521
OCC(O)CO,59.571132318766836
OCCCO,81.38539321309327
OCCCCO,68.16161938326918
CCOCC,127.85484208799681
CCCCOCCCC,104.87947674036101
COC(C)(C)C,112.87608915678982
CC(C)OC(C)C,104.61821967556237
C1COC1,124.9128008407873
C1COCOC1,117.472176715622
OCCOc1ccccc1,77.92016647152649
CCCCOCCOC(C)=O,105.96826838333484
CCCOCCC,120.64542961167922
CC1COC(=O)O1,114.11134499100903
