SMILES,FOM1_exp_avg
CCOCOCOCOCC,110.57372324257808
C(C)(=O)OCCOCCOC(C)=O,90.77958864300356
COCCOCCOCCOC,96.62323826236803
CCOCOCOCOCOCC,80.5581223168602
C1(CCCCC1)C(=O)OCC,80.29648192322608
CCCC(=O)c1ccccc1,92.03777015375472
CCCCc1ccccc1,87.2073933229983
C1CC[C@@H]2CCCC[C@@H]2C1,69.15563879877317
C1CCC(C1)C2CCCC2,73.94906105865803
CCCCCC1CCCC1,85.05402690536201
CCCCC1CCCCC1,82.2490837529748
CCCCCCCCC=C,94.16285177007178
CCCCCCC=CCC,95.41010911756617
CCCC(CCC)CCC,96.4898322019377
CCCCCCC(CCC)O,59.7192511977002
C(=C)OCCOCCOCCOC=C,98.57766948410745
C(CC)OCCOCCOCCC,91.57648191016632
CCOCCOCCOCCOCC,99.4040552022474
CCCCCCCCCC,95.23214371757068
COCCOCCOCCOCCOC,87.94384709474915
C(COCCOCCOCCOCCO)O,55.51014450978933
C1CCC(C1)c2ccccc2,82.40954916532309
CCCCCc1ccccc1,88.65165667851929
[CH2]1CC[C]2(CC1)CC[CH2]CC2,63.77821748752485
CC(C)CCC1CCCCC1,70.56569449840234
CC(CC)(C)C1CCCCC1,59.48792027139359
CCCCCC1CCCCC1,75.11732954336688
CCCCCCC1CCCC1,81.06916846767834
CCCCCCCCCC=C,90.19003591649737
CCCCCC=CCCCC,91.24945232901752
CCCCCCCCCCC,86.10833408786603
CCCCCCCCCC(C)=O,92.05653167461622
C(CCCC)OCCOCCOCCO,70.81262320824236
COC(C)COC(C)COC(C)COC,84.66595990021744
O(c1ccccc1)c2ccccc2,72.52991223637723
CCc1cccc2ccccc12,89.81295396051314
C1CCC(CC1)c2ccccc2,75.47359251132401
C1CCC(CC1)C2=CC=CC=C2,75.8640305536506
O=C(c1ccccc1)c2ccccc2,68.73768565820632
C(C)C1CCCC2=CC=CC=C12,69.17818912897023
CCCCCCc1ccccc1,84.53115174753003
CCCC(CC)c1ccccc1,80.90572669336541
C1CCC(CC1)C2CCCCC2,55.77185561047159
CC(C1CCCC1)C2CCCC2,67.98075755059729
CCCCCC1CCCCC1C,77.11497731304854
CCC(CC)CC1CCCCC1,70.66335451887181
CCCC(CC)C1CCCCC1,69.27912706467814
C1(=CC=C(C=C1)C(=O)OCC)C(=O)OCC,59.42051518690813
CC(CCC)(C)C1CCCCC1,58.093141462976526
CCCCCCC1CCCCC1,75.17723284155693
CCCCCCCC1CCCC1,77.8836890653815
CCCCCCCCCCC=C,86.94727086018791
CCCCCC=CCCCCC,87.02909913468912
CCCCCC=CC(C)CCC,87.90903879245636
CCCCC/C(=C/CCCC)/C,88.25093554523846
CCCCCCC(C)CCCC,82.64079560256673
CCCCC(CC)CCC(C)C,82.00958979866783
CCCC(CC)(CCC)CCC,69.99233735840416
CCCC(CC(C)C)CC(C)C,81.8669926948964
CCC(C)(C)CCC(C)(C)CC,61.17430589630363
CCCCCCC(C)CC(C)C,80.72810202002553
CCCCCCCCCCCCO,62.03274064434372
C(CCCCCCC)OCCCC,87.81753205793137
C(C=CC(CCCCCCCC)O)O,52.05862320613183
CCCCCCCCCCCC,85.70437725954147
CCCCCCC(C)CCC=C,85.93216554051898
CCCCOCCOCCOCCCC,85.05609746195157
C(CCCCC)OCCOCCOCCO,69.423532445272
C(C)OCCOCCOCCOCCOCC,84.43757583847409
C(COCCOCCOCCOCCCC)O,72.84801282078232
COCCOCCOCCOCCOCCOC,106.68663988177204
C(COCCOCCOCCOCCOCCO)O,59.46416116929765
OCCOCCOCCOCCOCCOCCO,57.73508062642304
C(c1ccccc1)c2ccccc2,78.96864642061351
CCCc1ccc2ccccc2c1,86.12746645568976
C(CC)C1=CC=CC2=CC=CC=C12,88.79089212955742
CC(C)c1cccc2ccccc12,85.49132890685927
CCC1=C(C2=CC=CC=C2C=C1)C,84.66891243201975
CCC1=CC=CC2=C(C=CC=C21)C,87.94753948633976
C1(=CC=CC=C1)CC1=C(C=CC=C1)O,47.80313296997652
Cc1ccccc1C2CCCCC2,66.58506613643274
CC(C)C1CCCc2ccccc12,64.53686948778568
CC(C)(C)c1ccc2CCCc2c1,56.35494633134617
C1CCC2CCC3C(C12)CCCC3,64.80537882826513
C(C)C1=CC=C(C2=CC=CC=C12)C,87.9640125662803
CCCCCCCc1ccccc1,82.88879556234903
C(CCCCC)C1=CC=C(C=C1)C,79.10019243039883
C1CCC(CC1)CC2CCCCC2,56.71568608924186
CCCCC(C)(C)c1ccccc1,75.87296579713754
CC1C(CCCC1)C1CCCCC1,63.52490117191875
C1(CCCCC1)C1CC(CCC1)C,60.00646293577441
CC(C)C(C(C)C)C1=CC=CC=C1,60.48180921361382
C(CC)C1CC2CCCCC2CC1,75.04975262209376
Cc1ccccc1c2ccccc2,95.95256947945342
C(CCC)OC(C)C1=CC=C(C=C1)OC,71.26694006570635
CC(C)C(C(C)C)C1CCCCC1,64.56814049835259
CCCCCCCC1CCCCC1,74.87904541406594
CCCCCCCCC1CCCC1,76.44894843020202
CCCCCCCCCCCC=C,84.48452165641012
CCCCCC=CCCCCCC,83.79937391423134
CCCCC(CCCC)=CCCC,82.71862863785582
CCCCCCCCCCCCC,78.55222339207185
CCCCC(CCCC)CCCC,83.30193439261295
CCCCCC(C)(CC)CCCC,71.4571735644503
CCCC(CCC)(CCC)C(C)C,69.45693348804349
CC(C)(CCCCCCCCCC)O,39.99445256581999
C(COCCOCCCCCCCCC)O,69.93986285811735
C(CCCCCC)OCCOCCOCCO,69.0432926493156
C=C(c1ccccc1)c2ccccc2,67.34389761256867
CCc1cccc(c1)c2ccccc2,93.88374056148751
CCc1ccccc1c2ccccc2,87.3339147968897
CC(c1ccccc1)c2ccccc2,67.45319922068909
Cc1cccc(Cc2ccccc2)c1,72.15272361630043
Cc1ccc(Cc2ccccc2)cc1,73.87557161678598
Cc1ccccc1Cc2ccccc2,69.00711633464849
CC1=C(C=CC=C1)CC1=CC=CC=C1,69.27995973337258
CC1=C(C=CC=C1)C(C1=CC=CC=C1)=O,68.06155275983707
C1CCC(C1)c2ccc3CCCc3c2,53.0691806369399
C(OCc1ccccc1)c2ccccc2,80.42374393510558
C(C1=CC=CC=C1)C1=CC=C(C=C1)OC,69.61810464946862
CC(C)Cc1cccc2ccccc12,80.96231169402947
CCCCc1cccc2ccccc12,82.59967328394723
C(C)C1=C(C=C(C2=CC=CC=C12)C)C,86.23030532264875
CC=1C(=CC2=CC=CC=C2C1)CCC,83.92085829779083
CC1=CC=C(C2=CC=CC=C12)C(C)C,74.90923700402831
O(C1=CC=CC=C1)CCOC1=CC=CC=C1,69.93417685423486
C1CCC(CC1)CCc2ccccc2,69.37407933844733
C1(CCCCC1)C1=C(C=C(C=C1)C)C,55.46452543011268
CC(C1CCCCC1)c2ccccc2,62.81476568985567
C1CCC(C1)CCCc2ccccc2,73.38604661449675
CCCCC1CCCc2ccccc12,62.6977842659113
Cc1cc(C)c(C2CCCC2)c(C)c1,52.46569850164657
CCC(C)C1CCCc2ccccc12,61.67841869247688
C1CCC2C(C1)CCC3CCCCC23,52.69451788028039
CCCCCCCCc1ccccc1,80.57838094613507
CCCCCCC(C)c1ccccc1,79.09597680308954
CC(CCCCCC)C1=CC=CC=C1,77.38639565915392
C(C)C1C(CCCC1)C1CCCCC1,56.97558247501128
CC(C1CCCCC1)C2CCCCC2,54.102361887054045
C1(CCCCC1)CC1CCC(CC1)C,57.36188463291923
CC(C)CCC(C)(C)c1ccccc1,69.60899438965087
C1CCC(CC1)CCCC2CCCC2,62.280813215403
CC(C)(C)c1cccc(c1O)C(C)(C)C,49.096917070927056
CCCCCCC(C)C1CCCCC1,68.85768733419464
CC(C)(C)C1CCC(CC1)C(C)(C)C,50.558412534854014
CCCCCCCCC1CCCCC1,70.97172573536011
CC(=C)CCCCCCCCC(C)=C,74.18435360278572
CCCCCCCCCCCCC=C,81.20562285230712
CCCCCCCCCC1CCCC1,76.50160905757402
CCCCCCC=CCCCCCC,80.95388669412917
CC(=CCCCCC)CCCCCC,90.794490333514
CC(=CC(C)(C)C(C)(C)C)C(C)(C)C,49.33175310544115
C=1(C(=CC=CC1)C(=O)OCCOC)C(=O)OCCOC,59.45560006154759
CCCCCCCCCCCCCC,75.52880840131016
CC(C)CCCCCCCCCCC,76.46961509410023
CCCCCCC(C)CCCCCC,77.88181291561581
CC(C)CCCCCCCCC(C)C,83.7347310964598
CCC(CC)CCCCC(CC)CC,77.31149214835742
CC(CC(C)(C)C(C)(C)C)C(C)(C)C,45.963916103866616
C(CCC(=O)OCCCCC)(=O)OCCCCC,67.31707903577615
C(CCCCC(=O)OCC(C)C)(=O)OCC(C)C,74.8250899634986
C(CCC(=O)OCCC(C)C)(=O)OCCC(C)C,59.81253173502067
C(CCCCCCC)OCCOCCOCCO,65.66546495424126
CC(OCCOCCOCCOCCOCCOC)C,72.28918635363536
C(CCC)OCCOCCOCCOCCOCCO,67.61782246640726
CC(c1ccccc1)c2ccc(C)cc2,64.31209391148516
C(Cc1ccccc1)Cc2ccccc2,73.53212816403459
CC(Cc1ccccc1)c2ccccc2,69.41642079350937
CCc1ccc(Cc2ccccc2)cc1,73.25551385578176
CCCc1ccccc1c2ccccc2,83.0750067124111
CCc1cccc(Cc2ccccc2)c1,71.63950717246999
CCC(c1ccccc1)c2ccccc2,70.25142598280343
CCc1ccccc1Cc2ccccc2,68.9082947774238
CC(C)c1ccccc1c2ccccc2,77.97339248256259
C1(=C(C=CC=C1)CC1=C(C=CC=C1)C)C,69.573869517509
CC1=CC=C(C=C1)C(C)C1=CC=CC=C1,59.22450772616038
Cc1ccc(Cc2ccccc2)cc1C,59.65917426264284
CC(C)(c1ccccc1)c2ccccc2,63.89058453391967
C(C)C1=CC=C(C(=O)C2=CC=CC=C2)C=C1,64.22767237699476
CC=1C=C(C(=O)C2=CC=CC=C2)C=CC1C,60.286730233300226
CCCCCc1cccc2ccccc12,78.90893651442784
Cc1ccc(C)c(CC2CCCCC2)c1,51.66828665247975
CCCCCC1CCCc2ccccc12,61.22364669852264
C1CCC(C1)C2CCC(C2)C3CCCC3,61.66427017969551
C(C)OCCOCCOCCOCC,99.4040552022474
CCCCCCCC(C)c1ccccc1,77.31465877224278
CC1=CC=C(C=C1)CCCCCCCC,71.96792879318123
CCCCCCCc1ccc(C)c(C)c1,58.4699850186816
CC1=C(C=C(C=C1)CCCCCCC)C,60.552522350791726
C1CCC(CC1)CCCC2CCCCC2,55.65580597271594
CC(CC1CCCCC1)C2CCCCC2,50.97746173972179
C(CC)C1C(CCCC1)C1CCCCC1,54.83390738945215
CCC(C1CCCCC1)C2CCCCC2,53.2590215363817
C1(CCCCC1)CC1CC(CCC1)CC,57.60859956328135
C(C)(C)C1C(CCCC1)C1CCCCC1,52.99384695977191
CC(C)(C1CCCCC1)C2CCCCC2,45.77405069888139
CCCCCCCCCOc1ccccc1,75.42082053631623
C(CCC)C1C(CCCC1)CCCCC,68.61951080491572
CC(CC)CC(CC)(C1CCCCC1)C,52.865413122034184
CCCCCCCCCC1CCCCC1,67.83112745740519
CCCCCCCCCCCCCC=C,76.3700210713761
CCCCCCC=CCCCCCCC,77.47960871777025
CCCCCCCCCCC1CCCC1,70.61348375608554
CC(C=C)CCCCCCCCCCC,75.56436044076926
CCCCCCCCCCCCCCC,75.80859441838476
CC(C)CCCCCCCCCCCC,71.54286356229741
CCCCCCCCCCC(CC)CC,73.30002663496919
CCC(CC)CCCCCC(CC)CC,71.26282634914298
CC(CCCCCCCCCCCCC)=O,79.73693840864894
CCCCCCCCCCCCCC(=O)OC,76.98972320058712
CC(C)CCCC(CCCC(CC)C)(O)C,36.50083618024702
C(CCCC(=O)OCCC(C)C)(=O)OCCC(C)C,57.01011984346792
CCCC(=O)OCC(COC(=O)CCC)OC(=O)CCC,74.88588375863378
C(CCCC)OCCOCCOCCOCCOCCO,64.75205274593952
C(COCCOCCOCCOCCOCCCCC)O,64.75205274593952
C1(CCCCC1)C1=CC2=CC=CC=C2C=C1,54.866079922103005
C1(CCCCC1)C1=CC=CC2=CC=CC=C12,56.0590001750943
C1(=CC=CC=C1)C(=CCC)C1=CC=CC=C1,56.25964218698246
CCC(Cc1ccccc1)c2ccccc2,70.08426521638464
CCCCc1ccccc1c2ccccc2,81.64787049839205
CCCC(c1ccccc1)c2ccccc2,67.2219253766276
C1(=CC=CC=C1)CC(CC1=CC=CC=C1)C,54.281962460406646
CC(Cc1ccccc1)Cc2ccccc2,66.7772577199884
CC(C)Cc1ccccc1c2ccccc2,79.54795929194339
C1(=CC=CC=C1)CC(C)(C)C1=CC=CC=C1,61.47368785527739
CCC(C)c1ccccc1c2ccccc2,76.06945302458763
C1(=CC=CC=C1)C(C(C)C)C1=CC=CC=C1,51.899579809104424
CCc1ccc(cc1)C(C)c2ccccc2,62.89179282950866
C(C)C1=CC=C(C=C1)C(C)C1=CC=CC=C1,57.58155971310294
CC(C)c1ccc(Cc2ccccc2)cc1,66.95929080194593
CCC(C)(c1ccccc1)c2ccccc2,58.3754465083553
CC(c1ccccc1)c2cc(C)ccc2C,55.76907664435933
C1CCC(C1)C2=CC=CC=C2C3CCCC3,42.44483331988199
C1CCC(C1)c2ccccc2C3CCCC3,41.301398081928085
C1(=CC=CC=C1)C1CC2CCCCC2CC1,49.58624262881017
CC1=C(C(=CC(=C1)C)C)C(C1=CC=CC=C1)=O,60.38848489397142
CCCCCCc1ccc2ccccc2c1,83.35135429097804
CC(=C)C1C(CC(CC1)C)C1=CC=CC=C1,59.096608942475555
C(C)(C)C1C=CC(C2=CC=CC=C12)C(C)C,46.361620424890816
C(CCCCCC)C=1C=C2CCCC2=CC1,55.670849734663946
C1CCC(C1)C(C2CCCC2)C3CCCC3,53.50582047853347
CCC(CC1CCCCC1)C2CCCCC2,55.58105184609916
CCCCCCCCCCc1ccccc1,75.10571227648015
C(CCC)C1=C(C=CC=C1)CCCCCC,66.79764202709057
CCCCCCCCC(C)c1ccccc1,74.95828486098932
CC1=C(C=C(C=C1)C)CCCCCCCC,72.38617160615846
C1CCC(CC1)CCCCC2CCCCC2,53.119615213077054
CCCCC1CCC(CC1)C2CCCCC2,55.05279176286358
CC(CC1CCCCC1)CC2CCCCC2,53.82477864361431
CC(CCC1CCCCC1)C2CCCCC2,49.865276435592946
CCCC(C1CCCCC1)C2CCCCC2,46.84312504604512
CCC(C)(C1CCCCC1)C2CCCCC2,43.306570262069926
CCCCOC(=O)c1ccccc1C(=O)OCCCC,57.043281184705755
C1(=CC=C(C=C1)C(=O)OCCCC)C(=O)OCCCC,53.38090238151669
C=1(C(=CC=CC1)C(=O)OCC(C)C)C(=O)OCC(C)C,55.85805642433799
C(C=1C(C(=O)OC(C)CC)=CC=CC1)(=O)OC(C)CC,45.44729075496665
C(C1=CC=C(C(=O)OCC(C)C)C=C1)(=O)OCC(C)C,47.39922207223866
C(C1=CC(C(=O)OCC(C)C)=CC=C1)(=O)OCC(C)C,45.53632809373996
C(CCCC)C1CCC(CC1)CCCCC,66.64961297045652
C(CCC)C1C(CCCC1)CCCCCC,67.118547165981
CCCCCCCCCCC1CCCCC1,65.83064049897627
C(=C)C(CCCC)CCC=CCCCCC,76.00448057550364
CCCCCCCCCCCCCCC=C,76.21352900013798
CCCCCC=CCCCCCCCCC,75.39418105680159
CCCCCCCCCCCC1CCCC1,71.94202463536358
CC(C)(C=CC(CCCCCCCC)C)C,65.50726662046776
CCCCCCCCCCCCCCCC,71.43095794403486
CC(C)CCCCCCCCCCCCC,71.44096220486686
CCCCCCC(CCC)CCCCCC,73.60097236710928
CC(CCCCC)CCCCCCCCC,70.26277937872173
CCCCC(CC)CCC(CC)CCCC,70.52319025716092
CCC(CC)(CC)CCC(CC)(CC)CC,49.08476525567146
CCCCCCCC(CO)CCCCCCC,53.979817737323735
CCCCCCCCCC(CO)CCCCC,54.13535966902472
CCCCCCCCCCC(CO)CCCC,53.901240001724176
CCCCCCCCCCCC(CO)CCC,54.6305996258
CCCCCCCCCCCCC(CC)CO,53.74624350058875
CCCCCCCCC(CO)CCCCCC,52.79692633903615
C(C(=O)OCCCCCCC)(=O)OCCCCCCC,61.25300307895323
C(CCCCCCCCC(=O)OCCC)(=O)OCCC,61.98129018011093
C(CCCCC(=O)OCCCCC)(=O)OCCCCC,62.48842728742096
C(CCCCCCC(=O)OCCCC)(=O)OCCCC,73.91960114079194
CCCCCCOCCOCCOCCCCCC,69.00913880802057
C(c1ccccc1)c2cccc3ccccc23,69.87642023825981
CC(C)c1ccc2ccc3ccccc3c2c1,69.73090968401915
C(CCc1ccccc1)CCc2ccccc2,76.25307455511879
C(CCC)C1=CC=C(C=C1)CC1=CC=CC=C1,63.56680983569653
CCCCC(c1ccccc1)c2ccccc2,64.3139991638661
C(C1=CC=CC=C1)C(CC1=CC=CC=C1)CC,62.67505743769836
CC(CC(C1=CC=CC=C1)C1=CC=CC=C1)C,50.09044818011195
C1(=CC=CC=C1)C(CC(C)C)C1=CC=CC=C1,50.09044818011195
CC=1C(=C(C=CC1)C1=CC=C(C=C1)C)C(C)C,58.697177430482014
CC1=CC=C(C=C1)CC(C)C1=CC=C(C=C1)C,57.10640846212622
CC(=CC1=CC=CC2=CC=CC=C12)CC(C)C,61.1347830882556
CC(=C(C(C)C)C1=CC=CC2=CC=CC=C12)C,57.316843422923355
CC1CC(=C(CC1)C(C)C)C1=CC=C(C=C1)C,51.583841498159856
C(CCCCCC)C=1C=C2CCCCC2=CC1,39.77213518015911
CCCCCCCC1CCCc2ccccc12,54.732177157680354
CC(CC=CC1=CC=CC=C1)CCC=C(C)C,63.10911807293647
CC(CCCC(C)C)C1CCC2=CC=CC=C12,43.43763679225984
C1(=CC=CC=C1)C(C)=CCCCCCCCC,73.11398745517883
CC(CC=C(CCCCC)C1=CC=CC=C1)C,61.46158745061685
CCCCCCCCCCCc1ccccc1,72.98202725593956
CCCCCCCCCC(C)c1ccccc1,68.16971216170359
C1(CCCCC1)CCCCCC1CCCCC1,52.33953496581863
CCCCC(C1CCCCC1)C2CCCCC2,47.61963564887323
CC(C)CC(C1CCCCC1)C2CCCCC2,46.70910955146154
CCCCCCCCCCCC1CCCCC1,62.63971227619554
CCCCCCCCCCCCCCCC=C,73.6641076547261
CCCCCCCC=CCCCCCCCC,73.18462047395204
CCCCCCCCCCCCC1CCCC1,65.12167154957245
CCCCCCCC(C)(C)CCCCCCC,66.4600011021574
CCCCCCCCCCCCCC(C)(C)C,63.95331728765159
CCCCCCCCCCC(CCC)CCC,70.78782844317024
CCCCC(CCCC)(CCCC)CCCC,59.81568118568127
C(CCC)C(CCCC)(CCCC)CCCC,60.171946070080494
CCCCCCC(CCC)(CCC)CCCC,63.81012629100431
CC(C)CCC(CC(CCC(C)C)(C)C)(C)C,51.39863690540339
C(CCCCCCCCCCCC)(=O)OCCCC,68.53084401849901
C(CCCCCCCCC)(=O)OCCCCCCC,69.10638200260391
C(CCCCCCCC)(=O)OCCCCCCCC,73.86517757895507
C(CCCCCCCCCCCCCC)(=O)OCC,77.70170695717874
C(CCCCCCCC)(=O)OC(CCCCCC)C,62.15667989171483
CCCCCCCCCCCCCC(=O)OC(C)C,70.05553143880226
CCCCCCCCCCCCCCCC(=O)OC,63.410023665917834
CCCCCCCCCCCCCC(=O)OCCC,71.47775561994666
C(CC)(=O)OCC(CCCCCCC)CCCCC,60.669291575995274
C(CCCCCC)C(C(=O)OC)CCCCCCC,64.09030449265717
CC(CCCCCCCCCCCCC(=O)OC)C,64.27326167012907
CC(CC(=O)OC(CC(C)(C)C)CCCCC)(C)C,54.95657229905129
C(CCCCCCCC(=O)OCC(C)C)(=O)OCC(C)C,54.21840721687328
CC(OCCCC)COC(COC(COCCCC)C)C,63.14862834470194
CCCCOCCOCCOCOCCOCCOCCCC,70.89720084088954
CCC1c2ccccc2C(CC)c3ccccc13,40.080307792113864
CCCC(Cc1ccccc1)Cc2ccccc2,61.55884644505669
C(CCCc1ccccc1)CCc2ccccc2,67.48668170186541
C1(=CC=CC=C1)CCCCCCC1=CC=CC=C1,68.11504312773486
CCCCCC(c1ccccc1)c2ccccc2,63.80389831310322
CC(CC(C1=CC=CC=C1)C1=CC=CC=C1)(C)C,47.10611008023126
C1(CCCCC1)CCC=1C=C2CCCCC2=CC1,39.161106129641304
CCCCCCCCc1ccc2ccccc2c1,78.21469131771303
CCCCCC(CC)c1ccc2ccccc2c1,53.98496052020021
CCCCCCC(C)c1cccc2ccccc12,72.70671933479717
CCCCC(CC)Cc1cccc2ccccc12,69.1660426062582
C1(CCCCC1)C1CC(CCC1)C1CCCCC1,37.55809407214592
C1(CCCCC1)C1C(CCCC1)C1CCCCC1,34.15828169691549
C1(CCCCC1)C1CCC(CC1)C1CCCCC1,39.71739745711329
C(CCCCCCC)C=1C=C2CCCCC2=CC1,51.56817365252972
C(CCCCCCC)C1CCCC2=CC=CC=C12,46.64307449814612
CCCCCCCCC1CCCc2ccccc12,53.567589368375046
C(CCC)C=1C=C2CCCCC2=CC1CCCC,47.86611372525802
CC(CC1CCC(C2=CC=CC=C12)CC(C)C)C,40.14733974671216
CC(C)(C)C=1C=C2C(C(C(C2=CC1)(C)C)C)(C)C,32.364938873094616
CCCCCCCCCCCCc1ccccc1,70.71074077885714
CCCCCCc1ccc(CCCCCC)cc1,63.06171942096305
C(CCCCC)C1=CC=C(C=C1)CCCCCC,62.262271683156186
C(CCCC1CCCCC1)CCC2CCCCC2,49.13000767778792
CCCCCCC1CCC(CC1)C2CCCCC2,51.25676307215031
CCCC(CC1CCCCC1)CC2CCCCC2,48.68845443349218
CCC1(CCCCC1)CCC2(CC)CCCCC2,44.81879915603328
CCCCCCCCC1CCCC2CCCCC12,55.244530881471235
CCCCC(CC)CC1CCCC2CCCCC12,52.50417222723461
CCCCC(C)(CC)C1CCCC2CCCCC12,46.811055035207104
CC(CC)C1CCC(C2CCCCC12)C(CC)C,41.61730584049981
CCCCOCCOCCOCCOCCCC,101.7196153070231
C(C1=CC(C(=O)OCCCCC)=CC=C1)(=O)OCCCCC,56.74993296974825
C(C=1C(C(=O)OCCCCC)=CC=CC1)(=O)OCCCCC,52.83804904055336
C(CCCC)OC(=O)C1=CC=C(C=C1)C(=O)OCCCCC,49.757168577548256
C(CCCCC(=O)OC1CCCCC1)(=O)OC1CCCCC1,48.70802066611133
C1(=CC(=CC=C1)C(=O)OCCC(C)C)C(=O)OCCC(C)C,47.440368034506776
C(C)C1C(C(C(C(C1CC)CC)CC)CC)CC,39.241766751021515
C(C)C(CC)=CCCCCCCC=C(CC)CC,72.94083193034979
C=CCCCCCCCCCCCCCCC=C,71.49490676606851
CCCCCCCCCCCCCCCCC=C,70.37892977687893
CC(=CCCCCCCC)CCCCCCCC,73.36063677213349
C(CC)C(=CCCCCCC)CCCCCCC,74.4900386442281
CC(CCCCCC)C=CC(CCCCCC)C,71.22573779123164
CCCCCCCCCCCCCC1CCCC1,65.58815325531383
CCCCCCCCCCCCCCCCCC,67.49278084749685
CCCCCCCCCCCCCCCC(C)C,71.69037675924588
CC(CCCCCCCC)CCCCCCCC,64.85000534924308
C(CC)C(CCCCCCC)CCCCCCC,64.9918413233613
CCCC(CCC)CCCCC(CCC)CCC,67.8355828095696
C(CCC)C(CCCC)C(CCCC)CCCC,66.38997280335965
CCC(CC)CCCCCCCCC(CC)CC,65.91183800641515
CC(CC)(CCCC(CCCC(CC)(C)C)C)C,49.097856349786575
CC(C)(CC(CCCCC(CC(C)(C)C)C)C)C,51.81569532575108
C(\C=C/C(=O)OCCCCCCC)(=O)OCCCCCCC,55.421685454612486
C(CCCCCCCCC(=O)OCCCC)(=O)OCCCC,56.494538885151144
C(CCCCC(=O)OCCCCCC)(=O)OCCCCCC,54.81278747885301
CCCCCCC(c1ccccc1)c2ccccc2,63.29837617485659
C=1(C(=CC=CC1)C(=O)OCCCC)C(=O)OCC1=CC=CC=C1,52.07692876077809
CCCCCCC(=CCCCCC)c1ccccc1,64.39319841147227
C1(=CC=CC=C1)C(=CCCCCC)CCCCCC,67.31534441217467
CCCCCCC(CCCCCC)c1ccccc1,65.37259474488387
CCCCCCCC1CCC(CC1)C2CCCCC2,44.780411637969166
CCCCCCC(C1CCCCC1)C2CCCCC2,43.82438979968954
CC(CCC)C1=C(C=CC(=C1)C(CCC)C)CCC,56.771537059282
C(C)C(CCC(C)C)(CCC(C)C)C1=CC=CC=C1,53.95485348925119
CCCCCCCCCCCCOC(=O)c1ccccc1,64.27605117833536
CCCCCCC(CCCCCC)C1CCCCC1,58.46958081393974
C(CCC)C(CCCC)(CCCC)C1CCCCC1,39.91584568924897
C(CCCCCC)C1C(CCC1)CCCCCCC,66.25823844568328
C1(CCCC1)CC(CCCCCC)CCCCCC,76.81584480868949
CCCCCCCCCCCCCC1CCCCC1,59.351347953357035
CCCCCCCCCCCCCCCCCC=C,67.07395471483738
C(CCCCCCC\C=C\C\C=C\CCCCC)(=O)OC,73.82554982267177
C(CCCCC)C(=CCCCCC)CCCCCC,74.83777105792508
CC(=CC)CCCCCCCCCCCCCCC,73.12760028408667
CCCCCCCCCCCCCCCCCCC,65.60398793496861
CCCCCCCCCCCCCCC1CCCC1,58.42596275160416
CCCCCCC(CCCCCC)CCCCCC,72.92692755421695
CC(CCCCC)CCCCCCCCCCCC,62.8712542095262
CCCCCCCCCCC(CCCC)CCCC,64.4377826345514
CCCC(CCC)CCCCCC(CCC)CCC,61.17985348521592
C(CCC)C(CCCC)(CCCCCC)CCCC,50.48133590769814
CC(C)CCCC(CCCC(CCCC(C)C)C)C,59.07358851816408
CC(C)CCCC(CCC(CC(C)C)CC(C)C)C,62.072234128555344
C(CCCCCCCCCCCCCC)(=O)OCCCC,69.90707500709462
C(CCCCCCCCCCCCCCC)(=O)OC(C)C,66.22190788708065
C(C)C(CC)=CCCCCCCCCCCCCCC,72.90368967027413
C(CCCCCCC\C=C/C\C=C/CCCCC)(=O)OC,73.39264486034119
C(CCCCCCCCCCCCCCCCC)(=O)OC,67.28297864950967
CCCCCCCC\C=C/CCCCCCCC(=O)OC,69.66410749853475
CCCCCCCCCCc1ccc2ccccc2c1,76.6137003355366
CCCCCCCCCCc1cccc2ccccc12,69.66300897055939
CCCCCCc1cccc2ccc(CCCC)cc12,69.20333990436676
CCCCCCC(CCC)c1ccc2ccccc2c1,65.62694801725254
CCCCCCc1cc2ccccc2cc1CCCC,68.51638022084883
CC1=CC2=CC=C(C=C2C=C1CCCCCCCC)C,62.19074507754205
CCCCCCCCc1cc2cc(C)ccc2cc1C,70.03758542407071
CCCCCCCCc1cccc2c(C)ccc(C)c12,66.30804900264795
C(C)C(CCCCCC)(C)C1=CC=CC2=CC=CC=C12,45.05970230319616
C(CCCC)C1=CC=C(C=C1)C1CCC(CC1)CCC,53.13731173571058
C1(CCCCC1)C(CC1CCCCC1)C1CCCCC1,47.60425198051434
CCCCCCC1CCCc2ccc(CCCC)cc12,50.2468563571255
C(CCCCCCCCC)C=1C=C2CCCCC2=CC1,53.07302294298433
CCCCCCc1cc2CCCCc2cc1CCCC,47.02156318988329
C(CCCC)C=1C=C2CCCCC2=CC1CCCCC,43.44485431953858
CCCCCCCCC1CCCc2c(C)ccc(C)c12,44.25956625461275
CC1(CCC2=CC(=C(C=C12)C(C)C)C(CCCC)C)C,39.565001641813325
CCCCCCCCCCCCCCc1ccccc1,66.95979990787616
CCCCCCCc1ccccc1CCCCCCC,58.99577987690505
C(CCCCCC)C1=CC=C(C=C1)CCCCCCC,53.86289620082315
C1(=CC=CC=C1)C(CCCCCC)CCCCCCC,63.154239931425806
C1(=CC=CC=C1)C(CCC)CCCCCCCCCC,62.767972269941694
C(C)C1=CC=C(C=C1)C(CCCCCCCCCC)C,51.1570593230487
CCCCCCCCC1CCC(CC1)C2CCCCC2,49.666823745667834
C1(CCCCC1)CCCCCCCCC1CCCCC1,56.61586716721651
CC(CC1=CC=CC=C1)(CCCCCCC)CC(C)C,53.731806900130024
C(CCC)C1=C(C=C(C=C1)C(CCC)C)C(CCC)C,55.27242584968981
CCCCCCCCC1CC2CC(C)CCC2CC1C,49.9080153315887
C(CCCCCCCCC)C1CC2CCCCC2CC1,50.19444658900633
CCCCCCCCC1CCCC2C(C)CCC(C)C12,50.76565407338605
CCCCCCC1CC2CCCCC2CC1CCCC,48.56084262714894
C1(CCCCC1)C(CC)(C(CC)(C)C1CCCCC1)C,32.26981585781682
C(C1=CC(C(=O)OCCCCCC)=CC=C1)(=O)OCCCCCC,53.667384212793166
C1(=CC=C(C=C1)C(=O)OCCCCCC)C(=O)OCCCCCC,46.720105271587315
C(C=1C(C(=O)OCC(CCCC)CC)=CC=CC1)(=O)OCCCC,40.54236828593676
C(C=1C(C(=O)OCC(CC)CC)=CC=CC1)(=O)OCC(CC)CC,39.09364552120082
CC(CCCC(C)C)C1CCC(CC1)CCCC(C)C,45.55164108009987
CCCCCCCCCCCCCCC1CCCCC1,57.763503536423514
CCCCCCCCCCCCCCCCCCC=C,65.82419377625823
C(CCCCCCC\C=C/C\C=C/CCCCC)(=O)OCC,75.31332672329404
CCCCCCCCCCCCCCCC(CC)=CC,67.56769749967806
CC(=C)CCCCCCCCCCCCCCCCC,67.9795739453532
C=1(C(=CC=CC1)C(=O)OCCOCCCC)C(=O)OCCOCCCC,60.34104625498563
CCCCCCCCCCCCCCCCCCCC,64.98795375469054
CCCCCCCCCCCCCCCC1CCCC1,61.33242216239112
C(CCCCCCC\C=C/CCCCCCCC)(=O)OCC,73.1811303885949
CCCCCCCCCCCC(CCCC)CCCC,61.31940963276885
CCCCCCCCCCCCCC(CCC)CCC,65.18268416488363
CCCCCCCCCCCCCCCC(CC)CC,65.82738777600039
C(CCC)C(CCCC)CCC(CCCC)CCCC,61.30675596963245
CCCCCCC(CCC)C(CCC)CCCCCC,61.30625468589312
C(CCC)C(CCCCC)(CCCCCCCC)CC,47.48005926068992
CC(C)CCCC(CCCCC(CCCC(C)C)C)C,58.84059667608919
CCCCCCC(C)C(C)C(C)C(C)CCCCCC,57.40562216732649
CC(C)(CCCCCCCCCCCCC(C)(C)C)C,48.08746519006338
CC(C)CCCC(C(CCC(CCCC(C)C)C)C)C,60.42645977629222
CC(C)(CC(CCC(CCC(CC(C)(C)C)C)C)C)C,43.84242079796864
C(CCCCCCCCC)(=O)OCCCCCCCCCC,61.62511038112589
C(CCCCCCCCCCCCCCC)(=O)OC(CC)C,54.17656077158265
C(CCC)(=O)OCCCCCCCCCCCCCCCC,65.25244657203426
C(CCCCCCCCCCC)(=O)OCC(CCCC)CC,59.81683173817909
CC(C(=O)OC)C(C(CCCCCCCCCCCC)C)C,56.74302696897459
C(CCCCCCCCCCCCCCCCCC)OC,64.47673913467852
C(CCCCC(=O)OCCCCCCC)(=O)OCCCCCCC,50.9007403096782
C(CCCCCCCCC(=O)OCCCCC)(=O)OCCCCC,57.18687695572096
C(C1=CC=CC=C1)C(CC1=CC=CC=C1)CCCCCC,44.70070990089944
C1(=CC=CC=C1)C(CCCCCCCC)C1=CC=CC=C1,41.71403487122013
CC(C)C1=CC=C(C=C1)CC(C)C1=CC=C(C=C1)C(C)C,49.01211240122153
CCCCCCCCCCCCCCCc1ccccc1,63.0902150607986
CCCCCCCCCC1CCC(CC1)C2CCCCC2,42.55367790850742
C1(CCCCC1)C(C(CCCCCC)C)C1CCCCC1,44.29499164727479
CCCCCCCCCCCC1CCCC2CCCCC12,49.51492852465581
C(CCCC=CCC=CCC=CCC=CCC=CCC)(=O)OC,81.76355223273998
C(CCCC=CCC=CCC=CCC=CCCCCC)(=O)OC,78.20874204689277
C(CCC)C1C(CCC1)CCCCCCCCCCCC,63.42061374518588
C(CCCCCCC)C1C(CCC1)CCCCCCCC,63.33005085689324
CCCCCCCCCCCCCCCC1CCCCC1,61.00074682607017
CC(CCC(CCC(C)C)(CC(C)C)C1CCCCC1)C,40.47686914577707
C(CCCCC)C(CCCCCC)=CCCCCCCC,71.98312094519679
CCCCCCCC\C=C/CCCCCCCC(=O)OCCC,71.3840945720779
CCCCCCCCCCCCCCCCCCCCC,63.75101826887568
CCCCCCCCCCCCCCCCC1CCCC1,57.80527810786242
CCCCCCCC(CCCCCC)CCCCCCC,63.45994541339251
CC(CCCCCCCCC)CCCCCCCCCC,60.68246935253593
CC(C)C(CCCCCCCCCCCCCCCC)C,58.74207138188001
CC(C)CC(CC(CCCCCCCCCCCC)C)C,58.01957536834776
CC(C)CC(CCCCCCCCCCCC)CC(C)C,62.052425425890554
C(CCCCCCCCCCCCC)(=O)OCCCCCCC,60.268436838268926
C(C)(=O)OCCCCCCCCCCCCCCCCCCC,63.70462846651188
CCCCCCCCCCCCCCCCCC(=O)OC(C)C,64.13595780801509
C(C)C(C(=O)OC(CC)(CC)CC)(CCCCCCCC)CC,40.54014236402389
C(CCCCCc1ccccc1)CCCCc2ccccc2,62.55868174417349
CCCCCCCCCCCCc1cccc2ccccc12,69.19565993952646
CCCCCCCCCCCCc1ccc2ccccc2c1,73.69460467013513
CCCCCCc1ccc2cc(CCCCCC)ccc2c1,66.91529451213287
CCCCCCC(CCCCC)c1ccc2ccccc2c1,60.9837809609261
CCCCCCCCC(CCC)c1ccc2ccccc2c1,62.4702402723738
CCCCCCc1cc2ccccc2cc1CCCCCC,62.65131908501682
C(CCCCCCCCCCC)C1CCCC2=CC=CC=C12,38.22286682109016
CCCCCCc1cc2CCCCc2cc1CCCCCC,47.95858032666003
C(CCC)C1=C(C=C2CCCCC2=C1)CCCCCCCC,40.25931804587587
C1CCC(C1)CCC(CCC2CCCC2)CCC3CCCC3,44.32894564550874
CC(CCCC=1C=C2CCCCC2=CC1CCCC(C)C)C,32.500207773740826
C(CCCCC)C(=CCCC1=CC=CC=C1)CCCCCC,64.31062330978818
CCCCCCCCCCCCCCCCc1ccccc1,65.07209811585663
C(CCCCCCC)C1=CC=C(C=C1)CCCCCCCC,55.70461952232799
C(CCCCCC1CCCCC1)CCCCC2CCCCC2,44.43149413438429
C1(=CC=CC=C1)C(CCCCCC)CCCCCCCCC,60.07158826701068
CCCCCCCCCCCC(CCCC)c1ccccc1,64.88177841026084
CCCCCCCCCC(C1CCCCC1)C2CCCCC2,47.22381448660161
CCCCCCCCCCCCc1cc(ccc1C)C(C)C,47.45562171402696
CCCCCCC(CCC)C1CCC(CC1)C2CCCCC2,39.17556533178987
C(CCCCCCCCC)C1=C(C=C(C=C1C)C(C)(C)C)C,34.38497229925578
CC(CC(CCCCCCC)(CC(C)C)C1=CC=CC=C1)C,49.61266566413181
CCCCCCCCC(CCC)C1CCC2CCCCC2C1,44.34171553792826
C(CC)C(CCCCCCCC)C1CC2CCCCC2CC1,49.04484525486918
CC(C)(C)C(C(C1CCCCC1)C(C)(C)C)C1CCCCC1,32.62190731486017
CC(CCOCCCCOCCC(CC(C)(C)C)C)CC(C)(C)C,44.69468015958704
C(CCCC=CCC=CCC=CCC=CCCCCC)(=O)OCC,88.35507076507538
C(C1=CC=C(C(=O)OCCCCCCC)C=C1)(=O)OCCCCCCC,52.112976001793086
C1(CCCCC1)CCOCCCCCCOCCC1CCCCC1,51.55175140964079
C(CCCCC)C(CCCC1CCCCC1)CCCCCC,44.76006401412522
CCCCCCCCCCCCC1CC(CCC1C)C(C)C,49.640345413487175
CCCCCCCCCCCCCCCCC1CCCCC1,61.811219257460905
CC(C)CCC(CCC(C)C)CC1CC(CCC1C)C(C)C,41.624431715550614
C(CCC)C(CCCC)=CCCC=C(CCCC)CCCC,66.69770733308559
C(C)C(CCCC)=CCCCCCCC=C(CCCC)CC,74.83636902238143
CC(=C)CCCCCCCCCCCCCCCCC(C)=C,69.1776903539939
C(CCCCCC)C(=CCCCCCC)CCCCCCC,63.797001715939174
CC(C)(CCC=C(CCCC(C)(C)C)CCCC(C)(C)C)C,31.78181638983588
CCCCCCCCCCCCCCCCCCCCCC,62.54792019680121
CCCCCCCCCCCCCCCC(CCC)CCC,60.46947941048388
CCCCCCCC(CCCCCCC)CCCCCCC,58.80050947790761
CCCCC(CCCC)CCCCC(CCCC)CCCC,59.89064465511429
CCCCCC(CCCCC)C(CCCCC)CCCCC,56.168645432805654
C(C)C(CCCC)CCCCCCCCC(CCCC)CC,60.2033081767345
CC(CCCCCC)CCCCCCC(CCCCCC)C,60.32418131070207
CC(C)CC(CC(CCCCCCCCCCCCC)C)C,56.060895088676915
C1(CCCCC1)CCOC(C)CCC(C)OCC(CCCC)CC,42.63431977086924
C(C)C(COC1CCC(CC1)OCC(CCCC)CC)CCCC,52.108941395418675
CC(C)CCC(C(CCC(C)C)CCC(C)C)CCC(C)C,52.375069617294336
C(C(C)C)C(CC(C)C)CCCCC(CC(C)C)CC(C)C,52.6554397646855
CC(C)(CCCC(CCCC(C)(C)C)CCCC(C)(C)C)C,36.25893229763473
CCC(C)(C)CCC(C)(C)CCC(C)(C)CCC(C)(C)CC,27.84782420529985
C(CCCCCCCCCCCCCCCCC)(=O)OCCCC,64.67363009911139
C(CCCCCCCCCCCCC)(=O)OC(CCCCCC)C,52.41753117365064
C(CCCCCCCCCCCCCCCCC)(=O)OCC(C)C,49.639247745423106
C(CCCCCCCCCCCCCCCCC)(=O)OC(C)(C)C,41.34464023056121
CC(CCC(=O)OC)CCCC(CCCC(CCCCCC)C)C,54.704855358205464
C(CCC(=O)OCCCCCCCCC)(=O)OCCCCCCCCC,46.587417390360585
C(CCCCCCCCC(=O)OCCCCCC)(=O)OCCCCCC,50.74061628374668
C(CCCCC(=O)OCCCCCCCC)(=O)OCCCCCCCC,52.43005490231603
C(CCCCC(=O)OCC(CCCC)CC)(=O)OCC(CCCC)CC,65.51651652688172
CCCCCCCCCOCCCCOCCCCCCCCC,58.323345051770794
CC(CCCC)OCCCCCCCCCCOC(CCCC)C,48.38272125346286
CC(CCCCCC)OCCCCCCOC(CCCCCC)C,48.518845021817555
C(C)C(CCCCCC)OCCCCCCOC(CCCCCC)CC,48.18216650975035
C(CCC=CCC=CCC=CCC=CCC=CCC=CCC)(=O)OC,79.52743319885585
C(CCCCCCCCCCCCCCC)OC1=C(C=CC=C1)OC,56.77193849120644
C(CCCCCCCCCCCCCCCCC)C1CCCC1,55.925950858831406
CCCCCCCCC(CCCCCCCC)C1CCCCC1,56.13889335548694
C(CCCCCCCCCCCC=CCC=CCCCCC)(=O)OC,67.33176074017354
CCCCCCCCCCCCCCCCCCCCCCC,58.89251936481936
CCCCCCCCC(CCCCCC)CCCCCCCC,60.20421022332811
CCCCC(CCCC)CCCCCC(CCCC)CCCC,53.76631496420451
CC(C)CC(CC(CCCCCCCCCCCCCC)C)C,54.97381430513116
C(CCCCCCCCCCC)(=O)OC(CCCCCCCCC)C,48.315324540971915
C(CCCCCCCCCCCCCCCCCCCCC)(=O)OC,61.04117494106099
C(CCCCCCCCCCCCCCC)(=O)OCCCCCCC,55.90999872290091
C(CCCC)(=O)OCCCCCCCCCCCCCCCCCC,61.06531921251002
CCCCC(CC)COC(=O)CCCCCC(=O)OCC(CC)CCCC,61.91793606047116
C1(=CC=CC=C1)C=CCCCCCCCCCC(CCC)CCC,57.1683008971702
CC1=C(C=C(C=C1)CCCCCCCCCCCCCCCC)C,61.255091031720646
CCCCCCCCCCCCCCCCCCC1CCCCC1,54.329548664279635
C(CCCCCCC)OCCCCCCOCCCCCCCC,58.59028860149054
C(C)C(COCCCCCCOCC(CCCC)CC)CCCC,47.78661139245243
C(C)C(COC(C)CCC(C)OCC(CCCC)CC)CCCC,47.63133098129365
CCCCCCCCCCCCCCCCCCCCCCCC,60.97130476744463
CCCCCCCCCCCCCCCC(CCCC)CCCC,55.944732293750675
CCCCCCCCCCCC(CCCCCC)CCCCCC,52.570625571525795
CCCCCCCCCCCCCCCCCCCCC(C)(C)C,47.635944731587614
C(CC)C(CCCCCCCC)C(CCCCCCCC)CCC,55.75295494800591
CC(C)CC(CC(CCCCCCCCCCCCCCC)C)C,53.586068999319096
C(C(C)C)C(CC(C)C)CCCCCCCCCCCCCCC,54.58987111693476
C(CCC)C(CCCCCC)CC(CCCCCC)(C)CCCC,44.953104031245005
CCCCCC(CCC(CCC(C)C)CCC(C)C)CCC(C)C,48.88827378082392
CCCCC(CC)CC(C(C)C)C(CC(CC)CCCC)C(C)C,48.471380793248144
CC(C)CCC(CCC(CCC(C)C)CCC(C)C)CCC(C)C,52.05036016845149
C(C)C(CC)CCCCCCCCCCCCCCCCCCCCC,51.3433214701022
C(CCCCCCC)C(CCCCCCCC)CCCCCCCCCCCCCCC,50.4467152864966
C(Cc1ccccc1)C(CCc2ccccc2)=CCc3ccccc3,56.14802553536981
C(CC(CCCc1ccccc1)c2ccccc2)Cc3ccccc3,43.6886407432098
C(Cc1ccccc1)C(CCc2ccccc2)CCc3ccccc3,50.66312819798119
C1CCC(C1)CCCC(CCc2ccccc2)CCc3ccccc3,52.550473264137125
C1(=CC=CC=C1)C(=CCCCCCCCCCCC)C1=CC=CC=C1,41.36574286177038
CCCCCCC(CCCc1ccccc1)CCCc2ccccc2,52.24761131365629
C1(CCCCC1)CCC(CCCC1CCCC1)CCC1=CC=CC=C1,44.750693704477264
C1CCC(C1)CCCC(CCCC2CCCC2)CCc3ccccc3,48.603063834465566
CCCCCCCCCCCCCCCc1cccc2ccccc12,66.00031913838659
C1(CCCCC1)CC=C(CCC1CCCCC1)CCC1CCCCC1,41.45375150682424
C1CCC(C1)CCCC(CCCC2CCCC2)=CCCC3CCCC3,42.483337398910166
CCCCCCCCCCCCCCCc1cccc2CCCCc12,41.24803437564378
C1CCC(CC1)CCC(CCCC2CCCC2)CCC3CCCCC3,34.06029759291004
CCCCCCCCCCCCCCCCC1CCc2ccccc12,47.83592427761287
C1CCC(CC1)CCC(CCCC2CCCC2)CCCC3CCCC3,39.487620185756874
C1CCC(C1)CCCC(CCCC2CCCC2)CCCC3CCCC3,43.92456629033673
C(=CCCCCCCCCCCCCCC)C1=C(C=C(C=C1C)C)C,57.315967775551954
C(CCCCCCCCCCCCCCCCCC)C1=CC=CC=C1,56.24404081912918
CC1=CC=C(C=C1)CCCCCCCCCCCCCCCCCC,57.54482672146452
CCCCCCCCCCCCCCCCCCc1ccc(C)cc1,56.396245315419115
CCCCCCCCCC(CCCCCCCC)c1ccc(C)cc1,53.30117963834868
CCCCCCCCC(CCCCCCCC)CCc1ccccc1,51.722714044307295
CCCCCCCCC(CCC1CCCCC1)CCC2CCCCC2,39.53976485910881
C(CCCCCCCCCCCCCCC)C1=CC(=CC(=C1C)C)C,52.35604619257528
C1(=CC=CC=C1)C(CCC)CCCCCCCCC(CCC)CCC,55.06005720050452
CCCCCCCCCCCCCCCC1CCCC2CCCCC12,46.91337871288803
CCCCCCCCC(CCCC1CCCC1)CCCC2CCCC2,48.62268377410828
C1(CCCC1)CCCC(CCCCCCCC)CCCC1CCCC1,48.708448478154246
C1(CCCCC1)C(CCCCCCCCCCCC)C1CCCCC1,42.10762816705544
CCCCCCCCCCCCCCCCC1CCC2CCCCC12,45.41138915382845
C1(CCCCC1)CCCCCCCCCCCCCCCCCCC,45.920387221238286
CCCCCCCCC(CCCCCCCC)CCC1CCCCC1,51.924552242965504
C(CCCCCCCCCCCCCCC)C1C(CC(C(C1)C)C)C,54.669527950981546
C1(CCCCC1)C(CCC)CCCCCCCCC(CCC)CCC,42.85146211382348
C1(CCCC1)CCCC(CCCCCCCC)CCCCCCCC,54.67866315965216
CCCCCCCCC(CCCCCCCC)CCCC1CCCC1,54.656438617614256
CCCCCCCCC(CCCCCCCC)=CCCCCCCC,57.89382588317041
CCCCCCCCC(CCCCCCCC)CCCCCCCC,55.50006881580478
C(CCCC)C(CCCCCCCCC)CCCCCCCCCC,49.97365242980561
C(CCCCC)C(CCCCCC)(CCCCCC)CCCCCC,40.96866086998405
C(CCCC)(=O)OCC(COC(CCCC)=O)(COC(CCCC)=O)COC(CCCC)=O,62.061870253748495
CCCCCCCCCCCCC=C(c1ccccc1)c2ccccc2,52.153280604086795
C1(=CC=CC=C1)C(=CCCCCCCCCCCCC)C1=CC=CC=C1,52.06335913035933
CCCCCCCCCCCCCC(c1ccccc1)c2ccccc2,56.69744308463848
CCCCCCCCCCCCCCCCCCCCc1ccccc1,59.756948559172145
CCCCCCCCCCCCCCCC(CCCC)c1ccccc1,53.3409589020075
CCCCCCCCCCCCCCCCC(CCC)c1ccccc1,55.19288705298457
CCCCCCCCCCCCCCCCCC(CC)c1ccccc1,55.61091264949616
CCCCCCCCCCCCCCCCCCC(C)c1ccccc1,54.08016732649834
CCCCCCCCCCc1ccc(CCCCCCCCCC)cc1,57.99509403737996
CCCCCCCCCCc1cccc(CCCCCCCCCC)c1,60.89803317134518
CCCCCCCCCCCC(CCCCCCC)c1ccc(C)cc1,53.515955010203506
CCCCCCCCCCCCCCCCCCc1cc(C)ccc1C,51.8074885153677
CCCCCCCCCCCCCC(C1CCCCC1)C2CCCCC2,40.24636947776643
CCCCCCCC1CCC(CC1)C2CCC(CCCCCCC)CC2,37.879299585459734
CC1CCC(CC1)C(CCCCCCCCCCC)C1CCC(CC1)C,37.464479084570975
C1(CCCC1)C1C(CCC1)CCCCCCCCCCCCCCCC,47.99331604505275
CCCCCCCCCCCCCCCCC1CCCC2(CCCC2)C1,44.361274878827025
C(C)C(CC1CCC(C2CCCCC12)CC(CCCC)CC)CCCC,43.80169327137584
C=1(C(=CC=CC1)C(=O)OCCCCCCCCC)C(=O)OCCCCCCCCC,40.876834896051335
C(C=1C(C(=O)OCCCCCCCCC)=CC=CC1)(=O)OCCCCCCCCC,40.876834896051335
C(C)(=O)O.OC(CCCCCCCCCCC(=O)OC1=CC=CC=C1)CCCCCC,57.116810165817874
C=1(C(=CC=CC1)C(=O)OCCCCCCC(C)C)C(=O)OCCCCCCC(C)C,45.36209308644199
CCCCCCCCCCC1CCCC(CCCCCCCCCC)C1,52.52351658546333
CCCCCCCCCCC1CCC(CCCCCCCCCC)CC1,47.56844351752012
C(CCCCCCCCCCC)C1CCC(CC1)CCCCCCCC,51.79559475995639
CCCCCCCCCCCCCCCCCCCCC1CCCCC1,49.75034363364606
CCCCCCCCCCCCCCCCCCC1CC(C)CCC1C,51.09952513913672
CCCCCCCCCCCC(CCCCCCC)C1CCC(C)CC1,48.81538653263041
CCCCCCCCCCCCCC(CCCCCC)C1CCCCC1,54.38699945830798
CCCCCCCCCCCCCCCC(CCCC)C1CCCCC1,49.83909320564237
CCCCCCCCCCCCCCCCCC(CC)C1CCCCC1,50.60112815592905
CCCCCCCCCCCC(CCCCCCCC)C1CCCCC1,49.38685519801402
CCCCCCCCCCCCCCCCC(CCC)C1CCCCC1,48.91145826914504
C1(CCCC1)CCCCCCCCCCCCCCCCCCCCC,54.78744441600175
CCCCCCCCCCC(CCCCCCCCCC)C1CCCC1,52.495015600186775
C(CCC)C(CCCC)=CCCCCCCC=C(CCCC)CCCC,54.84218224433341
CCCCCCCCCCCCCCCC(C1CCCC1)C2CCCC2,59.342258185227294
CCCCCCCCCCCC(CCCC)CCCCCCCCCC,57.01405849606101
CCCCCCCCCCCCCC(CCCC)CCCCCCCC,54.676533234163784
CCCCCCCCCCC(CCCCC)CCCCCCCCCC,56.5936874638151
CCCCCCCCCCCCCC(CCCCCC)CCCCCC,51.18584400545787
CCCCCCCCCCCCCCCCCC(CCCC)CCCC,54.18270279139496
CCCCCCCCCCCCCCCC(CCCC)CCCCCC,52.5104635458561
CCCCCCCCCCCCCCCCCCCCCC(CC)CC,51.352691709202794
CCCCC(CCCC)CCCCCCCCC(CCCC)CCCC,54.54954639837112
CCCCCC(CCCCC)CCCCC(CCCCC)CCCCC,53.332246898639355
CCCCCCCCCCC(CCCCCCCCCC)C(CC)CC,51.82489788901525
C(CC)C(CCCCCCCCC)C(CCCCCCCCC)CCC,48.448837218954466
C(C)C(CCCCCCCCCC)(CCCCCCCCCCCC)C,38.61709317434911
CCCCCCCCCCC(CCCCCCCCCC)CC(C)(C)C,49.43544202089322
CCCCCCCCCCCCCC(CC(CC)CC)CC(CC)CC,50.46550159676632
C1(CCCCC1)CCCC(CCCC1CCCCC1)CCC1CCCCC1,34.32022133253617
CCCCCCCCCCCCC1C(CCC1C2CCCC2)C3CCCC3,40.0464492058003
C1(=CC=CC=C1)C(=CCCCCCCCCC)CCCCCCCCCC,65.37905889300504
CCCCCCCCCCC(=CCCCCCCCCC)c1ccccc1,69.19801386013488
C(CCCCCCCCCCCCCCCCCCCC)C1=CC=CC=C1,55.24874413155195
CCCCCCCCCCC(CCCCCCCCCC)c1ccccc1,50.76901260002545
CC1=C(C(=CC(=C1)C)C)CCCCCCCCCCCCCCCCCC,46.75465265720845
C(CCCCCCCCC)C(CCC1CCCCC1)CCC1CCCCC1,37.45101474053929
CCCCCCCCCCCCCCCCCCC1C(C)CC(C)CC1C,43.37242906919158
CCCCCCCCCCC(CCCCCCCCCC)CC1CCCC1,51.01465316053648
C1(CCCC1)CC(CCCCCCCCCC)CCCCCCCCCC,51.13802183375989
C(CCCCCCC)C(CCCCCCCC)CCCCCCCCCC,56.26660171864465
CCCCCC(CCCCC)CCCCCC(CCCCC)CCCCC,47.49662673116934
C(CC(CCCc1ccccc1)=CCCc2ccccc2)Cc3ccccc3,51.4416139832419
C(CC(CCCc1ccccc1)CCCc2ccccc2)Cc3ccccc3,53.21056609641144
CCCCCCCCCCCCCCC=C(c1ccccc1)c2ccccc2,49.85901778404392
CCCCCCCCCCCCCCCC(c1ccccc1)c2ccccc2,53.44959342198371
C(CCCCCCCCCCCCCCCCC)C1CC2=CC=CC=C2CC1,41.4980725481085
C(CCCCCCCCCCCCCCCCC)C=1C=C2CCCCC2=CC1,39.36247399443894
C1(=CC=CC=C1)CCCCCCCCCCCCCCCCCCCCCC,55.61083220697418
CCCCCCCCCCC(CCCCCCCCCC)Cc1ccccc1,56.362070420033376
C(CCC)C(CCCCCCCCCCCCCCCCC)C1=CC=CC=C1,48.30487422475329
CCCCCCCCC1CCC(CC1)C2CCC(CCCCCCCC)CC2,38.78463602560352
CCCCCCCCCCCCCC(CC1CCCCC1)CC2CCCCC2,40.70055015410982
CCCCCCCCCCCCCCCC(C1CCCCC1)C2CCCCC2,39.61740270165553
C1(CCCC1)C1C(CCC1)CCCCCCCCCCCCCCCCCC,50.38487573160587
C(C=1C(C(=O)OCCCCCCCC(C)C)=CC=CC1)(=O)OCCCCCCCC(C)C,45.21330280196472
C=1(C(=CC=CC1)C(=O)OCCCCCCCC(C)C)C(=O)OCCCCCCCC(C)C,45.21330280196472
CCCCCCCCCCCCCCCCCCCCCCC1CCCCC1,47.067278601212635
C1(CCCCC1)CC(CCCCCCCCCC)CCCCCCCCCC,48.13868830261134
CCCCCCCCCCC(CCCCCCCCCC)CC1CCCCC1,48.314257386223645
C(CCCCCCCC)C(CC=CCCCCCC)CCCCCCCCC,52.79210525573222
CC(C)(CC(CC=C(CCC(CC(C)(C)C)C)CCC(CC(C)(C)C)C)C)C,27.148444358547493
CCCCCCCCCCCCCCCCCCCCCCCCCCCC,54.33308900528296
CCCCCCCCCC(CCCCCCCCC)CCCCCCCCC,54.35023956293789
CCCCCCCCCCCC(CCCCCCCC)CCCCCCCC,54.03575863054807
CCCCCCCCCCCCCCCC(CCCCCC)CCCCCC,52.56236593298747
C(CCCCCCC)C(CCCCCCCCC)CCCCCCCCCC,45.40725230244563
C(CC)C(CCCCCCCCCC)C(CCCCCCCCCC)CCC,51.25557910613764
CC(CCC(CCC(C)CC(C)(C)C)CCC(C)CC(C)(C)C)CC(C)(C)C,26.519270993938484
CCCCCCCCCCCCCCCCCC(=O)OCCCCCCCCCC,51.412775451655506
C(CCC(=O)OCCCCCCCCCCCC)(=O)OCCCCCCCCCCCC,40.40392196015759
C(CCCCCC)C(CCCCCC)(CCCCCCCC)CCCCCCC,31.785684587571588
CC1=CC=C(C(=C1)C(=CCCCCCCCCC)CCCCCCCCCC)C,54.152738856614945
CCCCCCCCCCC(=CCCCCCCCCC)c1cc(C)ccc1C,43.99243352567916
CCCCCCCCCCC(CCCCCCCCCC)c1cc(C)ccc1C,40.45213985979303
CCCCCCCCCCC(CCCCCCCCCC)C1CC(C)CCC1C,41.78644629649542
CCCCCCCCCCC(CCCCCCCCCC)CC1CC(C)CC1C,43.298944824683225
C(CCCCCCCC)C(CCCCCCCCC)CCCCCCCCCC,44.08785091911089
C(CCCC(=O)OCCCCCCCCCCCC)(=O)OCCCCCCCCCCCC,37.58926914278894
C(CCCCC)(=O)OCC(COC(CCCCC)=O)(COC(CCCCC)=O)COC(CCCCC)=O,51.79764534428739
CCCCC(=CCCCCCCC=C(CCCC)c1ccccc1)c2ccccc2,46.75802298438566
CCCCCCCCCCCCCCCCC=C(c1ccccc1)c2ccccc2,48.60933057560385
CCCCCCCCCCCCCCC=C(Cc1ccccc1)Cc2ccccc2,47.7787515013075
CCCCCCCCCCCCCCCC(Cc1ccccc1)Cc2ccccc2,54.51843435365917
CCCCC(CCCCCCCCC(CCCC)c1ccccc1)c2ccccc2,46.200483804475326
C(CCC)C(=CCCCCCCCCCCCCCC)C1=CC=CC2=CC=CC=C12,45.37482069839153
C(CCCCCCCCCCCCCCCCCCCCCCC)C1=CC=CC=C1,58.2812872720567
C1(CCCCC1)CC(CCCCCCCCCCCCCCC)CC1CCCCC1,34.252361487579904
CCCCCCCCCCCCCC(CCCCCCCC)CCCCCCCC,53.614755646708126
CC(C)CCCC(C)CCCC(C)CCCCC(C)CCCC(C)CCCC(C)C,43.30927056109046
C(CCCCCCCCCCCCCCC)(=O)OCCCCCCCCCCCCCC,42.69891545568548
C(CCCCCCCCCCCCCCCCCCCCCCCCCCC)(=O)OCC,44.54783583558507
C(C)OC(C(=C(CCCCCCCCCCCCC)O)CCCCCCCCCCCC)=O,37.33272524219364
C(CCCCCCCCC(=O)OCCCCCCCCCC)(=O)OCCCCCCCCCC,40.18361082784375
C(CCCCC(=O)OCCCCCCCCCCCC)(=O)OCCCCCCCCCCCC,35.567734746566074
CCCCCCCCCCC(=CCCCCCCCCC)c1cccc2ccccc12,52.50261570552293
CCCCCCCCCCC(CCCCCCCCCC)c1cccc2CCCCc12,34.27624755026664
C(CCCCCCCCCCCCCCCCCCCCCCCC)C1=CC=CC=C1,56.424762196998614
CCCCCCCCCCCCC(CCCCCCCCCCCC)c1ccccc1,49.798676000076355
CCCCCCCCCCC(CCCCCCCCCC)C1CCCC2CCCCC12,38.164856209350376
CCCCCCCCCCCCC(CCCCCCCCCCCC)C1CCCCC1,47.1942712212674
C(CCCCCCCCC)C(=CCCCCCCCCC)CCCCCCCCCC,53.85719149543518
C(CCCCCCCCC)C(CCCCCCCCCC)CCCCCCCCCC,53.15518595158065
C(C(CCC(=O)OCC(CCCC)CC)C(=O)OCC(CCCC)CC)C(=O)OCC(CCCC)CC,46.437707190667055
C(CCC)C(=CCCCCCCCCCCCCCCCC)C1=CC2=CC=CC=C2C=C1,43.4629742616805
CC(C)CC(C(CC(C)C)(C1=CC=C(C=C1)C(C)(C)C)C)(C1=CC=C(C=C1)C(C)(C)C)C,17.98384874853328
CCCCCCCCCCCC(CCCCCCCCCC)c1cccc2ccccc12,56.59565594543278
CCCCCCCCCCCCCCCCCCCCCCc1ccc2CCCCc2c1,40.52155565276854
CCCCCCCCCCCCCCCCC=C(CCCC)c1ccc2CCCCc2c1,34.94978814351832
C(CCC)C(CCCCCCCCCCCCCCCCCCCCC)C1=CC=CC=C1,43.47408916585738
CCCCCCCCCCCCCCCCCCCCCCC1CCC2CCCCC2C1,36.17101677840011
C(CCC)C(CC1CC2CCCCC2CC1)CCCCCCCCCCCCCCCC,34.8726294211548
CCCCCCCCCCCCCCCC(CCCCCCCC)CCCCCCCC,50.2388931554743
CCCCCCCCCCCC(CCCCCCCCCC)CCCCCCCCCC,51.214454029113426
C(CCC)C(CCCCCCCCCCCCCCCCC)C1CCC2(CC1)CCCCC2,29.16579226163932
C(CCCCCC)(=O)OCC(COC(CCCCCC)=O)(COC(CCCCCC)=O)COC(CCCCCC)=O,56.59330195578126
CCCCCCCCCCCCCCCCCC(CCCCCCCC)CCCCCCCC,47.59126431022223
CCCCCCCCCCCCCC(CCCCCCCCCC)CCCCCCCCCC,49.85938223850712
C1(CCCCC1)C(CCCCCCCCCCCCCC)CCCCCCCCCCCCCC,43.32033045155034
C1(=CC=CC=C1)C(CCCCCCCCCCCCCC)CCCCCCCCCCCCCC,49.29155922918112
CCCCCCCCCCCCCCC(CCCCCCCCCCCCCC)C1CCCCC1,43.7530225894006
CCCCCCCCCCCCCCCC(CCCC)CCCCCCCCCCCCCCC,46.79221525702665
C(CCCCCC)C(CCCCCCCCC)(CCCCCCCCCC)CCCCCCCC,37.581286713613
CCCCCCCCCCCCCCCCCCCCC=C(CCCC)c1ccc2ccccc2c1,55.345457558237314
C(CCCCCCCCCC)C(CCCCCCCCCCCC)CCCCCCCCCCCC,47.175132837903675
CCCCCCCCCCCCC(CCCCCCCCCCC)CCCCCCCCCCCC,47.27591863045222
C(CCCCCCC)(=O)OCC(COC(CCCCCCC)=O)(COC(CCCCCCC)=O)COC(CCCCCCC)=O,46.60016721990016
CCCCCCCCCCCCCC(CCCCCCCCCCCC)CCCCCCCCCCCC,46.69188804939573
CCCCCCCCCCCCCCCCC(CCCCCCCCCCCCCCCC)C1CCCCC1,44.47785624089987
