SMILES,beta_40C_linear
CCOCOCOCOCC,0.0010685805422647522
C(C)(=O)OCCOCCOC(C)=O,0.0009408602150537644
CCOCOCOCOCOCC,0.0009389671361502355
C1(CCCCC1)C(=O)OCC,0.0009327701513551556
CCCC(=O)c1ccccc1,0.0008009543285616893
CCCCc1ccccc1,0.0009873617693522895
C1CC[C@@H]2CCCC[C@@H]2C1,0.0008503401360544225
C1CCC(C1)C2CCCC2,0.0008823529411764692
CCCCCC1CCCC1,0.0010094501718213066
CCCCC1CCCCC1,0.0009991496598639464
CCCCCCCCC=C,0.001080459770114941
CCCCCCC=CCC,0.001073059360730592
CCCC(CCC)CCC,0.0011326860841423933
CCCCCCC(CCC)O,0.0009658857377722983
C(=C)OCCOCCOCCOC=C,0.0008539188777066186
CCCCCCCCCC,0.001095571095571094
CCCCCOCCCCC,0.0011096605744125338
C1CCC(C1)c2ccccc2,0.0008574490889603438
CCCCCc1ccccc1,0.0009072978303747522
[CH2]1CC[C]2(CC1)CC[CH2]CC2,0.0008199847444698711
CC(C)CCC1CCCCC1,0.0009457755359394712
CC(CC)(C)C1CCCCC1,0.000880425880425879
CCCCCC1CCCCC1,0.0009094754653130296
CCCCCCC1CCCC1,0.0009389671361502356
CCCCCCCCCC=C,0.001020408163265307
CCCCCC=CCCCC,0.0010148849797023012
CCCCCCCCCCC,0.001056014692378327
CCCCCCCCCC(C)=O,0.0009658857377722983
C(CCCC)OCCOCCOCCO,0.0007638888888888876
COC(C)COC(C)COC(C)COC,0.0009259259259259267
CCCCCOc1ccccc1,0.0008781558726673991
CC1=CC=CC2=CC=CC=C12,0.000730411686586986
CCOC(=O)C=Cc1ccccc1,0.0008236434108527138
O(c1ccccc1)c2ccccc2,0.000756143667296787
CCc1cccc2ccccc12,0.000718823136074892
C1CCC(CC1)C2=CC=CC=C2,0.0008081896551724143
O=C(c1ccccc1)c2ccccc2,0.000614439324116744
C(C)C1CCCC2=CC=CC=C12,0.0007809726659566903
CCCCCCc1ccccc1,0.0008491311216429685
CCCC(CC)c1ccccc1,0.0008886255924170603
C1CCC(CC1)C2CCCCC2,0.0008218654434250772
CC(C1CCCC1)C2CCCC2,0.0008294753086419761
CCCCCC1CCCCC1C,0.0010195588847274248
CCC(CC)CC1CCCCC1,0.000955284552845527
CCCC(CC)C1CCCCC1,0.0008641975308641982
C1(=CC=C(C=C1)C(=O)OCC)C(=O)OCC,0.000698875721665148
CC(CCC)(C)C1CCCCC1,0.0009564509564509552
CCCCCCC1CCCCC1,0.0008816120906801015
CCCCCCCC1CCCC1,0.0009094754653130296
CCCCCCCCCCC=C,0.0009869896814715126
CCCCCC=CCCCCC,0.0009606791778373556
CCCCCC=CC(C)CCC,0.000980392156862746
CCCCC/C(=C/CCCC)/C,0.0009946949602122025
CCCCCCC(C)CCCC,0.0010148849797023012
CCCCC(CC)CCC(C)C,0.0010148849797023012
CCCC(CC)(CCC)CCC,0.0009700176366843042
CCCC(CC(C)C)CC(C)C,0.0010502283105022813
CCC(C)(C)CCC(C)(C)CC,0.001004016064257029
CCCCCCC(C)CC(C)C,0.0010217983651226168
CCCCCCCCCCCCO,0.0008739837398373968
C(CCCCCCC)OCCCC,0.0009867009867009875
C(C=CC(CCCCCCCC)O)O,0.0007419471588852704
CCCCCCCCCCCC,0.001020408163265307
CCCCCCC(C)CCC=C,0.0009568313306631072
CCCCOCCOCCOCCCC,0.0009227220299884668
C(CCCCC)OCCOCCOCCO,0.000769499825113675
C(C)OCCOCCOCCOCCOCC,0.0007795447458684135
C(COCCOCCOCCOCCCC)O,0.0007864792503346728
CC1CCC(CC1C)C(C)(C)C,0.000893219650832317
C(c1ccccc1)c2ccccc2,0.0008072653884964689
CCCc1ccc2ccccc2c1,0.000745750953867498
C(CC)C1=CC=CC2=CC=CC=C12,0.0007342896174863375
CC(C)c1cccc2ccccc12,0.0007298031228784799
CCC1=C(C2=CC=CC=C2C=C1)C,0.0007283197831978327
CCC1=CC=CC2=C(C=CC=C21)C,0.0007717569786535294
C1(=CC=CC=C1)CC1=C(C=CC=C1)O,0.0006900690069006906
Cc1ccccc1C2CCCCC2,0.000759219088937094
CC(C)C1CCCc2ccccc12,0.0008185301288749552
CC(C)(C)c1ccc2CCCc2c1,0.0007832422586520953
C1CCC2CCC3C(C12)CCCC3,0.0007866813025978784
C(C)C1=CC=C(C2=CC=CC=C12)C,0.0007452574525745264
CCCCCCCc1ccccc1,0.0008896797153024896
C(CCCCC)C1=CC=C(C=C1)C,0.0008699090549624343
C1CCC(CC1)CC2CCCCC2,0.0008111239860950181
CCCCC(C)(C)c1ccccc1,0.0008537058595265821
CC1C(CCCC1)C1CCCCC1,0.0008390541571319611
C1(CCCCC1)C1CC(CCC1)C,0.0007963594994311725
CC(C)C(C(C)C)C1=CC=CC=C1,0.000876168224299064
C(CC)C1CC2CCCCC2CC1,0.0008380952380952388
Cc1ccccc1c2ccccc2,0.0007355399531929127
C(CC)OCCOCCOCCC,0.0009781357882623714
C(CCC)OC(C)C1=CC=C(C=C1)OC,0.0010869565217391313
CC(C)C(C(C)C)C1CCCCC1,0.0008997955010224934
CCCCCCCC1CCCCC1,0.0009201171058134678
CCCCCCCCC1CCCC1,0.0008980785296574778
CCCCCCCCCCCC=C,0.0009764758100310706
CCCCCC=CCCCCCC,0.0009086879432624121
CCCCC(CCCC)=CCCC,0.0009907529722589176
CCCCCCCCCCCCC,0.0009658580413297403
CCCCC(CCCC)CCCC,0.0010067114093959741
CCCCCC(C)(CC)CCCC,0.0009196949304620914
CCCC(CCC)(CCC)C(C)C,0.0009114583333333341
CC(C)(CCCCCCCCCC)O,0.0008830022075055194
C(COCCOCCCCCCCCC)O,0.0007776599505125473
C(CCCCCC)OCCOCCOCCO,0.0007393121182899378
CCCCCOC(C)(C)CC(C)(C)C,0.0009347653142402532
C=C(c1ccccc1)c2ccccc2,0.0007778881165177083
CCc1cccc(c1)c2ccccc2,0.0009315718157181563
CCc1ccccc1c2ccccc2,0.0007460155985079696
CC(c1ccccc1)c2ccccc2,0.0006768189509306266
Cc1cccc(Cc2ccccc2)c1,0.0007327880027266519
Cc1ccc(Cc2ccccc2)cc1,0.0007320394960844387
CC1=C(C=CC=C1)CC1=CC=CC=C1,0.0007253711201079628
CC1=C(C=CC=C1)C(C1=CC=CC=C1)=O,0.0006703229737964661
C1CCC(C1)c2ccc3CCCc3c2,0.0006646216768916161
C(OCc1ccccc1)c2ccccc2,0.0007642276422764217
C(C1=CC=CC=C1)C1=CC=C(C=C1)OC,0.0006897658004491486
CC(C)Cc1cccc2ccccc12,0.000730688935281836
CCCCc1cccc2ccccc12,0.0007110648629899398
C(C)C1=C(C=C(C2=CC=CC=C12)C)C,0.0007355399531929127
CC=1C(=CC2=CC=CC=C2C1)CCC,0.000730411686586986
CC1=CC=C(C2=CC=CC=C12)C(C)C,0.0007289595758780656
O(C1=CC=CC=C1)CCOC1=CC=CC=C1,0.0007208765859284866
C1CCC(CC1)CCc2ccccc2,0.000785818713450293
C1(CCCCC1)C1=C(C=C(C=C1)C)C,0.000762527233115469
CC(C1CCCCC1)c2ccccc2,0.0007600434310532037
C1CCC(C1)CCCc2ccccc2,0.0007936507936507943
CCCCC1CCCc2ccccc12,0.0007600434310532037
Cc1cc(C)c(C2CCCC2)c(C)c1,0.0007706093189964164
CCC(C)C1CCCc2ccccc12,0.0007832422586520953
C1CCC2C(C1)CCC3CCCCC23,0.0006623702112423923
CCCCCCCCc1ccccc1,0.0008709422011084704
CC(CCCCCC)C1=CC=CC=C1,0.0008709422011084704
C(C)C1C(CCCC1)C1CCCCC1,0.0007575757575757583
CC(C1CCCCC1)C2CCCCC2,0.0008134695421869095
C1(CCCCC1)CC1CCC(CC1)C,0.0007716049382716055
CC(C)CCC(C)(C)c1ccccc1,0.0008566978193146403
C1CCC(CC1)CCCC2CCCC2,0.0008001561280249811
CC(C)(C)c1cccc(c1O)C(C)(C)C,0.0008125677139761653
CCCCCCC(C)C1CCCCC1,0.0008847736625514411
CC(C)(C)C1CCC(CC1)C(C)(C)C,0.0009281200631911518
CCCCCCCCC1CCCCC1,0.0008750000000000008
CC(=C)CCCCCCCCC(C)=C,0.0009235936188077253
CCCCCCCCCCCCC=C,0.000945470536499561
CCCCCCCCCC1CCCC1,0.0008812260536398474
CCCCCCC=CCCCCCC,0.0008991228070175447
CC(=CCCCCC)CCCCCC,0.0008771929824561412
CC(=CC(C)(C)C(C)(C)C)C(C)(C)C,0.0009106310885218136
C=1(C(=CC=CC1)C(=O)OCCOC)C(=O)OCCOC,0.0006896551724137906
CCCCCCCCCCCCCC,0.0008912655971479509
CC(C)CCCCCCCCCCC,0.000937081659973227
CCCCCCC(C)CCCCCC,0.0009345794392523372
CC(C)CCCCCCCCC(C)C,0.0009271523178807956
CCC(CC)CCCCC(CC)CC,0.0009392747924858025
CC(CC(C)(C)C(C)(C)C)C(C)(C)C,0.0008682761541719617
C(CCC(=O)OCCCCC)(=O)OCCCCC,0.0008289241622574944
C(CCCCC(=O)OCC(C)C)(=O)OCC(C)C,0.0009279086366880807
C(CCC(=O)OCCC(C)C)(=O)OCCC(C)C,0.000849256900212313
C(CCCCCCC)OCCOCCOCCO,0.0007632232871849473
CC(OCCOCCOCCOCCOCCOC)C,0.0007621512798389406
C(CCC)OCCOCCOCCOCCOCCO,0.0007374631268436566
CC(C)Cc1cccc2CCCCc12,0.0007575757575757583
C(Cc1ccccc1)Cc2ccccc2,0.000754458161865568
CC(Cc1ccccc1)c2ccccc2,0.0008134302526825878
CCc1ccc(Cc2ccccc2)cc1,0.0007253886010362683
CCCc1ccccc1c2ccccc2,0.0007411237504308846
CCc1cccc(Cc2ccccc2)c1,0.000724637681159419
CCC(c1ccccc1)c2ccccc2,0.0007342896174863375
CCc1ccccc1Cc2ccccc2,0.0007320394960844387
CC(C)c1ccccc1c2ccccc2,0.0007567939456484337
C1(=C(C=CC=C1)CC1=C(C=CC=C1)C)C,0.0007238883143743524
CC1=CC=C(C=C1)C(C)C1=CC=CC=C1,0.0007357973990417511
Cc1ccc(Cc2ccccc2)cc1C,0.0007320394960844387
CC(C)(c1ccccc1)c2ccccc2,0.0007275803722504237
C(C)C1=CC=C(C(=O)C2=CC=CC=C2)C=C1,0.0006386292834890989
CC=1C=C(C(=O)C2=CC=CC=C2)C=CC1C,0.0006333024405313551
CCCCCc1cccc2ccccc12,0.0006995452955578861
Cc1ccc(C)c(CC2CCCCC2)c1,0.0007292778370686595
CCCCCC1CCCc2ccccc12,0.0007293946024799422
C(C)OCCOCCOCCOCC,0.0009451795841209838
CCCCCCCC(C)c1ccccc1,0.0008491311216429685
CC1=CC=C(C=C1)CCCCCCCC,0.0007898894154818311
CC1=C(C=C(C=C1)CCCCCCC)C,0.0007954986418315879
C1CCC(CC1)CCCC2CCCCC2,0.0007760962359332564
CC(CC1CCCCC1)C2CCCCC2,0.0007471264367816098
C(CC)C1C(CCCC1)C1CCCCC1,0.0007411630558722926
CCC(C1CCCCC1)C2CCCCC2,0.0007172517931294836
C1(CCCCC1)CC1CC(CCC1)CC,0.0007686539182602182
C(C)(C)C1C(CCCC1)C1CCCCC1,0.0008107088989441938
CC(C)(C1CCCCC1)C2CCCCC2,0.000726256983240224
CCCCCCCCCOc1ccccc1,0.0008323874385168376
C(CCC)C1C(CCCC1)CCCCC,0.0008415435139573076
CC(CC)CC(CC)(C1CCCCC1)C,0.0008750994431185349
CCCCCCCCCC1CCCCC1,0.0008074534161490691
CCCCCCCCCCCCCC=C,0.0009186351706036753
CCCCCCC=CCCCCCCC,0.0008519003931847976
CCCCCCCCCCC1CCCC1,0.0008771929824561411
CC(C=C)CCCCCCCCCCC,0.000876040297853702
CCCCCCCCCCCCCCC,0.0009271523178807956
CC(C)CCCCCCCCCCCC,0.0008632138114209835
CCCCCCCCCCC(CC)CC,0.0008519003931847976
CCC(CC)CCCCCC(CC)CC,0.0008885999133073263
CC(CCCCCCCCCCCCC)=O,0.0007742461287693546
CCCCCCCCCCCCCC(=O)OC,0.0008802816901408438
CC(C)CCCC(CCCC(CC)C)(O)C,0.0008527994067482395
C(CCCC(=O)OCCC(C)C)(=O)OCCC(C)C,0.0008602150537634415
CCCC(=O)OCC(COC(=O)CCC)OC(=O)CCC,0.0007866273352999006
C(COCCOCCOCCOCCOCCCCC)O,0.0007289595758780656
CCCCC(CC)COC(=O)c1ccccc1,0.0008070175438596479
C1(CCCCC1)C1=CC2=CC=CC=C2C=C1,0.0006442021803766093
C1(CCCCC1)C1=CC=CC2=CC=CC=C12,0.0006322957198443585
C1(=CC=CC=C1)C(=CCC)C1=CC=CC=C1,0.000679578661230038
CCC(Cc1ccccc1)c2ccccc2,0.0008919202518363054
CCCCc1ccccc1c2ccccc2,0.0007337526205450722
CCCC(c1ccccc1)c2ccccc2,0.0007103257103257091
CC(Cc1ccccc1)Cc2ccccc2,0.0007545271629778679
CC(C)Cc1ccccc1c2ccccc2,0.0007543859649122794
C1(=CC=CC=C1)CC(C)(C)C1=CC=CC=C1,0.0007488679902472993
CCC(C)c1ccccc1c2ccccc2,0.000730688935281836
C1(=CC=CC=C1)C(C(C)C)C1=CC=CC=C1,0.0007276507276507264
C(C)C1=CC=C(C=C1)C(C)C1=CC=CC=C1,0.0007095880927656616
CC(C)c1ccc(Cc2ccccc2)cc1,0.0006851661527920508
CCC(C)(c1ccccc1)c2ccccc2,0.0007135575942915398
CC(c1ccccc1)c2cc(C)ccc2C,0.000703017832647461
C1CCC(C1)c2ccccc2C3CCCC3,0.0006901311249137323
C1(=CC=CC=C1)C1CC2CCCCC2CC1,0.000686577411603157
CC1=C(C(=CC(=C1)C)C)C(C1=CC=CC=C1)=O,0.0006422607578676948
CCCCCCc1ccc2ccccc2c1,0.0007316202712348328
CC(=C)C1C(CC(CC1)C)C1=CC=CC=C1,0.0007706093189964164
C(C)(C)C1C=CC(C2=CC=CC=C12)C(C)C,0.0007145409074669532
C(CCCCCC)C=1C=C2CCCC2=CC1,0.000722222222222223
C1CCC(C1)C(C2CCCC2)C3CCCC3,0.0007222824124232582
CCC(CC1CCCCC1)C2CCCCC2,0.0009259259259259268
CCCCCCCCCCc1ccccc1,0.0008313539192399034
C(CCC)C1=C(C=CC=C1)CCCCCC,0.000765606595995287
CCCCCCCCC(C)c1ccccc1,0.0008668242710795887
CC1=C(C=C(C=C1)C)CCCCCCCC,0.0007824726134585276
C1CCC(CC1)CCCCC2CCCCC2,0.0007162214479287655
CCCCC1CCC(CC1)C2CCCCC2,0.0007454128440366978
CC(CC1CCCCC1)CC2CCCCC2,0.0007936507936507944
CC(CCC1CCCCC1)C2CCCCC2,0.0007104454685099853
CCCC(C1CCCCC1)C2CCCCC2,0.0006439393939393946
CCC(C)(C1CCCCC1)C2CCCCC2,0.000702922678505365
CCCCOC(=O)c1ccccc1C(=O)OCCCC,0.0007612568837058622
C1(=CC=C(C=C1)C(=O)OCCCC)C(=O)OCCCC,0.0007002801120448186
C=1(C(=CC=CC1)C(=O)OCC(C)C)C(=O)OCC(C)C,0.0006849315068493156
C(C=1C(C(=O)OC(C)CC)=CC=CC1)(=O)OC(C)CC,0.0007122507122507098
C(C1=CC=C(C(=O)OCC(C)C)C=C1)(=O)OCC(C)C,0.0007062146892655374
C(C1=CC(C(=O)OCC(C)C)=CC=C1)(=O)OCC(C)C,0.0006944444444444451
C(CCCC)C1CCC(CC1)CCCCC,0.0008240626287597864
C(CCC)C1C(CCCC1)CCCCCC,0.0008394758394758381
CCCCCCCCCCC1CCCCC1,0.000828157349896481
C(=C)C(CCCC)CCC=CCCCCC,0.0008602150537634415
CCCCCCCCCCCCCCC=C,0.0009114583333333341
CCCCCC=CCCCCCCCCC,0.0008441558441558449
CCCCCCCCCCCC1CCCC1,0.0008212019410227704
CC(C)(C=CC(CCCCCCCC)C)C,0.0008441558441558449
CCCCCCCCCCCCCCCC,0.0008771929824561412
CC(C)CCCCCCCCCCCCC,0.0009026860413914583
CCCCCCC(CCC)CCCCCC,0.0008967629046369212
CC(CCCCC)CCCCCCCCC,0.0008507853403141367
CCCCC(CC)CCC(CC)CCCC,0.0008658008658008666
CCC(CC)(CC)CCC(CC)(CC)CC,0.0007802340702210669
CCCCCCCC(CO)CCCCCCC,0.0008495145631067947
CCCCCCCCCC(CO)CCCCC,0.000830295666261643
CCCCCCCCCCC(CO)CCCC,0.000830295666261643
CCCCCCCCCCCC(CO)CCC,0.000830295666261643
CCCCCCCCCCCCC(CC)CO,0.000830295666261643
CCCCCCCCC(CO)CCCCCC,0.000830295666261643
C(C(=O)OCCCCCCC)(=O)OCCCCCCC,0.0008116883116883124
C(CCCCCCCCC(=O)OCCC)(=O)OCCC,0.0008208422555317636
C(CCCCC(=O)OCCCCC)(=O)OCCCCC,0.0007859949982136485
C(CCCCCCC(=O)OCCCC)(=O)OCCCC,0.0007689556509299005
CCCCCCOCCOCCOCCCCCC,0.0007566938300349251
C(c1ccccc1)c2cccc3ccccc23,0.0005797101449275336
CC(C)c1ccc2ccc3ccccc3c2c1,0.000609384521633151
C(CCc1ccccc1)CCc2ccccc2,0.0009367267585719325
C(CCC)C1=CC=C(C=C1)CC1=CC=CC=C1,0.0007062146892655354
CCCCC(c1ccccc1)c2ccccc2,0.0007170339279468333
C(C1=CC=CC=C1)C(CC1=CC=CC=C1)CC,0.0007496513249651312
C1(=CC=CC=C1)C(CC(C)C)C1=CC=CC=C1,0.0007185418857343135
CC=1C(=C(C=CC1)C1=CC=C(C=C1)C)C(C)C,0.0006645680307799918
CC1=CC=C(C=C1)CC(C)C1=CC=C(C=C1)C,0.0007125477928397624
CC(=CC1=CC=CC2=CC=CC=C12)CC(C)C,0.0006484402383455999
CC(=C(C(C)C)C1=CC=CC2=CC=CC=C12)C,0.0006416926812348236
CC1CC(=C(CC1)C(C)C)C1=CC=C(C=C1)C,0.0007262164124909229
C(CCCCCC)C=1C=C2CCCCC2=CC1,0.0007206208425720627
CCCCCCCC1CCCc2ccccc12,0.000717213114754097
CC(CC=CC1=CC=CC=C1)CCC=C(C)C,0.0007411630558722926
CC(CCCC(C)C)C1CCC2=CC=CC=C12,0.0007076350093109876
C1(=CC=CC=C1)C(C)=CCCCCCCCC,0.0007430997876857736
CC(CC=C(CCCCC)C1=CC=CC=C1)C,0.0007566938300349251
CCCCCCCCCCCc1ccccc1,0.0008303677342823235
CCCCCCCCCC(C)c1ccccc1,0.0007870916961826037
C1(CCCCC1)CCCCCC1CCCCC1,0.0007390120575651505
CCCCC(C1CCCCC1)C2CCCCC2,0.0007229832572298332
CC(C)CC(C1CCCCC1)C2CCCCC2,0.0007403189066059232
CCCCCCCCCCCC1CCCCC1,0.0007809288943690923
CCCCCCCCCCCCCCCC=C,0.0008851468048359248
CCCCCCCC=CCCCCCCCC,0.0008016877637130808
CCCCCCCCCCCCC1CCCC1,0.000869565217391305
CCCCCCCC(C)(C)CCCCCCC,0.0008441558441558449
CCCCCCCCCCCCCC(C)(C)C,0.000837320574162678
CCCCCCCCCCC(CCC)CCC,0.0008193186718413115
C(CCC)C(CCCC)(CCCC)CCCC,0.0009816753926701579
CCCCCCC(CCC)(CCC)CCCC,0.0008313539192399034
CC(C)CCC(CC(CCC(C)C)(C)C)(C)C,0.0008333333333333339
C(CCCCCCCCCCCC)(=O)OCCCC,0.0007908264136022128
C(CCCCCCCCC)(=O)OCCCCCCC,0.0007861635220125771
C(CCCCCCCC)(=O)OCCCCCCCC,0.0008061689449702057
C(CCCCCCCCCCCCCC)(=O)OCC,0.0008500000000000007
C(CCCCCCCC)(=O)OC(CCCCCC)C,0.0009105304829770373
CCCCCCCCCCCCCC(=O)OC(C)C,0.0008154335719968165
CCCCCCCCCCCCCCCC(=O)OC,0.0008154335719968165
CCCCCCCCCCCCCC(=O)OCCC,0.0008096366508688769
C(CC)(=O)OCC(CCCCCCC)CCCCC,0.0008039215686274496
C(CCCCCC)C(C(=O)OC)CCCCCCC,0.00080507022953066
CC(CCCCCCCCCCCCC(=O)OC)C,0.0008009543285616893
CC(CC(=O)OC(CC(C)(C)C)CCCCC)(C)C,0.000874316939890711
C(CCCCCCCC(=O)OCC(C)C)(=O)OCC(C)C,0.0007781397032211371
CC(OCCCC)COC(COC(COCCCC)C)C,0.0007597801487229216
CCCCOCCOCCOCOCCOCCOCCCC,0.0006672597864768704
CCC1c2ccccc2C(CC)c3ccccc13,0.0005988023952095814
CCCC(Cc1ccccc1)Cc2ccccc2,0.0006563039723661474
C1(=CC=CC=C1)CCCCCCC1=CC=CC=C1,0.0007462686567164166
CCCCCC(c1ccccc1)c2ccccc2,0.000723870056497174
CC(CC(C1=CC=CC=C1)C1=CC=CC=C1)(C)C,0.0007282356835484928
C1(CCCCC1)CCC=1C=C2CCCCC2=CC1,0.0006604101494612431
CCCCCCCCc1ccc2ccccc2c1,0.0006666666666666672
CCCCCC(CC)c1ccc2ccccc2c1,0.0005649717514124298
CCCCCCC(C)c1cccc2ccccc12,0.0006465517241379316
CCCCC(CC)Cc1cccc2ccccc12,0.0006595365418894835
C1(CCCCC1)C1CC(CCC1)C1CCCCC1,0.0006861682918020952
C1(CCCCC1)C1C(CCCC1)C1CCCCC1,0.0007004310344827593
C1(CCCCC1)C1CCC(CC1)C1CCCCC1,0.0006869479882237477
C(CCCCCCC)C=1C=C2CCCCC2=CC1,0.0006867112100965114
CCCCCCCCC1CCCc2ccccc12,0.0007198228128460694
C(CCC)C=1C=C2CCCCC2=CC1CCCC,0.0006952067325283576
CC(CC1CCC(C2=CC=CC=C12)CC(C)C)C,0.000702922678505365
CC(C)(C)C=1C=C2C(C(C(C2=CC1)(C)C)C)(C)C,0.000723870056497174
CCCCCCCCCCCCc1ccccc1,0.00081155977830562
C(CCCCC)C1=CC=C(C=C1)CCCCCC,0.0007692307692307678
C(CCCC1CCCCC1)CCC2CCCCC2,0.000648584905660378
CCCCCCC1CCC(CC1)C2CCCCC2,0.0007716049382716055
CCCC(CC1CCCCC1)CC2CCCCC2,0.0007364341085271325
CCC1(CCCCC1)CCC2(CC)CCCCC2,0.0007295173961840635
CCCCCCCCC1CCCC2CCCCC12,0.0007381507381507388
CCCCC(CC)CC1CCCC2CCCCC12,0.0007347254447022435
CCCCC(C)(CC)C1CCCC2CCCCC12,0.000743707093821511
CC(CC)C1CCC(C2CCCCC12)C(CC)C,0.0007099751508697181
CCCCOCCOCCOCCOCCCC,0.0008034026465028379
C(C1=CC(C(=O)OCCCCC)=CC=C1)(=O)OCCCCC,0.0006684103458297012
C(C=1C(C(=O)OCCCCC)=CC=CC1)(=O)OCCCCC,0.0007062146892655374
C(CCCC)OC(=O)C1=CC=C(C=C1)C(=O)OCCCCC,0.0006775067750677512
C(CCCCC(=O)OC1CCCCC1)(=O)OC1CCCCC1,0.0006830601092896181
C1(=CC(=CC=C1)C(=O)OCCC(C)C)C(=O)OCCC(C)C,0.0006758700028760415
C(C)C1C(C(C(C(C1CC)CC)CC)CC)CC,0.0007540603248259867
C(C)C(CC)=CCCCCCCC=C(CC)CC,0.0008084577114427867
C=CCCCCCCCCCCCCCCC=C,0.0008057675996607301
CCCCCCCCCCCCCCCCC=C,0.000837628865979382
CC(=CCCCCCCC)CCCCCCCC,0.0007905982905982913
C(CC)C(=CCCCCCC)CCCCCCC,0.0008088548318433384
CC(CCCCCC)C=CC(CCCCCC)C,0.0008213141025641011
CCCCCCCCCCCCCC1CCCC1,0.0007918552036199102
CCCCCCCCCCCCCCCCCC,0.0008008658008658016
CCCCCCCCCCCCCCCC(C)C,0.0008703220191470853
CC(CCCCCCCC)CCCCCCCC,0.000794673539518901
C(CC)C(CCCCCCC)CCCCCCC,0.0007916131792896884
CCCC(CCC)CCCCC(CCC)CCC,0.0008817204301075277
C(CCC)C(CCCC)C(CCCC)CCCC,0.0008130081300813016
CCC(CC)CCCCCCCCC(CC)CC,0.0008119658119658126
CC(CC)(CCCC(CCCC(CC)(C)C)C)C,0.0007936507936507944
CC(C)(CC(CCCCC(CC(C)(C)C)C)C)C,0.0008183632734530924
C(\C=C/C(=O)OCCCCCCC)(=O)OCCCCCCC,0.0007122507122507128
C(CCCCCCCCC(=O)OCCCC)(=O)OCCCC,0.0007575757575757583
C(CCCCC(=O)OCCCCCC)(=O)OCCCCCC,0.0007355242566510161
CCCCCCC(c1ccccc1)c2ccccc2,0.0007826396300249027
C=1(C(=CC=CC1)C(=O)OCCCC)C(=O)OCC1=CC=CC=C1,0.0006184012066364996
C1(=CC=CC=C1)C(=CCCCCC)CCCCCC,0.0007137345679012352
CCCCCCC(CCCCCC)c1ccccc1,0.0007936507936507921
CCCCCCCC1CCC(CC1)C2CCCCC2,0.0006976744186046518
CCCCCCC(C1CCCCC1)C2CCCCC2,0.0006841505131128854
CC(CCC)C1=C(C=CC(=C1)C(CCC)C)CCC,0.0007566938300349251
C(C)C(CCC(C)C)(CCC(C)C)C1=CC=CC=C1,0.0007369614512471662
CCCCCCCCCCCCOC(=O)c1ccccc1,0.0007021063189568712
CCCCCCC(CCCCCC)C1CCCCC1,0.0008149959250203734
C(CCC)C(CCCC)(CCCC)C1CCCCC1,0.0007751937984496108
C(CCCCCC)C1C(CCC1)CCCCCCC,0.0007538712306438453
C1(CCCC1)CC(CCCCCC)CCCCCC,0.0018518518518518534
CCCCCCCCCCCCCC1CCCCC1,0.0007334963325183358
CCCCCCCCCCCCCCCCCC=C,0.0007469056764831418
C(CCCCCCC\C=C\C\C=C\CCCCC)(=O)OC,0.000730411686586986
C(CCCCC)C(=CCCCCC)CCCCCC,0.0007865646258503407
CC(=CC)CCCCCCCCCCCCCCC,0.0007825719120135371
CCCCCCCCCCCCCCCCCCC,0.0008851468048359248
CCCCCCCCCCCCCCC1CCCC1,0.0007398273736128242
CCCCCCC(CCCCCC)CCCCCC,0.0008828596037898372
CC(CCCCC)CCCCCCCCCCCC,0.0007741935483870974
CCCCCCCCCCC(CCCC)CCCC,0.0007712082262210804
CCCC(CCC)CCCCCC(CCC)CCC,0.0007916131792896884
C(CCC)C(CCCC)(CCCCCC)CCCC,0.0007594936708860765
CC(C)CCCC(CCCC(CCCC(C)C)C)C,0.0008885999133073263
CC(C)CCCC(CCC(CC(C)C)CC(C)C)C,0.000830295666261643
C(CCCCCCCCCCCCCC)(=O)OCCCC,0.0007575757575757583
C(CCCCCCCCCCCCCCC)(=O)OC(C)C,0.0007765830346475493
C(C)C(CC)=CCCCCCCCCCCCCCC,0.0007465472191116095
C(CCCCCCC\C=C/C\C=C/CCCCC)(=O)OC,0.0008036739380022969
C(CCCCCCCCCCCCCCCCC)(=O)OC,0.0008431372549019594
CCCCCCCC\C=C/CCCCCCCC(=O)OC,0.0008149010477299192
CCCCCCCCCCc1ccc2ccccc2c1,0.0006769118185144535
CCCCCCCCCCc1cccc2ccccc12,0.0006172839506172845
CCCCCCc1cccc2ccc(CCCC)cc12,0.0006732168850072785
CCCCCCC(CCC)c1ccc2ccccc2c1,0.0006382202771699495
CCCCCCc1cc2ccccc2cc1CCCC,0.0006702898550724642
CCCCCCCCc1cc2cc(C)ccc2cc1C,0.0006695620702135367
CCCCCCCCc1cccc2c(C)ccc(C)c12,0.0007107320540156348
C(C)C(CCCCCC)(C)C1=CC=CC2=CC=CC=C12,0.0006166495375128455
C(CCCC)C1=CC=C(C=C1)C1CCC(CC1)CCC,0.0007008547008546997
C1(CCCCC1)C(CC1CCCCC1)C1CCCCC1,0.0011506276150627605
CCCCCCC1CCCc2ccc(CCCC)cc12,0.0007490636704119857
C(CCCCCCCCC)C=1C=C2CCCCC2=CC1,0.0007311586051743539
CCCCCCc1cc2CCCCc2cc1CCCC,0.0007448789571694606
C(CCCC)C=1C=C2CCCCC2=CC1CCCCC,0.0006503158677071725
CCCCCCCCC1CCCc2c(C)ccc(C)c12,0.0007334066740007342
CC1(CCC2=CC(=C(C=C12)C(C)C)C(CCCC)C)C,0.0007142857142857149
CCCCCCCCCCCCCCc1ccccc1,0.0007701421800947852
CCCCCCCc1ccccc1CCCCCCC,0.0007297830374753437
C(CCCCCC)C1=CC=C(C=C1)CCCCCCC,0.0007109004739336477
C1(=CC=CC=C1)C(CCCCCC)CCCCCCC,0.0007583774250440906
C1(=CC=CC=C1)C(CCC)CCCCCCCCCC,0.0007399577167019015
C(C)C1=CC=C(C=C1)C(CCCCCCCCCC)C,0.0007477371113734734
CCCCCCCCC1CCC(CC1)C2CCCCC2,0.0006976744186046518
C1(CCCCC1)CCCCCCCCC1CCCCC1,0.0006709039548022586
CC(CC1=CC=CC=C1)(CCCCCCC)CC(C)C,0.0007558139534883728
C(CCC)C1=C(C=C(C=C1)C(CCC)C)C(CCC)C,0.0007296466973886336
CCCCCCCCC1CC2CC(C)CCC2CC1C,0.0007390120575651505
C(CCCCCCCCC)C1CC2CCCCC2CC1,0.0007017543859649129
CCCCCCCCC1CCCC2C(C)CCC(C)C12,0.0007531865585168024
CCCCCCC1CC2CCCCC2CC1CCCC,0.0006952491309385869
C1(CCCCC1)C(CC)(C(CC)(C)C1CCCCC1)C,0.0006732168850072785
C(C1=CC(C(=O)OCCCCCC)=CC=C1)(=O)OCCCCCC,0.0006552706552706527
C1(=CC=C(C=C1)C(=O)OCCCCCC)C(=O)OCCCCCC,0.0006887052341597802
C(C=1C(C(=O)OCC(CCCC)CC)=CC=CC1)(=O)OCCCC,0.0006410256410256416
C(C=1C(C(=O)OCC(CC)CC)=CC=CC1)(=O)OCC(CC)CC,0.0006666666666666656
CC(CCCC(C)C)C1CCC(CC1)CCCC(C)C,0.0005684125050751099
CCCCCCCCCCCCCCC1CCCCC1,0.0007352941176470573
CCCCCCCCCCCCCCCCCCC=C,0.0007175071750717491
C(CCCCCCC\C=C/C\C=C/CCCCC)(=O)OCC,0.0007488479262672818
CCCCCCCCCCCCCCCC(CC)=CC,0.0008078231292517013
CC(=C)CCCCCCCCCCCCCCCCC,0.0007430997876857755
C=1(C(=CC=CC1)C(=O)OCCOCCCC)C(=O)OCCOCCCC,0.000638569604086846
CCCCCCCCCCCCCCCCCCCC,0.0008591065292096226
CCCCCCCCCCCCCCCC1CCCC1,0.0007490636704119857
C(CCCCCCC\C=C/CCCCCCCC)(=O)OCC,0.0008187134502923983
CCCCCCCCCCCC(CCCC)CCCC,0.0008365508365508373
CCCCCCCCCCCCCC(CCC)CCC,0.0008547008547008554
CCCCCCCCCCCCCCCC(CC)CC,0.0007449978714346538
C(CCC)C(CCCC)CCC(CCCC)CCCC,0.0007905982905982913
CCCCCCC(CCC)C(CCC)CCCCCC,0.0007672634271099751
C(CCC)C(CCCCC)(CCCCCCCC)CC,0.0007383966244725744
CC(C)CCCC(CCCCC(CCCC(C)C)C)C,0.0008624407072013806
CCCCCCC(C)C(C)C(C)C(C)CCCCCC,0.0007717980809345022
CC(C)(CCCCCCCCCCCCC(C)(C)C)C,0.0008064516129032265
CC(C)CCCC(C(CCC(CCCC(C)C)C)C)C,0.0007990867579908684
CC(C)(CC(CCC(CCC(CC(C)(C)C)C)C)C)C,0.0007936507936507944
C(CCCCCCCCC)(=O)OCCCCCCCCCC,0.0007280598189689083
C(CCCCCCCCCCCCCCC)(=O)OC(CC)C,0.000771971496437053
C(CCC)(=O)OCCCCCCCCCCCCCCCC,0.0007309941520467841
C(CCCCCCCCCCC)(=O)OCC(CCCC)CC,0.0007628524046434484
CC(C(=O)OC)C(C(CCCCCCCCCCCC)C)C,0.0007620941020543414
C(CCCCCCCCCCCCCCCCCC)OC,0.0006914119359534213
C(CCCCC(=O)OCCCCCCC)(=O)OCCCCCCC,0.0006925207756232676
C(CCCCCCCCC(=O)OCCCCC)(=O)OCCCCC,0.0007095410628019346
C(C1=CC=CC=C1)C(CC1=CC=CC=C1)CCCCCC,0.0006718924972004485
C1(=CC=CC=C1)C(CCCCCCCC)C1=CC=CC=C1,0.0006673021925643476
CC(C)C1=CC=C(C=C1)CC(C)C1=CC=C(C=C1)C(C)C,0.0006887052341597783
CCCCCCCCCCCCCCCc1ccccc1,0.0007917656373713365
CCCCCCCCCC1CCC(CC1)C2CCCCC2,0.0006872852233676982
C1(CCCCC1)C(C(CCCCCC)C)C1CCCCC1,0.0006867112100965114
CCCCCCCCCCCC1CCCC2CCCCC12,0.0006976744186046518
C(CCCC=CCC=CCC=CCC=CCC=CCC)(=O)OC,0.0007015902712815704
C(CCCC=CCC=CCC=CCC=CCCCCC)(=O)OC,0.0007129277566539947
C(CCC)C1C(CCC1)CCCCCCCCCCCC,0.0007389162561576361
C(CCCCCCC)C1C(CCC1)CCCCCCCC,0.0007538712306438453
CCCCCCCCCCCCCCCC1CCCCC1,0.0008179959100204484
CC(CCC(CCC(C)C)(CC(C)C)C1CCCCC1)C,0.000768935024990389
C(CCCCC)C(CCCCCC)=CCCCCCCC,0.0007191657677094577
CCCCCCCC\C=C/CCCCCCCC(=O)OCCC,0.0008782201405152211
CCCCCCCCCCCCCCCCCCCCC,0.0008140531276778071
CCCCCCCCCCCCCCCCC1CCCC1,0.0007389162561576361
CCCCCCCC(CCCCCC)CCCCCCC,0.0008344030808729148
CC(CCCCCCCCC)CCCCCCCCCC,0.0007692307692307699
CC(C)C(CCCCCCCCCCCCCCCC)C,0.0008088548318433384
CC(C)CC(CC(CCCCCCCCCCCC)C)C,0.0008130081300813016
CC(C)CC(CCCCCCCCCCCC)CC(C)C,0.0007619047619047625
C(CCCCCCCCCCCCC)(=O)OCCCCCCC,0.0007280598189689083
C(C)(=O)OCCCCCCCCCCCCCCCCCCC,0.0006500000000000006
CCCCCCCCCCCCCCCCCC(=O)OC(C)C,0.0007647058823529397
C(C)C(C(=O)OC(CC)(CC)CC)(CCCCCCCC)CC,0.0007700205338809024
C(CCCCCc1ccccc1)CCCCc2ccccc2,0.0007278020378457065
CCCCCCCCCCCCc1cccc2ccccc12,0.0006967363403006973
CCCCCCCCCCCCc1ccc2ccccc2c1,0.0006084070796460182
CCCCCCc1ccc2cc(CCCCCC)ccc2c1,0.000719026548672567
CCCCCCC(CCCCC)c1ccc2ccccc2c1,0.0006070640176600446
CCCCCCCCC(CCC)c1ccc2ccccc2c1,0.0006070640176600446
CCCCCCc1cc2ccccc2cc1CCCCCC,0.000623395672900624
C(CCCCCCCCCCC)C1CCCC2=CC=CC=C12,0.0006782945736434115
CCCCCCc1cc2CCCCc2cc1CCCCCC,0.0006890130353817511
C(CCC)C1=C(C=C2CCCCC2=C1)CCCCCCCC,0.0006263707668859905
C1CCC(C1)CCC(CCC2CCCC2)CCC3CCCC3,0.0006606266515666295
CC(CCCC=1C=C2CCCCC2=CC1CCCC(C)C)C,0.0006539611360239168
C(CCCCC)C(=CCCC1=CC=CC=C1)CCCCCC,0.0007129094412331413
CCCCCCCCCCCCCCCCc1ccccc1,0.0008105970739422682
C(CCCCCCC)C1=CC=C(C=C1)CCCCCCCC,0.0006903353057199196
C(CCCCCC1CCCCC1)CCCCC2CCCCC2,0.0006114398422090735
C1(=CC=CC=C1)C(CCCCCC)CCCCCCCCC,0.0007142857142857149
CCCCCCCCCCCC(CCCC)c1ccccc1,0.0007268424611223806
CCCCCCCCCC(C1CCCCC1)C2CCCCC2,0.0006813417190775668
CCCCCCCCCCCCc1cc(ccc1C)C(C)C,0.0007075471698113192
CCCCCCC(CCC)C1CCC(CC1)C2CCCCC2,0.0006735950731331799
C(CCCCCCCCC)C1=C(C=C(C=C1C)C(C)(C)C)C,0.0006612213146635557
CC(CC(CCCCCCC)(CC(C)C)C1=CC=CC=C1)C,0.000648648648648649
C(CC)C(CCCCCCCC)C1CC2CCCCC2CC1,0.0007017543859649129
CC(C)(C)C(C(C1CCCCC1)C(C)(C)C)C1CCCCC1,0.0006734006734006741
C(CCCC=CCC=CCC=CCC=CCCCCC)(=O)OCC,0.000694444444444445
C(C1=CC=C(C(=O)OCCCCCCC)C=C1)(=O)OCCCCCCC,0.0006371271358239217
C1(CCCCC1)CCOCCCCCCOCCC1CCCCC1,0.0006572769953051649
C(CCCCC)C(CCCC1CCCCC1)CCCCCC,0.0007323832145684861
CCCCCCCCCCCCC1CC(CCC1C)C(C)C,0.0007529507529507514
CCCCCCCCCCCCCCCCC1CCCCC1,0.0010620915032679727
CC(C)CCC(CCC(C)C)CC1CC(CCC1C)C(C)C,0.0007936507936507922
C(CCC)C(CCCC)=CCCC=C(CCCC)CCCC,0.0007425742574257432
C(C)C(CCCC)=CCCCCCCC=C(CCCC)CC,0.0007654836464857331
CC(=C)CCCCCCCCCCCCCCCCC(C)=C,0.0008499170812603655
C(CCCCCC)C(=CCCCCCC)CCCCCCC,0.0006935687263556121
CC(C)(CCC=C(CCCC(C)(C)C)CCCC(C)(C)C)C,0.0007058823529411772
CCCCCCCCCCCCCCCCCCCCCC,0.0008130081300813016
CCCCCCCCCCCCCCCC(CCC)CCC,0.0008161512027491416
CCCCCCCC(CCCCCCC)CCCCCCC,0.0007623888182973323
CCCCC(CCCC)CCCCC(CCCC)CCCC,0.0007393324883819187
CCCCCC(CCCCC)C(CCCCC)CCCCC,0.000733752620545074
C(C)C(CCCC)CCCCCCCCC(CCCC)CC,0.0007254464285714292
CC(CCCCCC)CCCCCCC(CCCCCC)C,0.000722222222222223
CC(C)CC(CC(CCCCCCCCCCCCC)C)C,0.0007895860008536071
C1(CCCCC1)CCOC(C)CCC(C)OCC(CCCC)CC,0.0006545338441890189
C(C)C(COC1CCC(CC1)OCC(CCCC)CC)CCCC,0.0007410911384421307
CC(C)CCC(C(CCC(C)C)CCC(C)C)CCC(C)C,0.0007835662854722582
C(C(C)C)C(CC(C)C)CCCCC(CC(C)C)CC(C)C,0.0007786195286195293
CC(C)(CCCC(CCCC(C)(C)C)CCCC(C)(C)C)C,0.0007302405498281792
CCC(C)(C)CCC(C)(C)CCC(C)(C)CCC(C)(C)CC,0.0007118927973199335
C(CCCCCCCCCCCCCCCCC)(=O)OCCCC,0.0007260726072607268
C(CCCCCCCCCCCCC)(=O)OC(CCCCCC)C,0.0008740564163686914
C(CCCCCCCCCCCCCCCCC)(=O)OCC(C)C,0.0007142857142857127
C(CCCCCCCCCCCCCCCCC)(=O)OC(C)(C)C,0.0006734006734006741
CC(CCC(=O)OC)CCCC(CCCC(CCCCCC)C)C,0.0007583250906693032
C(CCC(=O)OCCCCCCCCC)(=O)OCCCCCCCCC,0.0006467110125646716
C(CCCCCCCCC(=O)OCCCCCC)(=O)OCCCCCC,0.0008542348237004732
C(CCCCC(=O)OCCCCCCCC)(=O)OCCCCCCCC,0.0006709362610552004
C(CCCCC(=O)OCC(CCCC)CC)(=O)OCC(CCCC)CC,0.0007150715071507157
CC(CCCCCC)OCCCCCCOC(CCCCCC)C,0.0006620324395895387
C(C)C(CCCCCC)OCCCCCCOC(CCCCCC)CC,0.0006706908115358825
C(CCC=CCC=CCC=CCC=CCC=CCC=CCC)(=O)OC,0.0006746396810794242
C(CCCCCCCCCCCCCCC)OC1=C(C=CC=C1)OC,0.0006495916852264297
C(CCCCCCCCCCCCCCCCC)C1CCCC1,0.0007209062821833149
CCCCCCCCC(CCCCCCCC)C1CCCCC1,0.0007299270072992685
C(CCCCCCCCCCCC=CCC=CCCCCC)(=O)OC,0.0006750241080038561
CCCCCCCCCCCCCCCCCCCCCCC,0.000726495726495727
CCCCCCCCC(CCCCCC)CCCCCCCC,0.000829081632653062
CCCCC(CCCC)CCCCCC(CCCC)CCCC,0.0007145859604876005
CC(C)CC(CC(CCCCCCCCCCCCCC)C)C,0.0007865646258503407
C(CCCCCCCCCCC)(=O)OC(CCCCCCCCC)C,0.0007341269841269826
C(CCCCCCCCCCCCCCCCCCCCC)(=O)OC,0.0006532066508313523
C(CCCCCCCCCCCCCCC)(=O)OCCCCCCC,0.0006862745098039222
C(CCCC)(=O)OCCCCCCCCCCCCCCCCCC,0.000684017350684018
CCCCC(CC)COC(=O)CCCCCC(=O)OCC(CC)CCCC,0.0006959706959706965
C1(=CC=CC=C1)C=CCCCCCCCCCC(CCC)CCC,0.0006713662302786175
CC1=C(C=C(C=C1)CCCCCCCCCCCCCCCC)C,0.0007692307692307678
CCCCCCCCCCCCCCCCCCC1CCCCC1,0.0008374183006535933
CCCCCCCCCOCCCCOCCCCCCCCC,0.0006429277942631047
C(CCCCCCC)OCCCCCCOCCCCCCCC,0.0006510416666666673
CC(CCCC)OCCCCCCCCCCOC(CCCC)C,0.0006693440428380194
C(C)C(COCCCCCCOCC(CCCC)CC)CCCC,0.0006680026720106886
C(C)C(COC(C)CCC(C)OCC(CCCC)CC)CCCC,0.0006781959986436086
CC(CCOCCCCOCCC(CC(C)(C)C)C)CC(C)(C)C,0.0007447864945382312
CCCCCCCCCCCCCCCCCCCCCCCC,0.0008057675996607301
CCCCCCCCCCCCCCCC(CCCC)CCCC,0.0007895860008536071
CCCCCCCCCCCC(CCCCCC)CCCCCC,0.000675105485232068
CCCCCCCCCCCCCCCCCCCCC(C)(C)C,0.0006837606837606843
C(CC)C(CCCCCCCC)C(CCCCCCCC)CCC,0.0006998158379373856
CC(C)CC(CC(CCCCCCCCCCCCCCC)C)C,0.0007835662854722582
C(C(C)C)C(CC(C)C)CCCCCCCCCCCCCCC,0.0007383966244725744
C(CCC)C(CCCCCC)CC(CCCCCC)(C)CCCC,0.0006431459022418234
CCCCCC(CCC(CCC(C)C)CCC(C)C)CCC(C)C,0.0007393324883819187
CCCCC(CC)CC(C(C)C)C(CC(CC)CCCC)C(C)C,0.0007444168734491322
CC(C)CCC(CCC(CCC(C)C)CCC(C)C)CCC(C)C,0.0007505773672055433
C(Cc1ccccc1)C(CCc2ccccc2)=CCc3ccccc3,0.0006487025948103797
C(CC(CCCc1ccccc1)c2ccccc2)Cc3ccccc3,0.0005549949545913224
C(Cc1ccccc1)C(CCc2ccccc2)CCc3ccccc3,0.0005678022712090853
C1CCC(C1)CCCC(CCc2ccccc2)CCc3ccccc3,0.0005644402634054568
C1(=CC=CC=C1)C(=CCCCCCCCCCCC)C1=CC=CC=C1,0.0006131010003226836
CCCCCCC(CCCc1ccccc1)CCCc2ccccc2,0.0006268436578171097
C1(CCCCC1)CCC(CCCC1CCCC1)CCC1=CC=CC=C1,0.0006769118185144535
C1CCC(C1)CCCC(CCCC2CCCC2)CCc3ccccc3,0.0006607929515418507
CCCCCCCCCCCCCCCc1cccc2ccccc12,0.0007214206437291904
C1(CCCCC1)CC=C(CCC1CCCCC1)CCC1CCCCC1,0.0006296296296296303
C1CCC(C1)CCCC(CCCC2CCCC2)=CCCC3CCCC3,0.0006561679790026252
CCCCCCCCCCCCCCCc1cccc2CCCCc12,0.0005727376861397485
C1CCC(CC1)CCC(CCCC2CCCC2)CCC3CCCCC3,0.0006395786305492859
CCCCCCCCCCCCCCCCC1CCc2ccccc12,0.0006446719757299968
C1CCC(CC1)CCC(CCCC2CCCC2)CCCC3CCCC3,0.0006365159128978229
C1CCC(C1)CCCC(CCCC2CCCC2)CCCC3CCCC3,0.000742009132420092
C(=CCCCCCCCCCCCCCC)C1=C(C=C(C=C1C)C)C,0.0006216397849462371
C(CCCCCCCCCCCCCCCCCC)C1=CC=CC=C1,0.0006919731119019359
CCCCCCCCCCCCCCCCCCc1ccc(C)cc1,0.0007917656373713365
CCCCCCCCCC(CCCCCCCC)c1ccc(C)cc1,0.0007917656373713365
CCCCCCCCC(CCCCCCCC)CCc1ccccc1,0.000751285092922102
CCCCCCCCC(CCC1CCCCC1)CCC2CCCCC2,0.000722092115534739
C(CCCCCCCCCCCCCCC)C1=CC(=CC(=C1C)C)C,0.0006666666666666673
C1(=CC=CC=C1)C(CCC)CCCCCCCCC(CCC)CCC,0.0006972111553784868
CCCCCCCCCCCCCCCC1CCCC2CCCCC12,0.000759345794392524
C1(CCCC1)CCCC(CCCCCCCC)CCCC1CCCC1,0.0007692307692307678
C1(CCCCC1)C(CCCCCCCCCCCC)C1CCCCC1,0.0006383712905452023
CCCCCCCCCCCCCCCCC1CCC2CCCCC12,0.0006516587677725102
C1(CCCCC1)CCCCCCCCCCCCCCCCCCC,0.0006560065600655989
CCCCCCCCC(CCCCCCCC)CCC1CCCCC1,0.0007926829268292667
C(CCCCCCCCCCCCCCC)C1C(CC(C(C1)C)C)C,0.0006403599861543773
C1(CCCCC1)C(CCC)CCCCCCCCC(CCC)CCC,0.0007128309572301431
CCCCCCCCC(CCCCCCCC)CCCC1CCCC1,0.0007965686274509789
CCCCCCCCC(CCCCCCCC)=CCCCCCCC,0.000731911334169804
CCCCCCCCC(CCCCCCCC)CCCCCCCC,0.0008238276299112808
C(CCCC)C(CCCCCCCCC)CCCCCCCCCC,0.0006548373468525566
C(CCCCC)C(CCCCCC)(CCCCCC)CCCCCC,0.0006680369989722494
C(CCCC)(=O)OCC(COC(CCCC)=O)(COC(CCCC)=O)COC(CCCC)=O,0.0007809903622465925
C1(=CC=CC=C1)C(=CCCCCCCCCCCCC)C1=CC=CC=C1,0.0006557377049180333
CCCCCCCCCCCCCC(c1ccccc1)c2ccccc2,0.0007366482504604058
CCCCCCCCCCCCCCCCCCCCc1ccccc1,0.0007142857142857127
CCCCCCCCCCCCCCCC(CCCC)c1ccccc1,0.000675407230830352
CCCCCCCCCCCCCCCCC(CCC)c1ccccc1,0.000674603174603173
CCCCCCCCCCCCCCCCCC(CC)c1ccccc1,0.000674603174603173
CCCCCCCCCCCCCCCCCCC(C)c1ccccc1,0.0006364359586316611
CCCCCCCCCCc1ccc(CCCCCCCCCC)cc1,0.0007738095238095223
CCCCCCCCCCc1cccc(CCCCCCCCCC)c1,0.0007738095238095223
CCCCCCCCCCCC(CCCCCCC)c1ccc(C)cc1,0.0007936507936507921
CCCCCCCCCCCCCCCCCCc1cc(C)ccc1C,0.0006927949326999192
CCCCCCCCCCCCCC(C1CCCCC1)C2CCCCC2,0.0006402793946449366
CCCCCCCC1CCC(CC1)C2CCC(CCCCCCC)CC2,0.0006551059730250488
CC1CCC(CC1)C(CCCCCCCCCCC)C1CCC(CC1)C,0.0006604506604506611
C1(CCCC1)C1C(CCC1)CCCCCCCCCCCCCCCC,0.0006878930817610069
CCCCCCCCCCCCCCCCC1CCCC2(CCCC2)C1,0.0007450980392156848
C(C)C(CC1CCC(C2CCCCC12)CC(CCCC)CC)CCCC,0.0006551059730250488
C(C=1C(C(=O)OCCCCCCCCC)=CC=CC1)(=O)OCCCCCCCCC,0.0006443747823058154
C(C)(=O)O.OC(CCCCCCCCCCC(=O)OC1=CC=CC=C1)CCCCCC,0.0006497175141242944
C=1(C(=CC=CC1)C(=O)OCCCCCCC(C)C)C(=O)OCCCCCCC(C)C,0.0006423611111111097
CCCCCCCCCCC1CCCC(CCCCCCCCCC)C1,0.0007343941248469997
CCCCCCCCCCC1CCC(CCCCCCCCCC)CC1,0.0006347256347256331
C(CCCCCCCCCCC)C1CCC(CC1)CCCCCCCC,0.0006927465362673171
CCCCCCCCCCCCCCCCCCCCC1CCCCC1,0.0006952965235173808
CCCCCCCCCCCCCCCCCCC1CC(C)CCC1C,0.0007723577235772341
CCCCCCCCCCCC(CCCCCCC)C1CCC(C)CC1,0.0007695423248278641
CCCCCCCCCCCCCC(CCCCCC)C1CCCCC1,0.0010886777513855886
CCCCCCCCCCCCCCCC(CCCC)C1CCCCC1,0.0007676767676767661
CCCCCCCCCCCCCCCCCC(CC)C1CCCCC1,0.0007667473769168669
CCCCCCCCCCCC(CCCCCCCC)C1CCCCC1,0.0006885378695828255
CCCCCCCCCCCCCCCCC(CCC)C1CCCCC1,0.0007062146892655351
CCCCCCCCCCCCCCCCCCC(C)C1CCCCC1,0.0008252818035426717
C1(CCCC1)CCCCCCCCCCCCCCCCCCCCC,0.0007371007371007356
CCCCCCCCCCC(CCCCCCCCCC)C1CCCC1,0.0007105156313438881
C(CCC)C(CCCC)=CCCCCCCC=C(CCCC)CCCC,0.0006370735717221541
CCCCCCCCCCCCCCCC(C1CCCC1)C2CCCC2,0.0006826506826506815
CCCCCCCCCCCC(CCCC)CCCCCCCCCC,0.0008006742520016864
CCCCCCCCCCCCCC(CCCC)CCCCCCCC,0.0008006742520016864
CCCCCCCCCCC(CCCCC)CCCCCCCCCC,0.0007585335018963344
CCCCCCCCCCCCCC(CCCCCC)CCCCCC,0.0007356031946195887
CCCCCCCCCCCCCCCCCC(CCCC)CCCC,0.000713685978169606
CCCCCCCCCCCCCCCC(CCCC)CCCCCC,0.0006935687263556121
CCCCCCCCCCCCCCCCCCCCCC(CC)CC,0.0006515342580916357
CCCCC(CCCC)CCCCCCCCC(CCCC)CCCC,0.0008385744234800846
CCCCCC(CCCCC)CCCCC(CCCCC)CCCCC,0.0007976490344248538
CCCCCCCCCCC(CCCCCCCCCC)C(CC)CC,0.0006892230576441108
C(CC)C(CCCCCCCCC)C(CCCCCCCCC)CCC,0.0006617038875103397
C(C)C(CCCCCCCCCC)(CCCCCCCCCCCC)C,0.0006375227686703101
CCCCCCCCCCC(CCCCCCCCCC)CC(C)(C)C,0.0007365319865319871
CCCCCCCCCCCCCC(CC(CC)CC)CC(CC)CC,0.0007300792657488534
CCCCCCCCCCCC(c1ccc(C)cc1)c2ccc(C)cc2,0.0008499630450849971
C1(CCCCC1)CCCC(CCCC1CCCCC1)CCC1CCCCC1,0.0006104328523862379
CCCCCCCCCCCCC1C(CCC1C2CCCC2)C3CCCC3,0.000702353834472286
CCCCCCCCCCC(=CCCCCCCCCC)c1ccccc1,0.0007647058823529397
C(CCCCCCCCCCCCCCCCCCCC)C1=CC=CC=C1,0.000674603174603173
CCCCCCCCCCC(CCCCCCCCCC)c1ccccc1,0.0006927949326999192
CC1=C(C(=CC(=C1)C)C)CCCCCCCCCCCCCCCCCC,0.0007075471698113192
C(CCCCCCCCC)C(CCC1CCCCC1)CCC1CCCCC1,0.0006208769887466051
CCCCCCCCCCCCCCCCCCC1C(C)CC(C)CC1C,0.0007308160779537134
C1(CCCC1)CC(CCCCCCCCCC)CCCCCCCCCC,0.0007122507122507107
C(CCCCCCC)C(CCCCCCCC)CCCCCCCCCC,0.0006458333333333339
CCCCCC(CCCCC)CCCCCC(CCCCC)CCCCC,0.0006490787269681747
C(CC(CCCc1ccccc1)=CCCc2ccccc2)Cc3ccccc3,0.0005952380952380958
C(CC(CCCc1ccccc1)CCCc2ccccc2)Cc3ccccc3,0.0006529209621993114
CCCCCCCCCCCCCCC=C(c1ccccc1)c2ccccc2,0.0006050605060506056
CCCCCCCCCCCCCCCC(c1ccccc1)c2ccccc2,0.000742390497401634
C(CCCCCCCCCCCCCCCCC)C1CC2=CC=CC=C2CC1,0.000705568268497331
C(CCCCCCCCCCCCCCCCC)C=1C=C2CCCCC2=CC1,0.0005911517925247907
C1(=CC=CC=C1)CCCCCCCCCCCCCCCCCCCCCC,0.0005392156862745103
CCCCCCCCCCC(CCCCCCCCCC)Cc1ccccc1,0.000669027941755215
C(CCC)C(CCCCCCCCCCCCCCCCC)C1=CC=CC=C1,0.0006682389937106924
CCCCCCCCC1CCC(CC1)C2CCC(CCCCCCCC)CC2,0.0006387921022067369
CCCCCCCCCCCCCC(CC1CCCCC1)CC2CCCCC2,0.0006846635367762135
CCCCCCCCCCCCCCCC(C1CCCCC1)C2CCCCC2,0.0006137322593018802
C1(CCCC1)C1C(CCC1)CCCCCCCCCCCCCCCCCC,0.0006216006216006221
C=1(C(=CC=CC1)C(=O)OCCCCCCCC(C)C)C(=O)OCCCCCCCC(C)C,0.0007352941176470576
CCCCCCCCCCCCCCCCCCCCCCC1CCCCC1,0.0006464646464646449
CCCCCCCCCCC(CCCCCCCCCC)CC1CCCCC1,0.0006885378695828255
C(CCCCCCCC)C(CC=CCCCCCC)CCCCCCCCC,0.000620475698035159
CC(C)(CC(CC=C(CCC(CC(C)(C)C)C)CCC(CC(C)(C)C)C)C)C,0.0007747068676716924
CCCCCCCCCCCCCCCCCCCCCCCCCCCC,0.0006776789495976287
CCCCCCCCCC(CCCCCCCCC)CCCCCCCCC,0.0007747068676716924
CCCCCCCCCCCC(CCCCCCCC)CCCCCCCC,0.0007118927973199335
CCCCCCCCCCCCCCCC(CCCCCC)CCCCCC,0.0007109995817649524
C(CCCCCCC)C(CCCCCCCCC)CCCCCCCCCC,0.0006281407035175885
C(CC)C(CCCCCCCCCC)C(CCCCCCCCCC)CCC,0.0006386485372888345
CC(CCC(CCC(C)CC(C)(C)C)CCC(C)CC(C)(C)C)CC(C)(C)C,0.0007936507936507943
CCCCCCCCCCCCCCCCCC(=O)OCCCCCCCCCC,0.000598686751641561
C(CCC(=O)OCCCCCCCCCCCC)(=O)OCCCCCCCCCCCC,0.0005735824319895104
C(CCCCCC)C(CCCCCC)(CCCCCCCC)CCCCCCC,0.0006211180124223607
CCCCCCCCCCC(=CCCCCCCCCC)c1cc(C)ccc1C,0.0006645680307799918
CCCCCCCCCCC(CCCCCCCCCC)c1cc(C)ccc1C,0.0006698187549251364
CCCCCCCCCCC(CCCCCCCCCC)C1CC(C)CCC1C,0.0006843800322061176
CCCCCCCCCCC(CCCCCCCCCC)CC1CC(C)CC1C,0.000633946830265847
C(CCCCCCCC)C(CCCCCCCCC)CCCCCCCCCC,0.0006265664160401008
C(CCCC(=O)OCCCCCCCCCCCC)(=O)OCCCCCCCCCCCC,0.0005254515599343172
C(CCCCC)(=O)OCC(COC(CCCCC)=O)(COC(CCCCC)=O)COC(CCCCC)=O,0.0005566801619433203
CCCCC(=CCCCCCCC=C(CCCC)c1ccccc1)c2ccccc2,0.0005778259299386065
CCCCCCCCCCCCCCCCC=C(c1ccccc1)c2ccccc2,0.000568390172350569
CCCCCCCCCCCCCCC=C(Cc1ccccc1)Cc2ccccc2,0.0006024096385542175
CCCCCCCCCCCCCCCC(Cc1ccccc1)Cc2ccccc2,0.0005909090909090931
CCCCC(CCCCCCCCC(CCCC)c1ccccc1)c2ccccc2,0.0006131549609810484
C(CCC)C(=CCCCCCCCCCCCCCC)C1=CC=CC2=CC=CC=C12,0.0005173688100517373
C(CCCCCCCCCCCCCCCCCCCCCCC)C1=CC=CC=C1,0.0006659267480577141
C1(CCCCC1)CC(CCCCCCCCCCCCCCC)CC1CCCCC1,0.0005966127790608165
CCCCCCCCCCCCCC(CCCCCCCC)CCCCCCCC,0.0007291666666666674
CC(C)CCCC(C)CCCC(C)CCCCC(C)CCCC(C)CCCC(C)C,0.0008375209380234512
C(CCCCCCCCCCCCCCC)(=O)OCCCCCCCCCCCCCC,0.00046345811051693434
C(CCCCCCCCCCCCCCCCCCCCCCCCCCC)(=O)OCC,0.0005484784147204515
C(C)OC(C(=C(CCCCCCCCCCCCC)O)CCCCCCCCCCCC)=O,0.0006032402619786266
C(CCCCCCCCC(=O)OCCCCCCCCCC)(=O)OCCCCCCCCCC,0.0008742559523809532
C(CCCCC(=O)OCCCCCCCCCCCC)(=O)OCCCCCCCCCCCC,0.0004838171504838176
CCCCCCCCCCC(=CCCCCCCCCC)c1cccc2ccccc12,0.0005412467338559169
CCCCCCCCCCC(CCCCCCCCCC)c1cccc2CCCCc12,0.0005714285714285719
C(CCCCCCCCCCCCCCCCCCCCCCCC)C1=CC=CC=C1,0.0006517690875232781
CCCCCCCCCCCCC(CCCCCCCCCCCC)c1ccccc1,0.0006356773937226841
CCCCCCCCCCC(CCCCCCCCCC)C1CCCC2CCCCC12,0.000659681800543268
CCCCCCCCCCCCC(CCCCCCCCCCCC)C1CCCCC1,0.0006843800322061176
C(CCCCCCCCC)C(=CCCCCCCCCC)CCCCCCCCCC,0.0005625879043600549
C(CCCCCCCCC)C(CCCCCCCCCC)CCCCCCCCCC,0.0007926574885273266
C(C(CCC(=O)OCC(CCCC)CC)C(=O)OCC(CCCC)CC)C(=O)OCC(CCCC)CC,0.000639658848614071
C(CCC)C(=CCCCCCCCCCCCCCCCC)C1=CC2=CC=CC=C2C=C1,0.0005173688100517373
CC(C)CC(C(CC(C)C)(C1=CC=C(C=C1)C(C)(C)C)C)(C1=CC=C(C=C1)C(C)(C)C)C,0.000633111744222856
CCCCCCCCCCCC(CCCCCCCCCC)c1cccc2ccccc12,0.0005231689088191335
CCCCCCCCCCCCCCCCCCCCCCc1ccc2CCCCc2c1,0.000535168195718655
CCCCCCCCCCCCCCCCC=C(CCCC)c1ccc2CCCCc2c1,0.0005339435545385207
C(CCC)C(CCCCCCCCCCCCCCCCCCCCC)C1=CC=CC=C1,0.000630417651694248
CCCCCCCCCCCCCCCCCCCCCCC1CCC2CCCCC2C1,0.0005813953488372098
C(CCC)C(CC1CC2CCCCC2CC1)CCCCCCCCCCCCCCCC,0.000565964090554255
CCCCCCCCCCCCCCCC(CCCCCCCC)CCCCCCCC,0.0006875000000000006
CCCCCCCCCCCC(CCCCCCCCCC)CCCCCCCCCC,0.0006857855361596016
C(CCC)C(CCCCCCCCCCCCCCCCC)C1CCC2(CC1)CCCCC2,0.0005813953488372098
C(CCCCCC)(=O)OCC(COC(CCCCCC)=O)(COC(CCCCCC)=O)COC(CCCCCC)=O,0.000606375606375605
CCCCCCCCCCCCCCCCCC(CCCCCCCC)CCCCCCCC,0.000645027049521432
CCCCCCCCCCCCCC(CCCCCCCCCC)CCCCCCCCCC,0.0007039337474120089
C(CCCCCCCCC(=O)OCCCCCCCCCCCC)(=O)OCCCCCCCCCCCC,0.0005394990366088638
C1(=CC=CC=C1)C(CCCCCCCCCCCCCC)CCCCCCCCCCCCCC,0.0006770211071286324
CCCCCCCCCCCCCCC(CCCCCCCCCCCCCC)C1CCCCC1,0.0006634499396863675
CCCCCCCCCCCCCCCC(CCCC)CCCCCCCCCCCCCCC,0.0005733005733005715
C(CCCCCC)C(CCCCCCCCC)(CCCCCCCCCC)CCCCCCCC,0.0005754212905877521
CCCCCCCCCCCCCCCCCCCCC=C(CCCC)c1ccc2ccccc2c1,0.0004751045229950593
CCCCCCCCCCCCC(CCCCCCCCCCC)CCCCCCCCCCCC,0.0006426202321724716
C(CCCCCCC)(=O)OCC(COC(CCCCCCC)=O)(COC(CCCCCCC)=O)COC(CCCCCCC)=O,0.0005444327362135567
CCCCCCCCCCCCCC(CCCCCCCCCCCC)CCCCCCCCCCCC,0.0006410256410256416
CCCCCCCCCCCCCCCCC(CCCCCCCCCCCCCCCC)C1CCCCC1,0.0007228915662650587
CC(CC(CCCCCCCCCC)CCCCCCCC)(CCCCCCCCCC)CCCCCCCC,0.000595998297147723
C(COCCO)O,0.0006655349999697411
C(COCCOCCO)O,0.0007084837545126375
C(COCCOCCOCCO)O,0.0006827287509505283
C(COCCOCCOCCOCCO)O,0.0006782509528525573
C(COCCOCCOCCOCCOCCO)O,0.0007142857142857123
C(COCCOCCOCCOCCOCCOCCO)O,0.0006849315068493156
C(OC)COC,0.001399801211662248
COCCOCCOC,0.0010892503490146433
COCCOCCOCCOC,0.0009913303871139129
COCCOCCOCCOCCOC,0.0009261496741107682
COCCOCCOCCOCCOCCOC,0.0008861005642567102
OCCO,0.0006624825662482544
COCCO,0.0010276192489255276
CCOCCO,0.001089043726340045
CCCCOCCO,0.0010113071725277596
COCCOCCO,0.0009169460408684541
CCOCCOCCO,0.0008896674910689761
CCCCOCCOCCO,0.0009559851824965561
COCC(C)OC,0.0013805522208883544
CC(O)COC(C)COC(C)CO,0.0008218539961402807
COCC(C)O,0.0011601258266150645
CCOCCOCC,0.0013358600322540021
CCOCCOCCOCC,0.0010868503871951454
C1COCCO1,0.0011566173682214646
C1COCO1,0.0012861437481170958
C1CCOC1,0.001324658916699409
CC1CCCO1,0.001364992521136787
C1CCOCC1,0.0012142430029126391
C=COCCCC,0.0013890717577353503
COC(C)COC(C)CO,0.000985930505222767
COCCCCOC,0.0009270455461507444
CCOCOC,0.0013974484061801433
COC(C)OC,0.001513689542877818
C1COCCOCCOCCO1,0.0008144269924374611
C1COCCOCCOCCOCCO1,0.0007040229885057462
C=COCC,0.0018947705247760098
C=CCOCC=C,0.001561569228150796
CC(O)COC(C)CO,0.0007960940086064205
CC(O)CO,0.0007920578819060304
OCC(O)CO,0.0005420705492803542
OCCCO,0.0006434895132669681
OCCCCO,0.0006294978961386607
CCOCC,0.0019390521478173895
CCCCOCCCC,0.0012322083411026178
COC(C)(C)C,0.0016221378469469603
CC(C)OC(C)C,0.001633945054267096
C1COC1,0.0015324794144556252
C1COCOC1,0.0018004625041294993
OCCOc1ccccc1,0.0007929232743606206
CCCCOCCOC(C)=O,0.0010205556157653263
CCCOCCC,0.0013773858740688842
CS(C)=O,0.0009170801550272802
CC1COC(=O)O1,0.0008645208526935303
