SMILES,DC_exp
C#CCCCC,2.621
C#CCO,20.8
C#COCC,8.05
C#COCCCC,6.62
C#COc1ccccc1,4.76
C#Cc1ccccc1,2.98
C1=CC2C3C=CC(C3)C2C1,2.4601000000732864
C1=CCC=CC1,2.207378944222275
C1=CCCC1,2.07431816226685
C1=CCCCC1,2.2057709438565003
C1=CCCCCC1,2.2570926607670003
C1=CCCCCCC1,2.30425830702425
C1CCC(OC2CCCCC2)CC1,3.4026223437500014
C1CCC2CCCCC2C1,2.19601897401385
C1CCCC1,1.960770646323625
C1CCCCC1,2.016470689689275
C1CCCCCC1,2.0712698499715874
C1CCCCCCC1,2.111504049335625
C1CCOC1,7.52
C1CCOCC1,5.544150260970001
C1CO1,12.42
C1COCCO1,2.2099264
C=C(C)C,2.1225
C=C(C)C(=C)C,2.1001264733978746
C=C(C)C(=O)OC,6.32
C=C(C)C(=O)OCC,5.68
C=C(C)C1CC=C(C)CC1,2.3742
C=C(C)C=CC,2.422
C=C(C)CC,2.18
C=C(C)CC(C)(C)C,2.0908
C=C(C)c1ccccc1,2.28
C=C1CCC2CC1C2(C)C,2.497
C=CC(=C)C,2.098
C=CC(=C)CCC=C(C)C,2.3
C=CC(=O)OC,7.03
C=CC(=O)OCC,6.05
C=CC(=O)OCCCC,5.25
C=CC(C)=CC,2.426
C=CC=C(C)C,2.5878519008374994
C=CC=CC,2.319
C=CCC=C,2.054
C=CCCC,2.011
C=CCCC=C,2.125
C=CCCCC,2.077
C=CCCCC=C,2.161
C=CCCCCC,2.0826811539797503
C=CCCCCC=C,2.186
C=CCCCCCC,2.0923001875
C=CCCCCCCC,2.1705272991165
C=CCCCCCCCC,2.128355783125
C=CCCCCCCCCC,2.1281916613252503
C=CCCCCCCCCCC,2.1447582775000003
C=CCCCCCCCCCCC,2.128583476165
C=CCO,19.010982895087754
C=CCc1ccc(O)c(OC)c1,9.318874521925
C=CCc1ccccc1,2.63
C=COC=C,3.94
C=COCC(C)C,3.3152499996311366
C=Cc1ccc(CC)cc1,3.35
C=Cc1ccccc1,2.4641254600000004
CC,1.4369695698470002
CC(=CC(C)C)CC(C)C,2.293
CC(=O)C(C)(C)C,12.73
CC(=O)C(C)=O,4.02576587
CC(=O)C(C)C,10.287978647249998
CC(=O)C=CC1=C(C)CCCC1(C)C,11.66
CC(=O)C=CC1C(C)=CCCC1(C)C,10.78
CC(=O)CC(C)(C)O,18.2
CC(=O)CC(C)=O,26.524
CC(=O)CC(C)C,12.887117429060003
CC(=O)CCC(C)C,13.102713048875003
CC(=O)O,6.252837716950001
CC(=O)OC(C)(C)C,5.503229312075007
CC(=O)OC(C)=O,22.45
CC(=O)OC1CC2CCC1(C)C2(C)C,4.46
CC(=O)OC1CCCCC1,5.08
CC(=O)OCC(C)C,4.974990021335001
CC(=O)OCC(COC(C)=O)OC(C)=O,6.955858790177499
CC(=O)OCCC(C)C,4.72
CC(=O)OCCO,12.95
CC(=O)OCCOC(C)=O,7.7
CC(=O)OCCc1ccccc1,4.93
CC(=O)OCc1ccccc1,5.34
CC(=O)Oc1ccccc1,5.403345275305
CC(=O)c1ccccc1,17.425829171375
CC(C)(C)C,1.769
CC(C)(C)C=O,8.84280564726675
CC(C)(C)CC(=O)O,2.85
CC(C)(C)O,12.340772861263744
CC(C)(C)c1ccccc1,2.3447091406250005
CC(C)(O)Cc1ccccc1,5.6512005531875005
CC(C)(O)c1ccccc1,5.61
CC(C)=CCC(C)C,2.431
CC(C)=O,20.49331470812499
CC(C)C,1.747221504192325
CC(C)C(=O)O,2.58
CC(C)C(=O)OC(=O)C(C)C,13.6
CC(C)C(C)(C)C,1.93
CC(C)C(C)C,1.8794060803674748
CC(C)C(C)C(C)C,1.9738
CC(C)C(C)O,12.1
CC(C)C1=CC(=O)C(C)CC1,18.8
CC(C)CC(=O)CC(C)C,9.69871761315
CC(C)CC(C)(C)C,1.9357712628982728
CC(C)CC(C)C,1.893919358455825
CC(C)CCC(C)C,1.955427537019
CC(C)CCCC(C)C,1.987
CC(C)CCCC(C)O,5.965255807799991
CC(C)CCCCC(C)C,1.98
CC(C)CCCCCO,9.804849291175008
CC(C)CCO,14.953872279150008
CC(C)CCOC(=O)C(C)O,9.834654860275002
CC(C)CCOC(=O)CC(C)C,4.259782960275002
CC(C)CCOC(=O)c1ccccc1O,7.086951818465001
CC(C)CCOC=O,5.211202500000002
CC(C)CCOCCC(C)C,2.7917199062500004
CC(C)CO,16.795134053408177
CC(C)COC(=O)CCCCC(=O)OCC(C)C,5.19
CC(C)COC(=O)c1ccccc1,5.39
CC(C)COC=O,6.41
CC(C)Cc1ccccc1,2.30713780275
CC(C)O,19.264498727025018
CC(C)OC(=O)C(=O)OC(C)C,6.338609966
CC(C)OC(C)C,3.805
CC(C)c1ccc(C=O)cc1,10.68
CC(C)c1ccccc1,2.3711815348167504
CC(O)CC(=O)O,31.5
CC(O)CC(C)(C)O,24.891447090175006
CC(O)CC(C)O,24.69
CC(O)CCCO,26.205025696550024
CC(O)CCO,28.846244999999996
CC(O)CO,28.37777981304035
CC(O)Cc1ccccc1,8.950856915875008
CC(O)c1ccccc1,8.454135488024997
CC1(O)CCCC1,8.068990693725006
CC12CCC(C1)C(C)(C)C2=O,12.8
CC12CCC(CC1)C(C)(C)O2,4.57
CC1=C(C)CCCC1,2.140272184268375
CC1=CC(C)CCC1,2.1766291118985
CC1=CC=C(C(C)C)CC1,2.4526
CC1=CCC(=C(C)C)CC1,2.2918
CC1=CCC(C(C)C)=CC1,2.2738
CC1=CCC2CC1C2(C)C,2.1787
CC1CCC(=O)CC1,12.35
CC1CCC(C(C)C)C(O)C1,3.933676144632501
CC1CCC(O)CC1,12.709389601850006
CC1CCC2CC1C2(C)C,2.1456
CC1CCCC(=O)C1,12.4
CC1CCCC(O)C1,12.980344112075004
CC1CCCC1,1.980648546875
CC1CCCCC1,2.024
CC1CCCCC1=O,14.0
CC1CCCCC1O,8.682323486499996
CC1CCCO1,6.97
CC1COC(=O)O1,64.90605216990002
CC=C(C)C,1.979
CC=C(C)CCCC,2.436
CC=C(CC)CC,2.051
CC=CC,1.96
CC=CC(=O)OC,6.6645
CC=CC(=O)OCC,5.4
CC=CC=CC,2.141036983240663
CC=CCCC,1.978
CC=Cc1ccccc1,2.73
CC=O,21.0
CCC,1.66962767819975
CCC(=O)CC,16.780450588775
CCC(=O)O,3.45350014118175
CCC(=O)OC,6.077699
CCC(=O)OC(=O)CC,18.3
CCC(=O)OC1CCCCC1,4.82
CCC(=O)OCCC(C)C,4.783600760787497
CCC(=O)OCc1ccccc1,5.11
CCC(=O)Oc1ccccc1,4.77
CCC(C)(C)C,1.8601000931165
CCC(C)(C)C(C)C,1.978
CCC(C)(C)CC,1.9318113385615252
CCC(C)(C)CO,10.070547323725023
CCC(C)(C)O,5.714103370000018
CCC(C)(CC)CC,1.9777526307387503
CCC(C)(O)CC,4.322
CCC(C)=O,18.24570130250001
CCC(C)C,1.845
CCC(C)C(C)(C)C,1.96
CCC(C)C(C)C,1.92159129929975
CCC(C)C(C)CC,1.97267165779525
CCC(C)CC,1.8777305628665
CCC(C)CC(O)CC,3.832
CCC(C)CCC(C)C,1.89
CCC(C)CCC(C)O,7.1465625944250135
CCC(C)CCCCO,7.154852246150007
CCC(C)CCO,15.2
CCC(C)CO,15.603921874999996
CCC(C)O,15.943596847684162
CCC(C)OC(C)=O,5.034630408835
CCC(C)c1ccccc1,2.34458071305825
CCC(CC)C(=O)O,2.72
CCC(CC)CC,1.934672913132925
CCC(O)(CC)CC,3.158
CCC(O)C(=O)O,37.7
CCC(O)C(C)O,17.37
CCC(O)CC,13.238196874999986
CCC(O)CCC(C)C,4.9026638437750005
CCC(O)CO,22.536429500000004
CCC(O)c1ccccc1,6.575732886675006
CCC1CC1,1.933
CCC1CCC1,1.965
CCC=CCC,2.0115
CCC=CCC=CCC=CCCCCCCCC(=O)O,2.814818485
CCC=CCC=CCC=CCCCCCCCC(=O)OC,3.355
CCC=CCCCC,2.032
CCC=O,18.5
CCCC,1.764646848916025
CCCC(=O)CCC,12.256966734825
CCCC(=O)O,2.9931214899999996
CCCC(=O)OC,5.48
CCCC(=O)OC(=O)CCC,12.8
CCCC(=O)OC1CCCCC1,4.58
CCCC(=O)OCC,5.18
CCCC(=O)OCC(COC(=O)CCC)OC(=O)CCC,5.4854988808875
CCCC(=O)OCCC(C)C,4.0
CCCC(=O)OCc1ccccc1,4.55
CCCC(=O)Oc1ccccc1,4.48
CCCC(C)(C)C,1.9086347817704552
CCCC(C)(C)CC,1.9645
CCCC(C)(C)CO,5.925367002950004
CCCC(C)(O)CC,3.248
CCCC(C)(O)CCC,2.902
CCCC(C)=O,15.199944486332504
CCCC(C)C,1.8769451868665
CCCC(C)C(C)O,4.904181260049988
CCCC(C)C(O)CC,3.312
CCCC(C)CC,1.912023314375
CCCC(C)CC(C)C,1.89
CCCC(C)CC(C)O,3.484627887475
CCCC(C)CCCO,4.320779341699996
CCCC(C)O,12.724447598749975
CCCC(CC)CC,1.9617
CCCC(CCC)CCC,1.9955
CCCC(O)C(C)CC,7.162006993750001
CCCC(O)C(CC)CO,18.362677279525
CCCC(O)CC,9.66
CCCC(O)CC(C)C,3.3481496730945
CCCC(O)CCC,6.051520805249936
CCCC(O)CO,17.31
CCCC=C(C)C,2.962
CCCC=C(C)CCCC,2.175
CCCC=CCCC,2.0285
CCCC=O,13.45
CCCCC,1.8371
CCCCC(=O)CC,12.7
CCCCC(=O)CCCC,10.6
CCCCC(=O)O,2.69240464895
CCCCC(=O)OC,4.992
CCCCC(=O)OCC,4.71
CCCCC(=O)OCC(C)C,3.8
CCCCC(=O)OCCC,4.0
CCCCC(=O)OCCC(C)C,3.6
CCCCC(=O)Oc1ccccc1,4.3
CCCCC(C)(C)C,1.9498
CCCCC(C)(C)CO,4.497564204105
CCCCC(C)(C)O,3.257
CCCCC(C)(O)CC,3.013
CCCCC(C)=O,14.56
CCCCC(C)C,1.9151357531250004
CCCCC(C)C(C)O,7.1107650610499995
CCCCC(C)CCC,1.967
CCCCC(C)CCO,2.8437373865425
CCCCC(C)O,11.06
CCCCC(CC)C(=O)O,2.64
CCCCC(CC)CO,7.915485244549991
CCCCC(CCCC)CCCC,2.0319
CCCCC(O)C(C)C,3.26
CCCCC(O)CC,6.7054781437499855
CCCCC(O)CCC,4.689751908000005
CCCCC(O)CCCC,3.5396868749999992
CCCCC=CCCCC,2.0505
CCCCC=O,10.0
CCCCCC,1.8818711121425
CCCCCC(=O)CC,10.5
CCCCCC(=O)O,2.60076407299765
CCCCCC(=O)OC,4.615
CCCCCC(=O)OCC,4.402419691164999
CCCCCC(=O)OCC(COC(=O)CCCCC)OC(=O)CCCCC,4.476
CCCCCC(C)(C)O,3.43
CCCCCC(C)=O,11.658478871124998
CCCCCC(C)C,1.9519
CCCCCC(C)CO,4.9959161838499995
CCCCCC(C)COC(C)=O,4.123452419175003
CCCCCC(C)O,9.38198374940002
CCCCCC(CC)C(=O)O,1.98
CCCCCC(O)CC,5.490262351249996
CCCCCC(O)CCC,3.6898499953442063
CCCCCC(O)CCCC,3.2396694999999993
CCCCCC=CCC=CCCCCCCCC(=O)O,2.745853245
CCCCCC=CCC=CCCCCCCCC(=O)OC,3.466
CCCCCCC,1.911343490483
CCCCCCC(=O)CCCCCC,7.6
CCCCCCC(=O)O,3.0382415496445003
CCCCCCC(=O)OC,4.355
CCCCCCC(C)(C)C(=O)O,2.8
CCCCCCC(C)(C)CO,7.501233906250008
CCCCCCC(C)=O,9.4677811109
CCCCCCC(C)C,1.967
CCCCCCC(C)C(=O)O,2.39
CCCCCCC(C)O,8.966026541874996
CCCCCCC(O)CC,4.4912312499999985
CCCCCCC(O)CCC,3.420160625000003
CCCCCCC=CC(=O)O,2.5
CCCCCCC=O,9.07
CCCCCCCC,1.94057804298245
CCCCCCCC(=O)O,2.8236533385
CCCCCCCC(=O)OC,4.101
CCCCCCCC(C)=O,9.14
CCCCCCCC(C)O,6.667560000000023
CCCCCCCC(O)CC,4.050581250000008
CCCCCCCCC,1.9604717802022251
CCCCCCCCC(=O)O,2.489533135395
CCCCCCCCC(=O)OC,3.943
CCCCCCCCC(C)O,5.825278124999997
CCCCCCCCC=CCCCCCCCC(=O)O,2.331440788
CCCCCCCCC=CCCCCCCCC(=O)OC,3.211
CCCCCCCCC=CCCCCCCCC(=O)OCC,3.17
CCCCCCCCC=CCCCCCCCC(=O)OCCCC,4.0
CCCCCCCCCC,1.9845920156066752
CCCCCCCCCC(=O)OCC,3.71196578125
CCCCCCCCCCC,1.9910124999923668
CCCCCCCCCCC(=O)OC,3.671
CCCCCCCCCCC(=O)OCC,3.55
CCCCCCCCCCCC,2.0059569999967666
CCCCCCCCCCCC(=O)OC,3.539
CCCCCCCCCCCC(=O)Oc1ccccc1,3.28
CCCCCCCCCCCCC,2.015319999980585
CCCCCCCCCCCCC(=O)OC,3.442
CCCCCCCCCCCCCC,2.028401499995446
CCCCCCCCCCCCCC(=O)OC,3.352
CCCCCCCCCCCCCC(=O)OCC,3.4752999999579015
CCCCCCCCCCCCCCC,2.0333459999936823
CCCCCCCCCCCCCCC(=O)OC,3.296
CCCCCCCCCCCCCCCC,2.0402460000227163
CCCCCCCCCCCCCCCC(=O)OCC,3.07
CCCCCCCCCCCCCCCCC,2.0526239907577506
CCCCCCCCCCCCCCCCCC(=O)O,2.3193605
CCCCCCCCCCCCCCCCCC(=O)OCCCC,3.081362487500016
CCCCCCCCCCCCCCCCCCC,2.0706
CCCCCCCCCCCCCCCCCCCCCC,2.084
CCCCCCCCCCCCCCCCCCOC(C)=O,3.1152250003015536
CCCCCCCCCCCCCCCCOC(C)=O,3.2402500003674675
CCCCCCCCCCCCCCO,4.917533948829451
CCCCCCCCCCCCO,5.82
CCCCCCCCCCCCOC(C)=O,3.6
CCCCCCCCCCO,7.530487439949997
CCCCCCCCCCOC(C)=O,3.75
CCCCCCCCCCOCCCCCCCCCC,2.6241647343749994
CCCCCCCCCO,8.599088257525011
CCCCCCCCCOC(C)=O,3.87
CCCCCCCCO,9.862941177000003
CCCCCCCCOC(=O)CCCCCCCCC(=O)OCCCCCCCC,4.01
CCCCCCCCOC(=O)c1ccccc1C(=O)OCCCCCCCC,5.22
CCCCCCCCOC(C)=O,4.119596267799999
CCCCCCCCc1ccccc1,2.26
CCCCCCCO,11.321046929874992
CCCCCCCOC(C)=O,4.2
CCCCCCCc1ccccc1,2.26
CCCCCCO,12.5101900944
CCCCCCOC(=O)c1ccccc1,4.8
CCCCCCOC(=O)c1ccccc1C(=O)OCCCCCC,5.62
CCCCCCOC(C)=O,4.42
CCCCCCc1ccccc1,2.3
CCCCCO,14.692785714075008
CCCCCOC(=O)C=Cc1ccccc1,4.89
CCCCCOC(=O)CC,4.552
CCCCCOC(=O)CCC,4.08
CCCCCOC(=O)CCCC,4.076
CCCCCOC(=O)CCCCC,4.119662083835001
CCCCCOC(=O)c1ccccc1,5.07
CCCCCOC(=O)c1ccccc1C(=O)OCCCCC,6.0
CCCCCOC(=O)c1ccccc1O,6.25
CCCCCOC(C)=O,4.72970506277
CCCCCOC=O,5.7
CCCCCOCC,3.6
CCCCCOCCCCC,2.798
CCCCO,17.33231264945146
CCCCOC(=O)CC,4.838
CCCCOC(=O)CCC,4.390600001357047
CCCCOC(=O)CCCCCCCCC(=O)OCCCC,4.54
CCCCOC(=O)c1ccccc1,5.52
CCCCOC(=O)c1ccccc1C(=O)OCCCC,6.481000000000001
CCCCOC(C)=O,4.994096372415001
CCCCOC=O,6.191403732199998
CCCCOCCCC,3.0472638414024997
CCCCOc1ccccc1,3.734
CCCCc1ccccc1,2.359
CCCO,20.523672342950015
CCCOC(=O)C=Cc1ccccc1,5.45
CCCOC(=O)CC,5.249
CCCOC(=O)CCC,4.3
CCCOC(=O)c1ccccc1,5.78
CCCOC(C)=O,5.52046666331
CCCOC=O,6.92
CCCOCCC,3.38
CCCc1ccccc1,2.3610890324332496
CCO,24.851953970316735
CCOC(=O)C(=O)OCC,8.130798723000002
CCOC(=O)C(C)O,15.706458375752504
CCOC(=O)C1CCCCC1,4.64
CCOC(=O)C=CC(=O)OCC,7.060662030434125
CCOC(=O)C=Cc1ccccc1,5.63
CCOC(=O)CC,5.76
CCOC(=O)CC(=O)OCC,7.55
CCOC(=O)CC(=O)c1ccccc1,13.5
CCOC(=O)CC(C)=O,14.0
CCOC(=O)CC(C)C,4.71
CCOC(=O)CCC(=O)OCC,6.026628796
CCOC(=O)CCCC(=O)OCC,6.659
CCOC(=O)CCCCC(=O)OCC,6.017078336
CCOC(=O)CCCCCCCC(=O)OCC,5.133
CCOC(=O)CCCCCCCCC(=O)OCC,4.995
CCOC(=O)Cc1ccccc1,5.32
CCOC(=O)OC,2.985
CCOC(=O)OCC,2.82
CCOC(=O)c1ccccc1,6.101976055490001
CCOC(=O)c1ccccc1C(=O)OCC,7.86
CCOC(=O)c1ccccc1O,8.70261475555025
CCOC(C)=O,5.986743976382502
CCOC(OCC)OCC,4.779
CCOC=O,8.33096605
CCOCC,4.23996015
CCOCCC(C)C,3.889690468750001
CCOCCO,13.38
CCOCCOCC,3.86637302428
CCOCOCC,2.527
CCOCc1ccccc1,3.9
CCOc1cccc2ccccc12,3.3
CCOc1ccccc1,4.179699487500002
CCc1cc(C)cc(C)c1,2.275
CCc1cc(C)cc(CC)c1,2.264
CCc1cc(CC)cc(CC)c1,2.256
CCc1ccc(C)cc1,2.265
CCc1ccc(CC)cc1,2.259
CCc1cccc(C)c1,2.365
CCc1cccc(CC)c1,2.369
CCc1ccccc1,2.4339100218750005
CCc1ccccc1C,2.595
CCc1ccccc1CC,2.594
CO,32.34
COC(=O)C1CCCCC1,4.87
COC(=O)CC(=O)OC,9.64981026668
COC(=O)CCC(=O)OC,7.15387678434
COC(=O)CCCC(=O)O,8.287397080137502
COC(=O)CCCC(=O)OC,7.768605016112501
COC(=O)CCCCC(=O)O,6.646365700879999
COC(=O)CCCCC(=O)OC,6.688426150735751
COC(=O)OC,3.087
COC(=O)c1ccc(C)cc1,4.3
COC(=O)c1ccccc1,6.642
COC(=O)c1ccccc1C(=O)OC,8.66
COC(=O)c1ccccc1O,9.466857546990502
COC(=O)c1ccccc1OC,7.7
COC(C)=O,6.861468100000001
COC(OC)(OC)OC,2.4
COC=O,8.837693650000002
COCCO,17.10756115922503
COCCOC,7.2169264849249934
COCCOCCOC,7.235945150000001
COCCOCCOCCOC,7.62
COCCOCCOCCOCCOC,7.68
COCOC,2.644
COc1c(C)cccc1C,3.738351241917501
COc1cc(C)cc(C)c1,3.6820572916165
COc1ccc(C)cc1,3.8736290625
COc1ccc(C=O)cc1,22.0
COc1cccc(C)c1,3.916748013252499
COc1cccc(O)c1,11.562843064050004
COc1cccc(OC)c1,5.361855123167499
COc1cccc2ccccc12,3.986834859375001
COc1ccccc1,4.224685105252501
COc1ccccc1C,3.4790923424247495
COc1ccccc1O,11.947261901642502
COc1ccccc1OC,4.4062219273825
Cc1cc(C)cc(C)c1,2.2650060874525
Cc1ccc(C(C)C)cc1,2.2306504647692504
Cc1ccc(C)c(C)c1,2.3653404333835
Cc1ccc(C)c(C)c1C,2.5348628058187503
Cc1ccc(C)cc1,2.270514077125
Cc1ccc(O)c(C)c1,5.06
Cc1ccc(O)cc1,12.604322581275008
Cc1ccc2c(C)cccc2c1,2.725
Cc1cccc(C)c1,2.3477656199247496
Cc1cccc(C)c1C,2.6335688525850007
Cc1cccc(C)c1O,5.101222449807501
Cc1cccc(O)c1,12.696140524550003
Cc1cccc2ccccc12,2.89904946875
Cc1ccccc1,2.37413529743825
Cc1ccccc1C,2.5454158883835
Cc1ccccc1O,6.718764344275001
Cc1ccco1,2.76
O=C(CO)c1ccccc1,21.332073780883505
O=C(O)C1CCCCC1,2.67
O=C(O)CCO,30.0
O=C(OCc1ccccc1)c1ccccc1,5.26
O=C(OCc1ccccc1)c1ccccc1O,4.12
O=C(Oc1ccc2ccccc2c1)c1ccccc1O,6.231990669127001
O=C(Oc1ccccc1)c1ccccc1O,6.741408904500005
O=C(c1ccccc1)c1ccccc1,12.62
O=C1CCC1,14.253100910399992
O=C1CCCC1,13.58
O=C1CCCCC1,15.618617983815003
O=C1CCCCCC1,13.16
O=C1CCCCCCCCCCC1,11.4
O=C1CCCO1,39.0
O=C1OCCO1,95.32578500000002
O=C=O,1.4282863745250003
O=CC=Cc1ccccc1,17.72
O=CO,51.591339607025006
O=COC1CCCCC1,6.47
O=COCc1ccccc1,6.34
O=Cc1ccccc1,17.85
O=Cc1ccccc1O,18.006262348974996
O=Cc1ccco1,42.1
OC1CCCC1,16.989386585825024
OC1CCCCC1,15.913893667350017
OC1CCc2ccccc2C1,11.079907148800013
OCC(O)C(O)C(O)CO,40.0
OCC(O)CO,45.637467262925
OCC1CCCO1,13.48
OCCCCC(O)CO,29.767996321249996
OCCCCCO,25.53042359572501
OCCCCO,31.87965580200001
OCCCO,34.304333041350006
OCCCc1ccccc1,11.424512082074983
OCCO,40.24549561017503
OCCOCCO,30.92485142452498
OCCOCCOCCO,23.04654552195
OCCOCCOCCOCCO,19.896522831024992
OCCc1ccccc1,11.522884533599992
OCc1ccccc1,11.916
OCc1ccco1,16.85
Oc1ccccc1,12.4
c1ccc(COCc2ccccc2)cc1,3.781576828125
c1ccc(Cc2ccccc2)cc1,2.54
c1ccc2c(c1)CCCC2,2.7712880152107497
c1ccccc1,2.27061613554175
c1ccoc1,2.9535
OCC(O)C(O)CO,29.2
COC(=O)c1ccco1,11.01
C=CC=CC=C,2.276
CC1CCC(C)O1,5.03
CC1OC(C)OC(C)O1,14.005833333333335
CCOC(C)(C)C,7.07
CCCCOCCO,9.365
CCC(O)OC(O)CC,20.38
CC(=O)OCc1ccco1,5.85
CCOC(=O)c1ccco1,9.02
CC(=O)OCC1CCCO1,9.65
CC(=O)OCC(O)COC(C)=O,9.468333333333334
C=CC(CC)CC,2.051
CCCC(C)(C)C(=O)O,2.58
CC(=O)c1ccccc1O,19.685
CCCOC(=O)c1ccco1,8.37
CCC(=O)OCc1ccco1,5.45
CCC(=O)OCC1CCCO1,8.7
CC(=O)OC(C)C(C)OC(C)=O,6.644
CC(C)=CC(C)(C)C,2.0908
CCCC(CO)C(C)C,8.5
CC(C)C(CO)C(C)C,9.83
COC(=O)Cc1ccccc1,5.3
CCCC(=O)OCc1ccco1,4.93
CCCCOC(=O)c1ccco1,7.62
CCCC(=O)OCC1CCCO1,8.13
CCC=C(CC)CCC,2.475
CC(C)=CCCC(C)C,2.606
CCC(C)=CCC(C)C,2.343
CCCCC(C)(CC)C(=O)O,2.7
CCCC(CCC)CC(=O)O,2.38
CCC(C)C(C)C(C)C(=O)O,3.4
CC(C)CC(C)C(C)C(=O)O,2.6
Oc1ccc2c(c1)CCCC2,11.7
CCC(C)c1ccc(O)cc1,8.1
CCCCCOC(=O)c1ccco1,6.97
CCCCC(=O)OCc1ccco1,4.73
CC=C(C)C=CC=C(C)C,2.5574
CC1=CCC2C(C1)C2(C)C,2.1988
CCCOC(=O)C1CCCCC1,4.44
C=CC(C)(O)CCC1OC1(C)C,5.78
CCCCCCC(C)OC(C)=O,4.1307
OCCOCCOCCOCCOCCO,18.18
Cc1cccc(C(C)(C)C)c1,2.33
Cc1ccc(C(C)(C)C)cc1,2.25
CCCCCC(=O)OCc1ccco1,4.54
CCCCCCOC(=O)c1ccco1,6.4
CCCCOC(=O)C1CCCCC1,4.26
CCCCC(=O)OC1CCCCC1,4.32
CCCCCC(=O)OCC1CCCO1,6.684
CCCCCCCCCC(=O)OC,3.785
CCCCCCCC(O)C(C)C(=O)O,5.5
c1ccc(Oc2ccccc2)cc1,3.6669475
CCCCCC(=O)Oc1ccccc1,4.1
CCCCCCCOC(=O)c1ccco1,5.8
CCCCCCC(=O)OCc1ccco1,4.28
CCCCCC#CCCCCC,2.171
CCCCCC(=O)OC1CCCCC1,4.15
CCCCCOC(=O)C1CCCCC1,4.1
CCCCCCC(=O)OCC1CCCO1,6.33
CC(C)CCCC(C)CCCC(=O)O,3.0
CCCCCCCCC(C)(C)CO,3.27
OCCOCCOCCOCCOCCOCCO,16.0
CCCCOC(=O)C=Cc1ccccc1,5.13
CCCCCCC(=O)Oc1ccccc1,3.9
CCCCCOC(=O)Cc1ccccc1,4.48
CCCCCCCC(=O)OCc1ccco1,4.02
CCCCCCCCOC(=O)c1ccco1,5.67
CCCCCCOC(=O)C1CCCCC1,3.94
CCCCCCC(=O)OC1CCCCC1,3.95
CCCCCCCC(=O)OCC1CCCO1,5.89
CCCCCCCCCC(C)(C)C(=O)O,2.76
CC(C)CCCC(C)CCC(C)C(=O)O,5.895
Cc1cccc(-c2cccc(C)c2)c1,2.519
CCCCCC(C=O)=Cc1ccccc1,11.0
CCCCCCCOC(=O)c1ccccc1,4.5
CCCCCCCC(=O)Oc1ccccc1,3.72
CCCCCCCC(=O)OC1CCCCC1,3.7
CCCCCCCOC(=O)C1CCCCC1,3.82
CCCCCCCCC(=O)OCC1CCCO1,5.67
CCCCCCCCCCCC(=O)OCC,3.51
OCCOCCOCCOCCOCCOCCOCCO,14.85
O=C(Cc1ccccc1)OCc1ccccc1,4.54
CCCCCCOC(=O)C=Cc1ccccc1,4.73
CCCCCCCCOC(=O)c1ccccc1,4.34
CCCCCCCCCCOC(=O)c1ccco1,4.93
CCCCCCCCOC(=O)C1CCCCC1,3.7
CCCCCCCCCC(=O)OCC1CCCO1,5.35
CCCCCCCOC(=O)C=Cc1ccccc1,4.58
CCCCCCCCCOC(=O)c1ccccc1,4.2
CCCCCCCCCC(=O)Oc1ccccc1,3.52
CCCCCCCCCOC(=O)C1CCCCC1,3.6
CCCCCCCCCC(=O)OC1CCCCC1,3.7
CCCCCCCCCCC(=O)OC1(C)CCCO1,5.15
CCCCCCCCCCCCCCOC(C)=O,3.41
CCCCCC(CCCCC)CCCCC,2.054
CCCCOCCOCCOCCOCCOCCCC,5.15
CCCCCCCCOC(=O)C=Cc1ccccc1,4.38
CCCCCCCCCCOC(=O)c1ccccc1,4.05
CCCCCCCCCCOC(=O)C1CCCCC1,3.52
CCCCCCCCCCCC(=O)OCC1CCCO1,4.88
CCCCCCCCCCCCOC(=O)c1ccccc1,3.9
CCCCOC(=O)CC(CC(=O)OCCCC)C(=O)OCCCC,5.7
CCCCCCCCCCCOC(=O)C1CCCCC1,3.45
CCCCCCCCCCCC(=O)OC1CCCCC1,3.5
CCCCCCCCC=CCCCCCCCCO,3.85
CCCCCCCCCCCCOC(=O)C1CCCCC1,3.37
CCCCCCC(CCCCCC)CCCCCC,2.0715
CCCCCCCCCCCCCCCCCC(=O)OCC,3.106
CC(C)CCOC(=O)CC(CC(=O)OCCC(C)C)C(=O)OCCC(C)C,5.1
CCCCCCCOC(=O)c1ccccc1C(=O)OCCCCCCC,5.22
CCCCCCC(O)CC=CCCCCCCCC(=O)OCC(C)C,4.7
CCCCCCCCC=CCCCCCCCCCCCC(=O)OC,3.043
CCCCCCCCCOC(=O)CCCC(=O)OCCCCCCCCC,4.0
CC(C)CCCC(C)CCCC(C)CCCC(C)CCC(C)C(=O)O,2.76
O=C(CCCCCCCCC(=O)OCc1ccccc1)OCc1ccccc1,4.61
CCCCC(CC)COC(=O)c1ccccc1C(=O)OCC(CC)CCCC,4.96
CCCCCCCCC(CCCCCCCC)CCCCCCCC,2.1061
CC(C)CC(C)(C)CCOC(=O)c1ccccc1C(=O)OCCC(C)(C)CC(C)C,4.72
CCCCCCCC(=O)OCC(COC(=O)CCCCCCC)OC(=O)CCCCCCC,3.931
CCCCCCCCCCCCCCCCCC(=O)OCCCCCCCCCC,2.102
CCCCCCCCCCC(CCCCCCCCCC)CCCCCCCCCC,2.1255
C=CC=CCCCCCCCCCCCCCCCCCCCCCCCCCCCCCC,2.82
