SMILES,prop,XGBoost,MLP,D-MPNN,Uni-Mol,consensus_mean,consensus_sd
CC(=O)OCCOCCOCCOC(C)=O,beta,0.00083768981276076,0.0008107602041175201,0.0008126869291443199,0.0008252792526036,0.00082160404965655,1.2508169539021857e-05
CC(=O)OCCOCCOCCOC(C)=O,bp,284.9726867675781,283.56048790594696,290.24357101728685,281.6991882324219,285.1189834808084,3.6700003698947157
CC(=O)OCCOCCOCCOC(C)=O,cpsat,449.5153747558594,445.8240507653635,445.38954505882555,448.7763366699219,447.3763268124926,2.073034520384385
CC(=O)OCCOCCOCCOC(C)=O,dc,7.58378267288208,8.382675520265986,7.663921321500669,7.764277553558349,7.84866426705177,0.363584630604032
CC(=O)OCCOCCOCCOC(C)=O,density,1.3264670848846436,1.2784503774806086,1.2904362970257894,1.3358281612396241,1.3077954801576666,0.027670298889220138
CC(=O)OCCOCCOCCOC(C)=O,fom1,76.1061328005703,74.75588977395786,79.99509476087131,75.44761712606336,76.57618361536572,2.344997027659511
CC(=O)OCCOCCOCCOC(C)=O,fp,423.78696899414064,421.18987789429605,417.41447953081405,444.0357360839844,426.6067656258088,11.910234543226137
CC(=O)OCCOCCOCCOC(C)=O,mp,-28.60714340209961,-2.2408642993270886,-17.356007874450665,-39.69126586914062,-21.973820361254496,16.00648407150844
CC(=O)OCCOCCOCCOC(C)=O,tc,0.19430993199348445,0.19113572038015023,0.19448947338689573,0.19700496196746822,0.19423502193199965,0.0024047588215590546
CC(=O)OCCOCCOCCOC(C)=O,viscosity,7.091767767966674,6.821879768294306,6.409187271382382,7.074435256853714,6.84931751612427,0.3182910534673726
CC(C)OCC(COCC1CCCO1)OC(=O)OC(C)C,beta,0.00075287570944052,0.0007569133684209,0.0007373608635658599,0.00078030717559152,0.0007568642792547001,1.7756348264770054e-05
CC(C)OCC(COCC1CCCO1)OC(=O)OC(C)C,bp,322.16790161132815,317.4269076204174,324.67807072379213,300.749169921875,316.2555124693532,10.765913163239325
CC(C)OCC(COCC1CCCO1)OC(=O)OC(C)C,cpsat,562.6409423828125,547.0392951443963,560.51538579557,556.774560546875,556.7425459674134,6.908436921856174
CC(C)OCC(COCC1CCCO1)OC(=O)OC(C)C,dc,5.5090189456939695,5.939895156127325,4.872474749679605,7.007752704620361,5.832285389030315,0.8979682490291236
CC(C)OCC(COCC1CCCO1)OC(=O)OC(C)C,density,1.1196933031082152,1.168200095126648,1.1150625457943655,1.1436975717544555,1.136663378945921,0.024485531800842397
CC(C)OCC(COCC1CCCO1)OC(=O)OC(C)C,fom1,63.37519493388722,54.64023971286343,53.17568973472944,61.6931156603931,58.2210600104683,5.06288167180278
CC(C)OCC(COCC1CCCO1)OC(=O)OC(C)C,fp,448.7408081054688,431.7441081162694,411.54669725852654,426.3212463378906,429.58821495453884,15.358376047481217
CC(C)OCC(COCC1CCCO1)OC(=O)OC(C)C,mp,-34.86871166229248,-27.55968642236756,3.0872136905185967,-14.3889743745327,-18.432539692168536,16.662360402973448
CC(C)OCC(COCC1CCCO1)OC(=O)OC(C)C,tc,0.17862713336944575,0.17886902548679712,0.1945070398521666,0.1838692873716354,0.18396812152001124,0.0074297936844649705
CC(C)OCC(COCC1CCCO1)OC(=O)OC(C)C,viscosity,9.461458390673368,12.287111895116846,12.484424397088741,8.189589628329156,10.605646077802028,2.1216054847085566
CCCC(=O)OC(COC(=O)COC)COC(C)COCC,beta,0.00074461519252502,0.00072225200990708,0.0007467299585308199,0.0007842069258912801,0.00074945102171355,2.5681047144052212e-05
CCCC(=O)OC(COC(=O)COC)COC(C)COCC,bp,305.44041748046874,321.92022752438186,343.3271424324506,312.7825500488281,320.8675843715323,16.420567024142155
CCCC(=O)OC(COC(=O)COC)COC(C)COCC,cpsat,583.403125,580.8956197201702,596.6267385299416,586.7188720703125,586.9110888301061,6.9022333394968145
CCCC(=O)OC(COC(=O)COC)COC(C)COCC,dc,5.6969929218292235,7.029896297596375,6.221746195693834,7.095697021484375,6.5110831091509525,0.6726562355272604
CCCC(=O)OC(COC(=O)COC)COC(C)COCC,density,1.1582105159759521,1.1321944644795792,1.1509558164581477,1.103470015525818,1.1362077031098743,0.024423300991799707
CCCC(=O)OC(COC(=O)COC)COC(C)COCC,fom1,61.97134474514528,55.48050595601834,60.88253489320093,62.05290697536255,60.09682314243178,3.1234501501472995
CCCC(=O)OC(COC(=O)COC)COC(C)COCC,fp,491.6972961425781,445.20476214401316,459.7011427251374,448.24525146484376,461.2121131191431,21.260324565620856
CCCC(=O)OC(COC(=O)COC)COC(C)COCC,mp,-20.0992112159729,-45.99820514786723,4.839685298647723,4.562883424758911,-14.173711910108374,24.224499926207386
CCCC(=O)OC(COC(=O)COC)COC(C)COCC,tc,0.18463236093521115,0.20103000399161405,0.201286263677869,0.1911642342805862,0.19452821572132012,0.008107378860768425
CCCC(=O)OC(COC(=O)COC)COC(C)COCC,viscosity,9.61405881259962,11.923610572498394,11.286631931758851,7.4713470644825835,10.073912095334862,1.9897138520848348
CCCC(=O)OCC(COC(=O)CCC)OC(=O)CCC,beta,0.00074922244530166,0.00075148907952916,0.0007577744927224799,0.00077558677876364,0.0007585181990792349,1.1940255043765581e-05
CCCC(=O)OCC(COC(=O)CCC)OC(=O)CCC,bp,313.3823669433594,296.2656556725222,300.795647369368,291.52222900390626,300.491474747289,9.390998148095212
CCCC(=O)OCC(COC(=O)CCC)OC(=O)CCC,cpsat,566.054833984375,563.0682282746836,562.7081331230986,567.9470947265625,564.94457252718,2.501342907527965
CCCC(=O)OCC(COC(=O)CCC)OC(=O)CCC,dc,5.604334354400635,6.329417196889937,6.353470527464841,5.767271423339844,6.013623375523814,0.38446005923991183
CCCC(=O)OCC(COC(=O)CCC)OC(=O)CCC,density,1.0511858224868775,1.0598396512029802,1.023392481067057,1.0212464809417725,1.0389161089246717,0.01950674470780562
CCCC(=O)OCC(COC(=O)CCC)OC(=O)CCC,fom1,63.26206182782803,59.62567414900347,64.126987690101,67.8615287655571,63.7190631081224,3.3808828989104667
CCCC(=O)OCC(COC(=O)CCC)OC(=O)CCC,fp,538.5919616699218,447.0826527938401,488.3251218794132,593.2270812988281,516.8067044105007,63.21211739039457
CCCC(=O)OCC(COC(=O)CCC)OC(=O)CCC,mp,-35.8468620300293,-24.887773942845048,-27.6187691307617,-40.088470458984375,-32.110468890655106,7.069932384362533
CCCC(=O)OCC(COC(=O)CCC)OC(=O)CCC,tc,0.18202853500843047,0.17701740739858868,0.17825508408705906,0.17915747165679927,0.17911462453771937,0.002131497096871749
CCCC(=O)OCC(COC(=O)CCC)OC(=O)CCC,viscosity,6.864655894519425,8.897843155733234,6.857829245069665,5.717167260325818,7.084373888912035,1.3238231528000868
CCCC(=O)OCC(OC(=O)CCC)C(=O)COC(C)C,beta,0.0007584254839457,0.00074826920656614,0.00076012503669264,0.0007807002868502799,0.0007618800035136899,1.3594980353125093e-05
CCCC(=O)OCC(OC(=O)CCC)C(=O)COC(C)C,bp,301.3756103515625,294.57891736424807,301.4090658031629,287.55369262695314,296.2293215364817,6.615749142362648
CCCC(=O)OCC(OC(=O)CCC)C(=O)COC(C)C,cpsat,569.2546997070312,560.2432401908036,564.0647031179053,554.3020751953125,561.9661795527632,6.30431975816354
CCCC(=O)OCC(OC(=O)CCC)C(=O)COC(C)C,dc,6.243620681762695,7.875783138974782,9.537031034778037,9.800399589538575,8.364208611263521,1.6506170131097642
CCCC(=O)OCC(OC(=O)CCC)C(=O)COC(C)C,density,1.0807240962982179,1.0740779114071057,1.0844466624822182,1.0709929466247559,1.0775604042030744,0.0061288594881630095
CCCC(=O)OCC(OC(=O)CCC)C(=O)COC(C)C,fom1,62.01149749903211,51.95696695814555,62.6781084038869,61.34174883776552,59.49708042470752,5.056261625309757
CCCC(=O)OCC(OC(=O)CCC)C(=O)COC(C)C,fp,494.32127075195314,431.45350399155086,438.38400112570116,450.1001220703125,453.56472448487943,28.23980622527733
CCCC(=O)OCC(OC(=O)CCC)C(=O)COC(C)C,mp,-32.705759811401364,-24.62702010632136,7.554237230263344,-7.216933107376098,-14.24886894870887,18.010981858260365
CCCC(=O)OCC(OC(=O)CCC)C(=O)COC(C)C,tc,0.17929489314556118,0.1846452286116269,0.1933580474653157,0.1832004219293594,0.1851246477879658,0.005935974992624624
CCCC(=O)OCC(OC(=O)CCC)C(=O)COC(C)C,viscosity,8.805209870607491,10.731367627980296,9.849500847528423,7.409524490232178,9.198900709087098,1.4292882991834537
CCCCCOCCOCCOC,beta,0.0009542600484564401,0.0009323725584685,0.000914802373042,0.0009245864115654801,0.0009315053478831051,1.6786795412778996e-05
CCCCCOCCOCCOC,bp,231.39244384765624,227.94917906265295,258.3510717009591,227.58207092285156,236.31869138352997,14.788181889601319
CCCCCOCCOCCOC,cpsat,404.74717407226564,403.2616285023429,400.96400678386647,399.0343505859375,402.0017899861031,2.517076176575747
CCCCCOCCOCCOC,dc,4.882748126983643,5.812385404925635,5.1873767310991905,5.660170650482177,5.385670228372661,0.428052673848063
CCCCCOCCOCCOC,density,0.8921342253684997,0.898912060784786,0.907803736327977,0.915526282787323,0.9035940763171464,0.010220049606275088
CCCCCOCCOCCOC,fom1,90.99956377351903,94.27053304088217,92.19230367981815,92.20770235699969,92.41752571280476,1.358798859772294
CCCCCOCCOCCOC,fp,370.4617004394531,357.48083033901486,371.686400908496,358.1588439941406,364.4469439202761,7.673633919192955
CCCCCOCCOCCOC,mp,-41.091773223876956,-41.256262283611235,-36.42037763692881,-36.45018005371094,-38.80464829953198,2.7367632256385606
CCCCCOCCOCCOC,tc,0.16831057667732235,0.16808629799443714,0.16845705021779894,0.17147992849349974,0.16908346334576457,0.0016049019857238135
CCCCCOCCOCCOC,viscosity,2.1185135033303455,2.04357104212699,2.014096622562108,1.9469836742710558,2.030791210572625,0.07108899856519972
CCCCOC(=O)COCCCOC(=O)CC1CCCO1,beta,0.00074034915305668,0.0007135542110123201,0.00070642041335832,0.00073487025219942,0.000723798507406685,1.6365117023276157e-05
CCCCOC(=O)COCCCOC(=O)CC1CCCO1,bp,333.07288818359376,347.360700213981,344.82626405346684,349.66852416992185,343.73209415524093,7.376174775607202
CCCCOC(=O)COCCCOC(=O)CC1CCCO1,cpsat,567.32294921875,545.8652924532995,556.6600501262624,560.4822265625,557.5826295902029,8.970853387780416
CCCCOC(=O)COCCCOC(=O)CC1CCCO1,dc,6.4016868591308596,8.308660473974394,6.638133774368536,6.860216522216797,7.052174407422648,0.8583256494349706
CCCCOC(=O)COCCCOC(=O)CC1CCCO1,density,1.179642343521118,1.2292784128924985,1.2051346988886102,1.1264724493026734,1.185131976151225,0.044045782811257685
CCCCOC(=O)COCCCOC(=O)CC1CCCO1,fom1,61.43834839927473,61.19330730941173,59.33912386887373,59.98924303384549,60.490005652851416,0.9948667023106723
CCCCOC(=O)COCCCOC(=O)CC1CCCO1,fp,451.2721435546875,439.1513480567287,435.95836066428683,443.6173583984375,442.49980266853515,6.63841113556976
CCCCOC(=O)COCCCOC(=O)CC1CCCO1,mp,-27.44250030517578,-22.53362792149419,3.00169778344518,3.385181760787964,-10.897312170609206,16.394299875930418
CCCCOC(=O)COCCCOC(=O)CC1CCCO1,tc,0.19281397163867947,0.18990134070813805,0.19427499883148042,0.19378251433372495,0.19269320637800572,0.001957699104819564
CCCCOC(=O)COCCCOC(=O)CC1CCCO1,viscosity,10.386303792289894,11.404727101508268,14.26318971210913,9.507394578207935,11.390403796028806,2.066159449204907
CCCCOC(=O)OCCCCOC1COCC1OCC,beta,0.00075198354898014,0.00071897990967996,0.0007115057436993799,0.00073348254663866,0.0007289879372495351,1.783991199141228e-05
CCCCOC(=O)OCCCCOC1COCC1OCC,bp,328.7151733398438,327.7926199706272,348.3433998456363,349.8979064941406,338.687274912562,12.07000863381991
CCCCOC(=O)OCCCCOC1COCC1OCC,cpsat,578.1668701171875,555.2326737792594,576.0697907121064,573.2967651367187,570.691524936318,10.497140625364649
CCCCOC(=O)OCCCCOC1COCC1OCC,dc,5.63888463973999,5.629880608532467,4.752546797565832,6.240892219543457,5.565551066345437,0.6128016854963492
CCCCOC(=O)OCCCCOC1COCC1OCC,density,1.118407702445984,1.1964904868298947,1.1946238407264553,1.133721613883972,1.1608109109715765,0.04061284058851021
CCCCOC(=O)OCCCCOC1COCC1OCC,fom1,69.55916248578043,62.00868861937482,62.630863564103414,64.3974555916004,64.64904256521477,3.426226742811378
CCCCOC(=O)OCCCCOC1COCC1OCC,fp,433.06507568359376,433.5859095159652,413.67016485948426,437.0646667480469,429.34645420177253,10.600597145738325
CCCCOC(=O)OCCCCOC1COCC1OCC,mp,-27.43043746948242,-14.668307048362681,-14.023204172743487,4.956213808059692,-12.791433720632226,13.345652669147544
CCCCOC(=O)OCCCCOC1COCC1OCC,tc,0.19789640009403225,0.1905404724168683,0.21197860475189248,0.20638627111911773,0.2017004370954777,0.009427146616848046
CCCCOC(=O)OCCCCOC1COCC1OCC,viscosity,8.588236568366156,13.40770968289144,13.143866701282567,6.979656335550764,10.529867322022731,3.239799244850029
CCCCOC(=O)OCCOCCOC,beta,0.0008646393776870801,0.0008795416470844799,0.0008497554172414001,0.00084872896550216,0.00086066635187878,1.453285233923045e-05
CCCCOC(=O)OCCOCCOC,bp,244.93362731933593,252.15105948958677,281.5572737075244,269.37046508789064,262.00310640108444,16.58386140737339
CCCCOC(=O)OCCOCCOC,cpsat,441.4727294921875,433.5015246240747,433.7667175081011,431.48561401367186,435.0566464095088,4.396995748393494
CCCCOC(=O)OCCOCCOC,dc,4.857942724227906,4.263924465027672,5.137387825014114,6.596530151367188,5.21394629140922,0.9910733809091697
CCCCOC(=O)OCCOCCOC,density,1.0816781044006347,1.0952174982659644,1.0718683271354021,1.0636803150177,1.0781110612049254,0.01357168805843311
CCCCOC(=O)OCCOCCOC,fom1,83.89652917118663,79.61847712956741,83.08694172475744,84.93531644861021,82.88431611853042,2.3049178623170654
CCCCOC(=O)OCCOCCOC,fp,384.6857421875,395.8286220693259,399.3498801798102,388.54071655273435,392.1012402473426,6.685883052442449
CCCCOC(=O)OCCOCCOC,mp,-33.59596138000488,-35.181136144931756,-27.22190360518374,-17.87849006652832,-28.469372799162173,7.853930101827365
CCCCOC(=O)OCCOCCOC,tc,0.19057050943374632,0.18611454690119816,0.18979601011654296,0.18686605393886563,0.18833678009758825,0.0021771736118586416
CCCCOC(=O)OCCOCCOC,viscosity,4.253895541201554,5.619971945058566,4.29292887217742,3.595755487639095,4.440637961519159,0.8487924257478713
CCCCOC(=O)OCCOCCOCC,beta,0.00085281534120436,0.00086394002663502,0.00083856083331586,0.0008216452784836001,0.0008442403699097101,1.8297558127377473e-05
CCCCOC(=O)OCCOCCOCC,bp,262.8181915283203,258.1557597858268,281.77123075779093,287.37708740234376,272.5305673685705,14.221748069878654
CCCCOC(=O)OCCOCCOCC,cpsat,462.5061889648438,460.64957887276125,464.0205442554087,470.3315856933594,464.37697444659324,4.202291187112438
CCCCOC(=O)OCCOCCOCC,dc,4.487594366073608,4.133107088965547,5.029012347352385,6.595785999298096,5.061374950422409,1.087254951177291
CCCCOC(=O)OCCOCCOCC,density,1.0753411054611206,1.0777404231938783,1.0765528533434383,1.0554250478744507,1.071264857468222,0.01060520654380258
CCCCOC(=O)OCCOCCOCC,fom1,80.10557446479378,76.7235973131777,81.2021236499532,78.80204291734148,79.20833458631654,1.9252035794179374
CCCCOC(=O)OCCOCCOCC,fp,394.79819946289064,401.14641926967363,400.2338367575286,411.9505126953125,402.0322420463513,7.181513497397656
CCCCOC(=O)OCCOCCOCC,mp,-38.358965682983396,-35.621102570633205,-25.572485631309526,-16.381494522094727,-28.98351210175521,10.039964902768293
CCCCOC(=O)OCCOCCOCC,tc,0.1929715424776077,0.1864642760652706,0.19809661560582068,0.19501411318778988,0.19313663683412224,0.004921854706325776
CCCCOC(=O)OCCOCCOCC,viscosity,4.819878760353262,6.635524985916629,5.285714556200436,4.610750782841118,5.3379672713278605,0.9098801927099858
CCCCOC(COC)(COC(=O)OCC)COC1CCOC1,beta,0.00073729266878214,0.0006975643650714,0.00068333468469796,0.00074970166897396,0.0007169733468813651,3.1582094494047044e-05
CCCCOC(COC)(COC(=O)OCC)COC1CCOC1,bp,346.38465576171876,355.2483473951622,352.7488106820134,312.0989562988281,341.6201925344306,20.031443994423892
CCCCOC(COC)(COC(=O)OCC)COC1CCOC1,cpsat,590.9823608398438,579.733839300115,608.8257880796372,571.219921875,587.690477523649,16.249360431115974
CCCCOC(COC)(COC(=O)OCC)COC1CCOC1,dc,6.528463745117188,6.409067052486715,4.93839244142711,6.618601989746094,6.123631307194276,0.7948060587330111
CCCCOC(COC)(COC(=O)OCC)COC1CCOC1,density,1.1767498254776,1.1950576860726805,1.182624921812267,1.1447412729263307,1.1747934265722195,0.021439309427855456
CCCCOC(COC)(COC(=O)OCC)COC1CCOC1,fom1,60.70060442746249,52.27076928772461,52.99767472476592,53.88102546737791,54.96251847683273,3.8816397812185177
CCCCOC(COC)(COC(=O)OCC)COC1CCOC1,fp,464.3257629394531,439.20711509034953,424.72790865491334,420.66083984375,437.2304066321165,19.73937443262816
CCCCOC(COC)(COC(=O)OCC)COC1CCOC1,mp,-18.79899682998657,-23.781644397577132,0.5231605794604721,7.526924514770508,-8.63263903333318,15.031160467401278
CCCCOC(COC)(COC(=O)OCC)COC1CCOC1,tc,0.18898315727710718,0.1898950568488414,0.21633107454478964,0.18995309770107266,0.19629059659295273,0.013367700459389857
CCCCOC(COC)(COC(=O)OCC)COC1CCOC1,viscosity,11.720908291157127,17.061740998959813,15.714828091934695,9.165315305057211,13.415698171777212,3.62940279479385
CCCCOCCOCCOC(=O)OCC,beta,0.00085281534120436,0.0008625144163802,0.00084048256236276,0.00085826317081222,0.000853518872689885,9.554554140202583e-06
CCCCOCCOCCOC(=O)OCC,bp,260.5558258056641,258.1853958527229,277.32919786437094,265.13971557617185,265.3025337747324,8.521581379753924
CCCCOCCOCCOC(=O)OCC,cpsat,461.119140625,462.0622159781018,462.9388092775277,464.511572265625,462.65793453656363,1.441946688088998
CCCCOCCOCCOC(=O)OCC,dc,4.441081094741821,4.021315634223376,5.075170875624494,6.021168041229248,4.889683911454735,0.8698600848935457
CCCCOCCOCCOC(=O)OCC,density,1.0682023286819458,1.0772371735690451,1.0614446038716356,1.0039806365966797,1.0527161856798264,0.033128228148173025
CCCCOCCOCCOC(=O)OCC,fom1,79.0755094289288,75.60045525976436,81.462520346145,82.86228827640441,79.75019332781065,3.177668074945504
CCCCOCCOCCOC(=O)OCC,fp,395.0069152832031,399.6057943026807,401.60246073188375,404.81532592773436,400.25762406137545,4.105932970732778
CCCCOCCOCCOC(=O)OCC,mp,-32.12409896850586,-35.499509309457395,-22.644333891543404,-35.14295349121094,-31.352723915179396,5.999798486112648
CCCCOCCOCCOC(=O)OCC,tc,0.19235634505748744,0.1867571639353678,0.19477742334128062,0.19341959059238428,0.19182763073163006,0.00352253625524596
CCCCOCCOCCOC(=O)OCC,viscosity,4.752646579736714,6.407918880871128,4.699894324550317,3.6598570952589364,4.880079220104274,1.1360665675025508
CCCCOCCOCCOC(C)COCC,beta,0.00085295694880182,0.00082920506732346,0.0008408531553364201,0.0008400017744861,0.00084075423648695,9.710226228190065e-06
CCCCOCCOCCOC(C)COCC,bp,332.6908752441406,336.04610019068843,316.70965695206905,285.6828308105469,317.78236579936123,23.002597668895284
CCCCOCCOCCOC(C)COCC,cpsat,515.3888671875,517.9385741003465,513.7979550634543,524.0347290039062,517.7900313388018,4.498910095799415
CCCCOCCOCCOC(C)COCC,dc,4.99496808052063,5.7223861115412005,4.971845804462615,6.274481391906738,5.490920347107796,0.6279467447128514
CCCCOCCOCCOC(C)COCC,density,1.0092196226119996,1.0054639945378638,0.983413033961274,1.0108211040496826,1.0022294387902049,0.012743610469098155
CCCCOCCOCCOC(C)COCC,fom1,79.45805954417463,76.44472527765811,76.8992255691549,74.03740759580162,76.70985449669732,2.2211677354459933
CCCCOCCOCCOC(C)COCC,fp,386.31080932617186,384.35651763605944,391.7977045393419,406.51698608398436,392.24550439638944,10.022182595829712
CCCCOCCOCCOC(C)COCC,mp,-24.264970779418945,-25.67863723488744,-18.14266980918978,-23.474088668823242,-22.89009162307985,3.293698314058902
CCCCOCCOCCOC(C)COCC,tc,0.18653820157051082,0.19494565262075256,0.1915370937534643,0.1966340839862823,0.1924137579827525,0.004453925061424323
CCCCOCCOCCOC(C)COCC,viscosity,5.285834064428419,5.786950941097802,4.932227048676629,6.089075474624334,5.523521882206796,0.5149015484680214
CCCOC(=O)OC(COCC)(COCC)COC1CCOC1,beta,0.00073876164387908,0.00070984782903476,0.0006794067757668199,0.00074839650187636,0.0007191031876392551,3.112351704189133e-05
CCCOC(=O)OC(COCC)(COCC)COC1CCOC1,bp,350.8633239746094,352.4416638589664,342.4187386183034,318.1976745605469,340.9803502531065,15.813013121616711
CCCOC(=O)OC(COCC)(COCC)COC1CCOC1,cpsat,592.8141357421875,570.1220800164452,607.4313589426862,579.5435791015625,587.4777884507204,16.235700077759006
CCCOC(=O)OC(COCC)(COCC)COC1CCOC1,dc,6.4697850227355955,6.253211866907047,5.3085646423192525,7.217882442474365,6.312360993609065,0.7865233951497977
CCCOC(=O)OC(COCC)(COCC)COC1CCOC1,density,1.1737173557281495,1.1988707620455437,1.212546987622399,1.1637085199356079,1.187210906332925,0.02245222575928988
CCCOC(=O)OC(COCC)(COCC)COC1CCOC1,fom1,61.01313942284586,52.88124815627579,53.232085898058095,53.91540860950926,55.260470521672254,3.8590773629370116
CCCOC(=O)OC(COCC)(COCC)COC1CCOC1,fp,459.7013671875,438.6553714810004,429.8876773826728,421.57859497070314,437.45575275546906,16.387661524410245
CCCOC(=O)OC(COCC)(COCC)COC1CCOC1,mp,-39.45610466003418,-30.22035224360244,28.924151525110556,19.026797485351562,-5.431376973293625,34.40290697679978
CCCOC(=O)OC(COCC)(COCC)COC1CCOC1,tc,0.19008042514324183,0.18842394013430963,0.21945897717577312,0.1946231991052627,0.19814663538964683,0.014447895653302416
CCCOC(=O)OC(COCC)(COCC)COC1CCOC1,viscosity,11.28485356388326,17.40215164909592,15.70899912477185,9.671707546813057,13.516927971141023,3.6362991828472073
CCCOC(=O)OCCCCOC1COCC1OCCC,beta,0.00075198354898014,0.00072383432459994,0.0007125079234372399,0.000729147857055,0.00072936841351808,1.6597140948977903e-05
CCCOC(=O)OCCCCOC1COCC1OCCC,bp,324.19219360351565,326.9196638600866,345.4885799482022,335.4709899902344,333.0178568505097,9.602379675169477
CCCOC(=O)OCCCCOC1COCC1OCCC,cpsat,578.896923828125,554.1490157441871,576.3042240414898,570.0700439453125,569.8550518897786,11.106650598964455
CCCOC(=O)OCCCCOC1COCC1OCCC,dc,5.690318202972412,5.760456421629824,4.954205066710457,6.410090065002441,5.703767439078783,0.5955753309914268
CCCOC(=O)OCCCCOC1COCC1OCCC,density,1.1179818868637086,1.1953695584213717,1.205644832919664,1.156701636314392,1.168924478629784,0.03996778783999979
CCCOC(=O)OCCCCOC1COCC1OCCC,fom1,69.19411690147858,62.24123186503535,62.2513375810603,64.82637970017238,64.62826651193664,3.2779040133891106
CCCOC(=O)OCCCCOC1COCC1OCCC,fp,431.7835388183594,433.57528050900953,415.05800625684094,437.3483825683594,429.44130203814234,9.865376681031751
CCCOC(=O)OCCCCOC1COCC1OCCC,mp,-38.22970428466797,-13.884881142110663,-18.69587902181113,14.239312410354614,-14.142788009558785,21.65271586974944
CCCOC(=O)OCCCCOC1COCC1OCCC,tc,0.19836618304252623,0.1904833768391237,0.21209097109344052,0.20102737247943875,0.20049197586363232,0.008935218509340655
CCCOC(=O)OCCCCOC1COCC1OCCC,viscosity,8.870774226985954,13.550286423357184,13.220027876872056,6.977252223795214,10.6545851877526,3.2491712332325204
CCCOC(=O)OCCOCCOCC,beta,0.0008649601484648402,0.0008853945877879399,0.0008686586226250599,0.0008574288105591601,0.00086911054235925,1.1818953623985697e-05
CCCOC(=O)OCCOCCOCC,bp,249.18033752441406,247.65029768084383,264.8345924556168,272.38543090820315,258.51266464226944,12.076199189393614
CCCOC(=O)OCCOCCOCC,cpsat,441.71210327148435,432.24503746738935,433.87114225679306,440.92267456054685,437.1877393890534,4.825271256625319
CCCOC(=O)OCCOCCOCC,dc,4.97282338142395,4.518735986858343,5.344323114651887,6.631304931640625,5.366796853643701,0.9080947231886783
CCCOC(=O)OCCOCCOCC,density,1.079764986038208,1.0933769677620064,1.1192014637708998,1.069913101196289,1.0905641296918507,0.02137830241733035
CCCOC(=O)OCCOCCOCC,fom1,83.97350668565164,81.05339406746573,85.7968157289657,84.78560598905469,83.90233061778444,2.040486438602239
CCCOC(=O)OCCOCCOCC,fp,383.9607360839844,394.14792688126596,396.71397841599,402.8893615722656,394.4280007383765,7.883789101997914
CCCOC(=O)OCCOCCOCC,mp,-37.31897048950195,-31.318496542247566,-13.099888818248818,-25.575967025756835,-26.82833071893879,10.332047937641278
CCCOC(=O)OCCOCCOCC,tc,0.19077148437499997,0.1851020587585063,0.1958845344582037,0.19082492887973782,0.19064575161786193,0.004405499948341876
CCCOC(=O)OCCOCCOCC,viscosity,4.173814457937543,5.4509766948965765,4.408784821298066,3.8454975631334634,4.469768384316413,0.6937318234086077
CCCOC(=O)OCCOCCOCC1CC(OCC)CO1,beta,0.00074018661398436,0.00068298544259574,0.0006934399235071,0.00072651981608938,0.000710782949044145,2.699201360800106e-05
CCCOC(=O)OCCOCCOCC1CC(OCC)CO1,bp,333.4721923828125,352.9817672068342,393.74338201484693,347.57099609375,356.9420844245609,25.87581074896655
CCCOC(=O)OCCOCCOCC1CC(OCC)CO1,cpsat,588.8904052734375,578.2437034581905,598.4819373709518,607.0489868164062,593.1662582297465,12.409031081664812
CCCOC(=O)OCCOCCOCC1CC(OCC)CO1,dc,6.7870306968688965,6.162008317220159,5.440114186678745,6.833072757720947,6.305556489622187,0.6531174684737555
CCCOC(=O)OCCOCCOCC1CC(OCC)CO1,density,1.1822806358337403,1.2645830317040003,1.2773037557545255,1.1714385986328124,1.2239015054812696,0.05474620320248917
CCCOC(=O)OCCOCCOCC1CC(OCC)CO1,fom1,69.55126296916528,63.43898941831122,65.07634690148609,65.42932780256456,65.87398177288179,2.600354033892472
CCCOC(=O)OCCOCCOCC1CC(OCC)CO1,fp,441.4936157226563,442.78995369726783,430.51263445401037,445.6420959472656,440.1095749553,6.628475303766584
CCCOC(=O)OCCOCCOCC1CC(OCC)CO1,mp,-26.935400676727294,-17.569867408196654,1.082695674440202,10.973928880691528,-8.112160882448055,17.249026819200534
CCCOC(=O)OCCOCCOCC1CC(OCC)CO1,tc,0.20898524820804593,0.19922944765237818,0.22960972574358615,0.21295026838779446,0.21269367249795118,0.012665655138548846
CCCOC(=O)OCCOCCOCC1CC(OCC)CO1,viscosity,9.009070552589577,16.453232860350386,13.882391333368219,7.364274971367699,11.67724242941897,4.218751621963127
CCCOC(=O)OCCOCCOCCOC,beta,0.0008334692334755801,0.0008213117629191199,0.00080774863739074,0.0008208071812987,0.0008208342037710351,1.0505630491658203e-05
CCCOC(=O)OCCOCCOCCOC,bp,298.6549072265625,306.97736084314283,337.41289421039704,311.080322265625,313.53137113643186,16.739165792491963
CCCOC(=O)OCCOCCOCCOC,cpsat,495.18699340820314,485.9209822477721,490.9757522941247,493.7711242675781,491.4637130544195,4.088477043188047
CCCOC(=O)OCCOCCOCCOC,dc,5.556360530853271,5.438609936960884,5.837542037089153,7.340233039855957,6.0431863861898165,0.8807443284877461
CCCOC(=O)OCCOCCOCCOC,density,1.1374422788619996,1.1495363901679234,1.1493925728969652,1.1163706302642822,1.1381854680477925,0.01560856719630148
CCCOC(=O)OCCOCCOCCOC,fom1,77.75104098234097,77.00979719904461,79.2955404216508,82.51325748288133,79.14240902147942,2.4406287974603837
CCCOC(=O)OCCOCCOCCOC,fp,404.3678405761719,415.0414015854077,418.5354801045472,413.0089538574219,412.7384190308872,6.029080043065785
CCCOC(=O)OCCOCCOCCOC,mp,-17.125459682941436,-20.30351544866707,1.1744160674978645,-6.005129623413086,-10.564922171880932,9.941237713489205
CCCOC(=O)OCCOCCOCCOC,tc,0.20450786054134365,0.19821940560994739,0.20871056533523244,0.20448174774646755,0.20397989480824777,0.004324083086834329
CCCOC(=O)OCCOCCOCCOC,viscosity,5.8475676355868345,8.71005086490933,6.519906840027302,4.709700040486086,6.446806345252388,1.6836710667777912
CCCOC(=O)OCCOCCOCCOCC,beta,0.00082641667686398,0.00081017633731982,0.0007967790166177,0.0008146732230670201,0.0008120113134671299,1.2247316196942132e-05
CCCOC(=O)OCCOCCOCCOCC,bp,315.42626953125,308.9503744134593,342.3909380526294,325.3290588378906,323.0241602088073,14.562326177546398
CCCOC(=O)OCCOCCOCCOCC,cpsat,528.9448974609375,510.64519123863647,520.4975345532273,526.2411987304688,521.5822054958176,8.09753548616798
CCCOC(=O)OCCOCCOCCOCC,dc,5.18640661239624,5.171025260090096,5.670630799174613,6.814122104644776,5.710546194076432,0.771422531956448
CCCOC(=O)OCCOCCOCCOCC,density,1.1051443099975586,1.1299155298944972,1.1546522191407962,1.0914755582809448,1.1202969043284492,0.027887133930553205
CCCOC(=O)OCCOCCOCCOCC,fom1,75.14305257551362,74.48047126228835,77.5136692259499,79.07679742246029,76.55349762155303,2.1272646684770216
CCCOC(=O)OCCOCCOCCOCC,fp,406.0794921875,419.67015646823074,420.6082136355709,435.9221984863281,420.57001519440746,12.199398806094573
CCCOC(=O)OCCOCCOCCOCC,mp,-27.00097370147705,-21.22542340360136,-6.3596103454807,-4.596536684036255,-14.79563603364884,11.037822704428741
CCCOC(=O)OCCOCCOCCOCC,tc,0.20493184626102443,0.19744772180633102,0.2178490722517425,0.21015702486038204,0.20759641629487,0.00859786027029857
CCCOC(=O)OCCOCCOCCOCC,viscosity,6.511709415847207,10.370718151493001,7.988291375273278,5.679880791810914,7.637649933606101,2.0569567623339857
CCCOC(CC)COCCOCCOC,beta,0.0008645824273116401,0.0008586455575794599,0.00085304517824044,0.0008710469352081,0.00086183002458491,7.742555943414986e-06
CCCOC(CC)COCCOCCOC,bp,288.7473510742187,321.12378903250067,319.80842678658644,288.8088684082031,304.62210882537727,18.30297069718857
CCCOC(CC)COCCOCCOC,cpsat,479.2726989746094,486.97686248356257,479.1161659470009,470.6877197265625,479.0133617829339,6.653607631324768
CCCOC(CC)COCCOCCOC,dc,4.881875133514404,5.964262107222893,5.094402441239391,6.384955883026123,5.581373891250703,0.7115211659154077
CCCOC(CC)COCCOCCOC,density,1.001443076133728,0.9930415635366054,0.9909139156243899,0.9993587136268616,0.9961893172303963,0.005012825934663126
CCCOC(CC)COCCOCCOC,fom1,80.0238469777715,78.74231006139416,78.9264207372768,76.47741171539283,78.54249737295882,1.4884329214414758
CCCOC(CC)COCCOCCOC,fp,381.5484924316406,378.83825948463016,386.13513413641743,391.5179077148438,384.509948441883,5.558506965052779
CCCOC(CC)COCCOCCOC,mp,-32.14790992736816,-19.328155297788406,-34.04615187806376,-21.846889877319335,-26.842276745134917,7.33624498590985
CCCOC(CC)COCCOCCOC,tc,0.18657786250114436,0.1882540833177099,0.18414539596359136,0.18546956479549406,0.18611172664448491,0.0017402876140739801
CCCOC(CC)COCCOCCOC,viscosity,4.818095863195487,4.676597107716007,4.154012106355722,4.587197271355406,4.558975587155656,0.28622253800994085
CCCOC(COC(=O)OC)C(COC1CCOC1)OCCC,beta,0.00074064267100762,0.00069786498218022,0.00069306411119852,0.00074866858776652,0.0007200600880382201,2.8655973594661555e-05
CCCOC(COC(=O)OC)C(COC1CCOC1)OCCC,bp,342.00941162109376,339.19890583916515,349.8498689246174,314.33107299804686,336.3473148457308,15.353878802400152
CCCOC(COC(=O)OC)C(COC1CCOC1)OCCC,cpsat,593.1366333007812,583.9635003142612,607.551148142008,591.5462890625,594.0493927048876,9.85090998797274
CCCOC(COC(=O)OC)C(COC1CCOC1)OCCC,dc,6.7407151222229,6.386623372502651,4.970729102831146,7.04617395401001,6.286060387891677,0.9173681311556047
CCCOC(COC(=O)OC)C(COC1CCOC1)OCCC,density,1.1684062242507935,1.2063140681324644,1.2468404147941248,1.1718888521194457,1.198362389824207,0.0365676001736016
CCCOC(COC(=O)OC)C(COC1CCOC1)OCCC,fom1,61.60599280520542,54.1818969959744,53.492340946622676,57.665369346337386,56.73640002353497,3.7249305530133974
CCCOC(COC(=O)OC)C(COC1CCOC1)OCCC,fp,465.5793151855469,445.422946904323,416.8968787719635,415.57078857421874,435.867482359013,24.12425813463324
CCCOC(COC(=O)OC)C(COC1CCOC1)OCCC,mp,-25.33497247695923,-21.608137761934053,-11.261588798870989,25.235196685791017,-8.242375587993314,23.098801993885772
CCCOC(COC(=O)OC)C(COC1CCOC1)OCCC,tc,0.19170339405536646,0.1953586825535048,0.22326977129640652,0.19540194869041438,0.20143344914892303,0.014660385670485426
CCCOC(COC(=O)OC)C(COC1CCOC1)OCCC,viscosity,11.105487671269193,16.863327050771147,14.790200291788,8.954480395540077,12.928373852342105,3.562068575028059
CCCOC(COCC)(COC(=O)OCC)COC1CCOC1,beta,0.00073876164387908,0.0007030368922541,0.00068859546589194,0.00075441594235592,0.0007212024860952601,3.057593969663931e-05
CCCOC(COCC)(COC(=O)OCC)COC1CCOC1,bp,356.9471862792969,349.1308197043848,337.0723328716364,311.2416625976563,338.5980003632436,19.98607668932594
CCCOC(COCC)(COC(=O)OCC)COC1CCOC1,cpsat,590.0134643554687,577.7522796588783,605.997078884658,563.2783813476562,584.2603010616654,18.149212062562288
CCCOC(COCC)(COC(=O)OCC)COC1CCOC1,dc,6.478662586212158,6.432084529517351,5.031853474633277,6.7736124992370605,6.179053272399962,0.7796064409291126
CCCOC(COCC)(COC(=O)OCC)COC1CCOC1,density,1.1731531620025635,1.2028394981696207,1.1907703725869294,1.1590791702270509,1.1814605507465412,0.01926716617565017
CCCOC(COCC)(COC(=O)OCC)COC1CCOC1,fom1,61.26629573904785,52.40973763160001,53.69618608222946,55.22295903936506,55.648794623060596,3.9175598289460645
CCCOC(COCC)(COC(=O)OCC)COC1CCOC1,fp,454.1889892578125,437.8500413171704,420.6958287173131,422.0159118652344,433.6876927893826,15.7336931896877
CCCOC(COCC)(COC(=O)OCC)COC1CCOC1,mp,-28.699821853637694,-27.87209125464367,12.556269798390359,19.94700508117676,-6.017159557178561,25.892414151317265
CCCOC(COCC)(COC(=O)OCC)COC1CCOC1,tc,0.1904511451721191,0.18903866646179518,0.21760302244719415,0.19036058783531185,0.19686335547910505,0.013841507290453551
CCCOC(COCC)(COC(=O)OCC)COC1CCOC1,viscosity,11.375486722506608,17.447342953110585,15.2402882804739,8.735173371213827,13.199572831826229,3.8929947009020562
CCCOCCOCCOC(=O)OCCC,beta,0.00085166713688518,0.00086671674917986,0.0008457184118496001,0.00082410041941326,0.000847050679331975,1.7668761044883743e-05
CCCOCCOCCOC(=O)OCCC,bp,263.3841613769531,254.94480127724674,274.24593822130896,276.9604431152344,267.38383599768576,10.157539607919464
CCCOCCOCCOC(=O)OCCC,cpsat,462.0051696777344,460.62042100634835,464.392063846426,468.44138793945314,463.86476061749045,3.425754628060302
CCCOCCOCCOC(=O)OCCC,dc,4.508705377578735,4.105151887359172,5.212829322518614,6.355377960205078,5.0455161369154,0.9859314397008054
CCCOCCOCCOC(=O)OCCC,density,1.072520875930786,1.0753264333740102,1.0897611954757338,1.0824197053909301,1.080007052542865,0.007722590976936859
CCCOCCOCCOC(=O)OCCC,fom1,80.40092364664935,77.89645227762648,80.52386879854305,79.00703381717547,79.45706963499859,1.2472609489201016
CCCOCCOCCOC(=O)OCCC,fp,395.01384887695315,400.3201209878258,402.0599352327838,410.5831298828125,401.9942587450938,6.462762050880884
CCCOCCOCCOC(=O)OCCC,mp,-44.43042144775391,-31.81989105409224,-25.89763289075168,-9.444904708862305,-27.898212525365032,14.528367453379209
CCCOCCOCCOC(=O)OCCC,tc,0.19300714433193206,0.18737346012605471,0.19702314983306018,0.19220916926860804,0.19240323088991373,0.003959992270048372
CCCOCCOCCOC(=O)OCCC,viscosity,4.673642136125942,6.5077344182990515,5.290870227126302,3.992029527801301,5.116069077338149,1.0687211002615034
CCOC(=O)OCC(COCC(C)C)OCC1CCCO1,beta,0.00074814378749574,0.00073054807583496,0.00073124118618748,0.00078740583267056,0.000749334720547185,2.665296672050358e-05
CCOC(=O)OCC(COCC(C)C)OCC1CCCO1,bp,329.23786010742185,295.98841254632316,323.85963643082385,298.8454956054687,311.9828511725094,17.002014975464103
CCOC(=O)OCC(COCC(C)C)OCC1CCCO1,cpsat,567.5710815429687,552.1595941221533,566.106236863982,557.1249633789063,560.7404689770025,7.35191646324785
CCOC(=O)OCC(COCC(C)C)OCC1CCCO1,dc,5.871742010116577,5.698213318380704,4.830702508468174,6.449755764007568,5.712603400243255,0.6699937715942892
CCOC(=O)OCC(COCC(C)C)OCC1CCCO1,density,1.1178603887557983,1.1726839393266073,1.14261479122671,1.1157827377319336,1.1372354642602622,0.026590377767431672
CCOC(=O)OCC(COCC(C)C)OCC1CCCO1,fom1,62.72538529870951,57.463895300950824,55.80532639702177,62.43618161836558,59.60769715376192,3.5011528335430673
CCOC(=O)OCC(COCC(C)C)OCC1CCCO1,fp,456.3647216796875,435.19545984525837,422.481460197722,416.08172607421875,432.53084194922167,17.76436037121175
CCOC(=O)OCC(COCC(C)C)OCC1CCCO1,mp,-28.62277455329895,-28.431512904613367,-7.043115561424871,-2.973347237706184,-16.767687564260843,13.68014418504746
CCOC(=O)OCC(COCC(C)C)OCC1CCCO1,tc,0.18593337237834925,0.18472382933331355,0.20248156913060483,0.18685095310211178,0.18999743098609487,0.008368223129693514
CCOC(=O)OCC(COCC(C)C)OCC1CCCO1,viscosity,10.441918930705688,13.402625511266006,13.1679921519006,7.153266079544442,11.041450668354184,2.9197455951474534
CCOC(=O)OCCCCOCCOCCOC,beta,0.0008260959060862199,0.0008075869690016,0.0007931621857432,0.00078624183079222,0.00080327172290581,1.7623702351878714e-05
CCOC(=O)OCCCCOCCOCCOC,bp,315.09824829101564,348.74859622461946,360.5672198787408,328.66884155273436,338.27072648677756,20.298434355393937
CCOC(=O)OCCCCOCCOCCOC,cpsat,523.5189697265625,514.2323368160858,519.0142876048637,521.6400512695312,519.6014113542608,4.02802648113237
CCOC(=O)OCCCCOCCOCCOC,dc,5.162343502044678,5.23927445162854,5.460347552906959,7.319077396392823,5.795260725743249,1.0237006444182606
CCOC(=O)OCCCCOCCOCCOC,density,1.1112526416778565,1.1458474315748188,1.1212143040197666,1.1065223932266235,1.1212091926247665,0.017529763527649598
CCOC(=O)OCCCCOCCOCCOC,fom1,75.60622884768878,71.61301055680843,76.99081921475204,77.15210326836572,75.34054047190375,2.5800677817698143
CCOC(=O)OCCCCOCCOCCOC,fp,401.96641235351564,418.10526460361126,417.6438238327707,416.2934326171875,413.5022333517712,7.728877190139506
CCOC(=O)OCCCCOCCOCCOC,mp,-19.993763256073,-22.474760375668957,9.792142435597285,2.4519848346710207,-7.556099090368414,16.10781562201251
CCOC(=O)OCCCCOCCOCCOC,tc,0.20382383167743678,0.19687931704406636,0.20726323200678348,0.19950926601886748,0.20186891168678855,0.0045965344286526336
CCOC(=O)OCCCCOCCOCCOC,viscosity,5.782304221234716,9.990593525762531,6.863118561837896,4.968032176848718,6.901012121420965,2.2011260760474953
CCOCC(COC1CCOC1)(COC1CCOC1)OC(=O)OC1CCOC1,beta,0.00067562888143578,0.0006790411260135601,0.00052542887828038,0.0006853309459984,0.00064135745793203,7.739012112198053e-05
CCOCC(COC1CCOC1)(COC1CCOC1)OC(=O)OC1CCOC1,bp,437.31858520507814,426.974267216331,468.7602501091034,393.5976623535156,431.6626912210071,30.979271319950968
CCOCC(COC1CCOC1)(COC1CCOC1)OC(=O)OC1CCOC1,cpsat,647.7146850585938,625.96301366506,682.3011359266776,620.6010375976563,644.1449680619969,28.009142275070865
CCOCC(COC1CCOC1)(COC1CCOC1)OC(=O)OC1CCOC1,dc,7.986921405792236,8.001050870631346,7.380267865108183,8.667281341552734,8.008880370771124,0.5257340955963035
CCOCC(COC1CCOC1)(COC1CCOC1)OC(=O)OC1CCOC1,density,1.262003517150879,1.4404064551571025,1.5109516111630095,1.2350749015808105,1.3621091212629506,0.13471375114104533
CCOCC(COC1CCOC1)(COC1CCOC1)OC(=O)OC1CCOC1,fom1,60.23058070053546,53.282903099855126,50.3211664394781,51.11069307841771,53.7363358295716,4.5069649619278955
CCOCC(COC1CCOC1)(COC1CCOC1)OC(=O)OC1CCOC1,fp,505.0966491699219,454.08167446295283,447.6274448223838,445.8598693847656,463.166409460006,28.17595407129316
CCOCC(COC1CCOC1)(COC1CCOC1)OC(=O)OC1CCOC1,mp,7.839906239509583,-9.700407511254152,37.769023744676,50.866417694091794,21.693735041755808,27.610270306154774
CCOCC(COC1CCOC1)(COC1CCOC1)OC(=O)OC1CCOC1,tc,0.20383596718311306,0.19661895600091073,0.25395655084103974,0.20925731062889094,0.21591719616348862,0.025882585823079802
CCOCC(COC1CCOC1)(COC1CCOC1)OC(=O)OC1CCOC1,viscosity,7.449010039484347,17.67108619417396,24.032557200823412,11.488117897771678,15.16019283306335,7.256489264824828
CCOCC(OCC)C(COC(COC)C1CCCO1)OCC1CCCO1,beta,0.00070884468732394,0.00065253639268492,0.00061813707824536,0.00070600411854678,0.00067138056920025,4.394057590937168e-05
CCOCC(OCC)C(COC(COC)C1CCCO1)OCC1CCCO1,bp,455.3569030761719,441.693666032254,446.8646337869648,355.22943725585935,424.78616003781246,46.711992664721414
CCOCC(OCC)C(COC(COC)C1CCCO1)OCC1CCCO1,cpsat,674.2351806640625,660.2717728013693,690.6176861717918,647.2674926757812,668.0980330782512,18.61863868389125
CCOCC(OCC)C(COC(COC)C1CCCO1)OCC1CCCO1,dc,6.841496896743775,6.9674763100821595,5.02400059770065,6.790995693206787,6.4059923744333425,0.9243118567106872
CCOCC(OCC)C(COC(COC)C1CCCO1)OCC1CCCO1,density,1.1428879261016847,1.2527822991090034,1.246838220194285,1.1598663568496703,1.2005937005636609,0.05730293286923481
CCOCC(OCC)C(COC(COC)C1CCCO1)OCC1CCCO1,fom1,60.45724278203254,52.00118962511225,49.81510140125234,54.56860122300516,54.21053375785057,4.595309675480517
CCOCC(OCC)C(COC(COC)C1CCCO1)OCC1CCCO1,fp,488.295068359375,447.74831060323334,437.09270135849476,439.31060791015625,453.11167205781487,23.900584478756944
CCOCC(OCC)C(COC(COC)C1CCCO1)OCC1CCCO1,mp,-12.573930358886718,-11.9431035032454,9.905567067808434,22.528805828094484,1.9793347584427003,17.231151369832904
CCOCC(OCC)C(COC(COC)C1CCCO1)OCC1CCCO1,tc,0.20779969096183773,0.2234513331671447,0.23110306322470836,0.197688814997673,0.21501072558784096,0.015080393383440296
CCOCC(OCC)C(COC(COC)C1CCCO1)OCC1CCCO1,viscosity,9.4644566551759,17.942761180942842,17.441647253846664,10.644370270208006,13.873308840043352,4.440626955211674
COCCOC(=O)OC1CCCC1,beta,0.00086765181040388,0.0008814929895326,0.0008396914664299,0.0008240460767410199,0.00085322058577685,2.608817168852382e-05
COCCOC(=O)OC1CCCC1,bp,233.83356018066405,227.73917626810936,250.3874536556413,245.21085205078126,239.292760538799,10.350590974292118
COCCOC(=O)OC1CCCC1,cpsat,343.6911926269531,351.5684354187148,338.08584593042144,334.7723876953125,342.0294654178505,7.34780234100529
COCCOC(=O)OC1CCCC1,dc,6.730657386779785,4.3495307622423365,5.438025760875245,5.39768123626709,5.478973786541114,0.9747886266228177
COCCOC(=O)OC1CCCC1,density,1.1253360033035278,1.1476313353243737,1.1398927407128716,1.1410935401916504,1.1384884048831059,0.009404568632016726
COCCOC(=O)OC1CCCC1,fom1,81.02622797017575,81.36209878924637,78.2838495757269,76.40510538158539,79.2693204291836,2.3552300675902016
COCCOC(=O)OC1CCCC1,fp,380.5225830078125,377.84659594664595,383.474410458028,384.6012329101562,381.6112055806607,3.0424321766642954
COCCOC(=O)OC1CCCC1,mp,-30.25546188354492,-31.679451062829393,-19.597669468161094,-9.098985815048218,-22.657892057395905,10.52489896920894
COCCOC(=O)OC1CCCC1,tc,0.17563514709472655,0.1661942187838768,0.17043821265840217,0.16878770291805262,0.17026382036376453,0.003984224862117092
COCCOC(=O)OC1CCCC1,viscosity,3.4460397317270974,3.9898496121206066,3.388078012429292,3.6979620913086513,3.6304823618964117,0.27475885601717503
