SMILES,fom1,fp,mp,bp,dc,density,viscosity,tc,cpsat,beta
CC(=O)OCCOCCOCCOC(C)=O,76.6 +/- 2.3,426.6 +/- 11.9,-22.0 +/- 16.0,285.1 +/- 3.7,7.85 +/- 0.36,1.308 +/- 0.028,6.85 +/- 0.32,0.1942 +/- 0.0024,447.4 +/- 2.1,0.00082 +/- 0.00001
CC(C)OCC(COCC1CCCO1)OC(=O)OC(C)C,58.2 +/- 5.1,429.6 +/- 15.4,-18.4 +/- 16.7,316.3 +/- 10.8,5.83 +/- 0.90,1.137 +/- 0.024,10.61 +/- 2.12,0.1840 +/- 0.0074,556.7 +/- 6.9,0.00076 +/- 0.00002
CCCC(=O)OC(COC(=O)COC)COC(C)COCC,60.1 +/- 3.1,461.2 +/- 21.3,-14.2 +/- 24.2,320.9 +/- 16.4,6.51 +/- 0.67,1.136 +/- 0.024,10.07 +/- 1.99,0.1945 +/- 0.0081,586.9 +/- 6.9,0.00075 +/- 0.00003
CCCC(=O)OCC(COC(=O)CCC)OC(=O)CCC,63.7 +/- 3.4,516.8 +/- 63.2,-32.1 +/- 7.1,300.5 +/- 9.4,6.01 +/- 0.38,1.039 +/- 0.020,7.08 +/- 1.32,0.1791 +/- 0.0021,564.9 +/- 2.5,0.00076 +/- 0.00001
CCCC(=O)OCC(OC(=O)CCC)C(=O)COC(C)C,59.5 +/- 5.1,453.6 +/- 28.2,-14.2 +/- 18.0,296.2 +/- 6.6,8.36 +/- 1.65,1.078 +/- 0.006,9.20 +/- 1.43,0.1851 +/- 0.0059,562.0 +/- 6.3,0.00076 +/- 0.00001
CCCCCOCCOCCOC,92.4 +/- 1.4,364.4 +/- 7.7,-38.8 +/- 2.7,236.3 +/- 14.8,5.39 +/- 0.43,0.904 +/- 0.010,2.03 +/- 0.07,0.1691 +/- 0.0016,402.0 +/- 2.5,0.00093 +/- 0.00002
CCCCOC(=O)COCCCOC(=O)CC1CCCO1,60.5 +/- 1.0,442.5 +/- 6.6,-10.9 +/- 16.4,343.7 +/- 7.4,7.05 +/- 0.86,1.185 +/- 0.044,11.39 +/- 2.07,0.1927 +/- 0.0020,557.6 +/- 9.0,0.00072 +/- 0.00002
CCCCOC(=O)OCCCCOC1COCC1OCC,64.6 +/- 3.4,429.3 +/- 10.6,-12.8 +/- 13.3,338.7 +/- 12.1,5.57 +/- 0.61,1.161 +/- 0.041,10.53 +/- 3.24,0.2017 +/- 0.0094,570.7 +/- 10.5,0.00073 +/- 0.00002
CCCCOC(=O)OCCOCCOC,82.9 +/- 2.3,392.1 +/- 6.7,-28.5 +/- 7.9,262.0 +/- 16.6,5.21 +/- 0.99,1.078 +/- 0.014,4.44 +/- 0.85,0.1883 +/- 0.0022,435.1 +/- 4.4,0.00086 +/- 0.00001
CCCCOC(=O)OCCOCCOCC,79.2 +/- 1.9,402.0 +/- 7.2,-29.0 +/- 10.0,272.5 +/- 14.2,5.06 +/- 1.09,1.071 +/- 0.011,5.34 +/- 0.91,0.1931 +/- 0.0049,464.4 +/- 4.2,0.00084 +/- 0.00002
CCCCOC(COC)(COC(=O)OCC)COC1CCOC1,55.0 +/- 3.9,437.2 +/- 19.7,-8.6 +/- 15.0,341.6 +/- 20.0,6.12 +/- 0.79,1.175 +/- 0.021,13.42 +/- 3.63,0.1963 +/- 0.0134,587.7 +/- 16.2,0.00072 +/- 0.00003
CCCCOCCOCCOC(=O)OCC,79.8 +/- 3.2,400.3 +/- 4.1,-31.4 +/- 6.0,265.3 +/- 8.5,4.89 +/- 0.87,1.053 +/- 0.033,4.88 +/- 1.14,0.1918 +/- 0.0035,462.7 +/- 1.4,0.00085 +/- 0.00001
CCCCOCCOCCOC(C)COCC,76.7 +/- 2.2,392.2 +/- 10.0,-22.9 +/- 3.3,317.8 +/- 23.0,5.49 +/- 0.63,1.002 +/- 0.013,5.52 +/- 0.51,0.1924 +/- 0.0045,517.8 +/- 4.5,0.00084 +/- 0.00001
CCCOC(=O)OC(COCC)(COCC)COC1CCOC1,55.3 +/- 3.9,437.5 +/- 16.4,-5.4 +/- 34.4,341.0 +/- 15.8,6.31 +/- 0.79,1.187 +/- 0.022,13.52 +/- 3.64,0.1981 +/- 0.0144,587.5 +/- 16.2,0.00072 +/- 0.00003
CCCOC(=O)OCCCCOC1COCC1OCCC,64.6 +/- 3.3,429.4 +/- 9.9,-14.1 +/- 21.7,333.0 +/- 9.6,5.70 +/- 0.60,1.169 +/- 0.040,10.65 +/- 3.25,0.2005 +/- 0.0089,569.9 +/- 11.1,0.00073 +/- 0.00002
CCCOC(=O)OCCOCCOCC,83.9 +/- 2.0,394.4 +/- 7.9,-26.8 +/- 10.3,258.5 +/- 12.1,5.37 +/- 0.91,1.091 +/- 0.021,4.47 +/- 0.69,0.1906 +/- 0.0044,437.2 +/- 4.8,0.00087 +/- 0.00001
CCCOC(=O)OCCOCCOCC1CC(OCC)CO1,65.9 +/- 2.6,440.1 +/- 6.6,-8.1 +/- 17.2,356.9 +/- 25.9,6.31 +/- 0.65,1.224 +/- 0.055,11.68 +/- 4.22,0.2127 +/- 0.0127,593.2 +/- 12.4,0.00071 +/- 0.00003
CCCOC(=O)OCCOCCOCCOC,79.1 +/- 2.4,412.7 +/- 6.0,-10.6 +/- 9.9,313.5 +/- 16.7,6.04 +/- 0.88,1.138 +/- 0.016,6.45 +/- 1.68,0.2040 +/- 0.0043,491.5 +/- 4.1,0.00082 +/- 0.00001
CCCOC(=O)OCCOCCOCCOCC,76.6 +/- 2.1,420.6 +/- 12.2,-14.8 +/- 11.0,323.0 +/- 14.6,5.71 +/- 0.77,1.120 +/- 0.028,7.64 +/- 2.06,0.2076 +/- 0.0086,521.6 +/- 8.1,0.00081 +/- 0.00001
CCCOC(CC)COCCOCCOC,78.5 +/- 1.5,384.5 +/- 5.6,-26.8 +/- 7.3,304.6 +/- 18.3,5.58 +/- 0.71,0.996 +/- 0.005,4.56 +/- 0.29,0.1861 +/- 0.0017,479.0 +/- 6.7,0.00086 +/- 0.00001
CCCOC(COC(=O)OC)C(COC1CCOC1)OCCC,56.7 +/- 3.7,435.9 +/- 24.1,-8.2 +/- 23.1,336.3 +/- 15.4,6.29 +/- 0.92,1.198 +/- 0.037,12.93 +/- 3.56,0.2014 +/- 0.0147,594.0 +/- 9.9,0.00072 +/- 0.00003
CCCOC(COCC)(COC(=O)OCC)COC1CCOC1,55.6 +/- 3.9,433.7 +/- 15.7,-6.0 +/- 25.9,338.6 +/- 20.0,6.18 +/- 0.78,1.181 +/- 0.019,13.20 +/- 3.89,0.1969 +/- 0.0138,584.3 +/- 18.1,0.00072 +/- 0.00003
CCCOCCOCCOC(=O)OCCC,79.5 +/- 1.2,402.0 +/- 6.5,-27.9 +/- 14.5,267.4 +/- 10.2,5.05 +/- 0.99,1.080 +/- 0.008,5.12 +/- 1.07,0.1924 +/- 0.0040,463.9 +/- 3.4,0.00085 +/- 0.00002
CCOC(=O)OCC(COCC(C)C)OCC1CCCO1,59.6 +/- 3.5,432.5 +/- 17.8,-16.8 +/- 13.7,312.0 +/- 17.0,5.71 +/- 0.67,1.137 +/- 0.027,11.04 +/- 2.92,0.1900 +/- 0.0084,560.7 +/- 7.4,0.00075 +/- 0.00003
CCOC(=O)OCCCCOCCOCCOC,75.3 +/- 2.6,413.5 +/- 7.7,-7.6 +/- 16.1,338.3 +/- 20.3,5.80 +/- 1.02,1.121 +/- 0.018,6.90 +/- 2.20,0.2019 +/- 0.0046,519.6 +/- 4.0,0.00080 +/- 0.00002
CCOCC(COC1CCOC1)(COC1CCOC1)OC(=O)OC1CCOC1,53.7 +/- 4.5,463.2 +/- 28.2,21.7 +/- 27.6,431.7 +/- 31.0,8.01 +/- 0.53,1.362 +/- 0.135,15.16 +/- 7.26,0.2159 +/- 0.0259,644.1 +/- 28.0,0.00064 +/- 0.00008
CCOCC(OCC)C(COC(COC)C1CCCO1)OCC1CCCO1,54.2 +/- 4.6,453.1 +/- 23.9,2.0 +/- 17.2,424.8 +/- 46.7,6.41 +/- 0.92,1.201 +/- 0.057,13.87 +/- 4.44,0.2150 +/- 0.0151,668.1 +/- 18.6,0.00067 +/- 0.00004
COCCOC(=O)OC1CCCC1,79.3 +/- 2.4,381.6 +/- 3.0,-22.7 +/- 10.5,239.3 +/- 10.4,5.48 +/- 0.97,1.138 +/- 0.009,3.63 +/- 0.27,0.1703 +/- 0.0040,342.0 +/- 7.3,0.00085 +/- 0.00003
