SMILES,CanonicalSMILES,FOM1_direct_avg,FOM1_Ridge,FOM1_MLP
CCOCCOCCOCCOCC,CCOCCOCCOCCOCC,98.87789,90.07693048502618,97.02018
CCOCCOCCOCCOC,CCOCCOCCOCCOC,98.838425,95.54122586669045,98.40272
COCCOCCOCCOC,COCCOCCOCCOC,98.19481,97.865727507592,97.820206
COCC=CCOCCOCCOC,COCC=CCOCCOCCOC,97.46133,95.61351491768306,94.195465
CCCOCCOCCOCCOC,CCCOCCOCCOCCOC,97.29565,92.07919539957516,93.60004
C=CCOCCOCCOCCOC,C=CCOCCOCCOCCOC,96.00632,97.05994373108587,90.46908
C=C(C=CCCOCC)CC=CC,C=C(C=CCCOCC)CC=CC,95.77328,94.4793455261533,102.45892
C=CC(=C)CC=CCCCOCC,C=CC(=C)CC=CCCCOCC,95.41723,95.30511864485734,102.61102
C=CCC(=C)C=CCCCOCC,C=CCC(=C)C=CCCCOCC,94.73399,94.56270687929482,98.90104
C=C(C=CCCCOC)CC=CC,C=C(C=CCCCOC)CC=CC,94.61266,97.29564176294727,98.215836
CC=CC=CCCC=CC=C(C)C,CC=CC=CCCC=CC=C(C)C,94.40083,97.39066717201835,98.15886
CCOCCOCCOCCCOC,CCOCCOCCOCCCOC,94.37967,91.23580587280196,99.20029
C=C(C=CC)CC=CCCCOC,C=C(C=CC)CC=CCCCOC,94.33943,97.60207745045979,98.39785
C=CCC=C(C)C=CCCCOCC,C=CCC=C(C)C=CCCCOCC,94.31839,93.58245138677444,97.61106
CCOCCCOCC=CCOC,CCOCCCOCC=CCOC,94.24817,93.20329203919387,99.12414
CCOCCCOCCOCCOC,CCOCCCOCCOCCOC,94.20845,91.17305866300183,99.143486
COCCCOCCOCCOC,COCCCOCCOCCOC,94.20729,93.11965601021072,99.19892
C=CCCC(=C)C=CCCOCC,C=CCCC(=C)C=CCCOCC,94.13028,91.46512607666764,96.01264
C=CCC(C=CCCOC)=CCC,C=CCC(C=CCCOC)=CCC,94.06105,95.05774686675709,92.816795
C=CCOCCOCCCOCCC,C=CCOCCOCCCOCCC,94.04019,90.20983286014959,91.63688
C=CCC(=C)CC=CCCOCC,C=CCC(=C)CC=CCCOCC,94.02735,89.28381317744575,93.692955
C=CCC(=C)C=CCCCCOC,C=CCC(=C)C=CCCCCOC,93.97766,94.84692977019694,92.49265
CC=CC=CCCC=CC(C)=CC,CC=CC=CCCC=CC(C)=CC,93.89006,98.23187647755299,98.331024
C=CCOCCCOCCCOCC,C=CCOCCCOCCCOCC,93.888794,88.1775065638354,95.46821
C=CCCC=C(C)C=CCCOCC,C=CCCC=C(C)C=CCCOCC,93.87134,90.65424908094441,94.441
C=CCOCCCOCCOCCC,C=CCOCCCOCCOCCC,93.870224,90.37374709770614,91.75567
C=CCCC(=C)C=CCCCOC,C=CCCC(=C)C=CCCCOC,93.85722,94.29604643808659,92.185844
C=CC(=C)CC=CC=CCCOCC,C=CC(=C)CC=CC=CCCOCC,93.84358,94.31979666312104,99.81849
C=CCOCCOCCCCOCC,C=CCOCCOCCCCOCC,93.83925,88.07275467665463,89.83262
C=CC=CCC=CC=CCCOC,C=CC=CCC=CC=CCCOC,93.82326,100.37888249028762,101.72157
C=CCC=CC(C)=CCCCOCC,C=CCC=CC(C)=CCCCOCC,93.78358,93.34608581685896,97.159325
CCOCCOCCCOCCOC,CCOCCOCCCOCCOC,93.75906,91.10582514868833,98.765205
C=CC=CCC=CC=CCCOCC,C=CC=CCC=CC=CCCOCC,93.74756,96.69932537944268,102.38325
CC=CCC=C(C)C=CCCOCC,CC=CCC=C(C)C=CCCOCC,93.7137,93.1486241814232,100.83881
C=CC=CCOCCCOCCOC,C=CC=CCOCCCOCCOC,93.70186,97.68813202266207,97.254845
C=CCCC=C(C=CC)COCC,C=CCCC=C(C=CC)COCC,93.68681,90.89606639112803,91.88064
C=CCCOCCCOCCOCC,C=CCCOCCCOCCOCC,93.67578,88.68710805842615,93.68003
C=CC(=C)CC=CCCOCCC,C=CC(=C)CC=CCCOCCC,93.667755,94.01135910214154,97.746864
C=CC(=C)CCC=CCCOCC,C=CC(=C)CCC=CCCOCC,93.66171,92.14560017816049,98.59348
C=CC=CCC=CC(C)=CCCOC,C=CC=CCC=CC(C)=CCCOC,93.65248,97.24380304841198,97.13723
C=CCC(=C)CC=CCCCOC,C=CCC(=C)CC=CCCCOC,93.65091,92.13001812044531,89.78608
C=CC=CCC=C(C)C=CCCOC,C=CC=CCC=C(C)C=CCCOC,93.65062,97.32169922529751,97.51528
C=CC=CCC=CCOCCC=C,C=CC=CCC=CCOCCC=C,93.6488,97.74951467365405,94.611626
C=CC(C)=CCC=CCCCOCC,C=CC(C)=CCC=CCCCOCC,93.63668,94.57237402047602,101.69369
C=CCCOCCOCCCOCC,C=CCCOCCOCCCOCC,93.62648,89.42219074067982,91.46255
C=C(C=CCC)C=CCCCOCC,C=C(C=CCC)C=CCCCOCC,93.62286,91.4068968456349,98.57077
C=CC(C)=CCCC=CC=C(C)C,C=CC(C)=CCCC=CC=C(C)C,93.602554,95.88896393745426,94.34951
CCOCCCC=CCOCCOC,CCOCCCC=CCOCCOC,93.59484,92.60671780366877,95.6184
C=CCC(=C)C=CCC=CCCOC,C=CCC(=C)C=CCC=CCCOC,93.590126,95.87612875412277,92.61665
C=CC(=C)C(=C)C=CCCCOC,C=CC(=C)C(=C)C=CCCCOC,93.58959,93.64845423454823,93.49473
CC=CCCC=CC(C=CC)=CC,CC=CCCC=CC(C=CC)=CC,93.58048,97.85367365144194,98.20349
C=C(C)C=CCCC=CC(C)=CC,C=C(C)C=CCCC=CC(C)=CC,93.569305,94.85675486584714,92.48358
CCOCCOCC=CCCCOC,CCOCCOCC=CCCCOC,93.568344,92.08696229019787,94.9905
C=CC=CCOCCC=CCC=C,C=CC=CCOCCC=CCC=C,93.56578,97.6218196989231,94.11178
CC=CCC(C)=CC=CCCOCC,CC=CCC(C)=CC=CCCOCC,93.56252,92.87056395979798,100.59419
C=CC=CCCC=CCCCOC,C=CC=CCCC=CCCCOC,93.5493,97.40698928637335,97.04724
C=CCOCCCCOCCOCC,C=CCOCCCCOCCOCC,93.51747,88.05085790490043,89.729744
C=C(C=CCC=CCCOCC)CC,C=C(C=CCC=CCCOCC)CC,93.51728,92.39060543490925,99.02945
C=CCC=CCC=CCCCOC,C=CCC=CCC=CCCCOC,93.51663,94.78173704407658,92.890816
CCOCCC=CCOCCCOC,CCOCCC=CCOCCCOC,93.50978,90.95458747542526,99.425575
CC=CCC=CC=CCC=C(C)C,CC=CCC=CC=CCC=C(C)C,93.50005,98.17765218455777,98.16264
CC=CC=CCC=CCC=C(C)C,CC=CC=CCC=CCC=C(C)C,93.48945,98.18359285303336,98.404045
C=C(C=CC)C=CCC=CCCOC,C=C(C=CC)C=CCC=CCCOC,93.486534,97.81817874721459,98.99035
CC=CCC=CCC=CC=C(C)C,CC=CCC=CCC=CC=C(C)C,93.48037,98.57434682661062,98.83524
CC=CC=CCCC=C(C)C=CC,CC=CC=CCCC=C(C)C=CC,93.46733,98.2355522757196,97.77906
CCCOCC=CCOCCOCC,CCCOCC=CCOCCOCC,93.45138,89.97585090868972,93.89123
C=CCC=CC(=C)C=CCCCOC,C=CCC=CC(=C)C=CCCCOC,93.44751,96.71482592989399,93.72556
CC=CCC=CC(C)=CCC=CC,CC=CCC=CC(C)=CCC=CC,93.44745,97.70145644417948,96.15713
CCCOCCOCC=CCOCC,CCCOCCOCC=CCOCC,93.43591,90.24922015978999,94.45562
CCOCCCOCC=CCCOC,CCOCCCOCC=CCCOC,93.42557,90.42306827490727,98.779144
C=CCCC=CC=CCCCOC,C=CCCC=CC=CCCCOC,93.42032,96.43513212243221,94.13652
C=CCC=CC=CCCOCC=C,C=CCC=CC=CCCOCC=C,93.41791,95.3245166771575,96.354675
CCCOCCC=CCOCCOC,CCCOCCC=CCOCCOC,93.4124,92.4082691065586,93.03097
C=CCC=CC(C)=CCCOCC=C,C=CCC=CC(C)=CCCOCC=C,93.39911,92.29904838162024,92.4692
COCC=CC=C(C)COCCOC,COCC=CC=C(C)COCCOC,93.39315,93.58253730881935,90.85465
CC=CCC=CCC=C(C)C=CC,CC=CCC=CCC=C(C)C=CC,93.38905,98.32485583215163,97.31045
C=CCC=CC(=C)CCCCOC,C=CCC=CC(=C)CCCCOC,93.3851,93.4552171252625,90.73182
C=C(C=CCCC)C=CCCOCC,C=C(C=CCCC)C=CCCOCC,93.381676,89.45398814273459,95.313774
C=CC(C)=CCCC=CCCOCC,C=CC(C)=CCCC=CCCOCC,93.3566,91.2801437124549,97.27088
CC=C(C)C=CCC=CCCOCC,CC=C(C)C=CCC=CCCOCC,93.35553,92.91025452292448,100.90725
CC=CC=CCC=C(C)C=CCC,CC=CC=CCC=C(C)C=CCC,93.354904,99.1929792990022,97.96821
C=CCC=C(C)C=CCCOCC=C,C=CCC=C(C)C=CCCOCC=C,93.35437,92.42238534688803,92.83453
CC=CC=CCC=CC(C)=CCC,CC=CC=CCC=CC(C)=CCC,93.34024,99.52552798456728,98.33498
C=CCC=CC=CCCCCOCC,C=CCC=CC=CCCCCOCC,93.331665,93.0692799684352,96.0944
C=CC(=C)C=CCC=CCCCOC,C=CC(=C)C=CCC=CCCCOC,93.32208,98.86667973023945,99.08137
CC=C(C)CC=CC=CCCOCC,CC=C(C)CC=CC=CCCOCC,93.29868,92.12820189158515,99.39982
CCOCC=CCCOCCCOC,CCOCC=CCCOCCCOC,93.290565,91.07076530733241,96.65334
C=C(C)CC=CC=CCCCOCC,C=C(C)CC=CC=CCCCOCC,93.288635,93.28447380289094,100.23736
CCCOCC=CCCOCCOC,CCCOCC=CCCOCCOC,93.269775,92.20216296693832,92.78126
CCOCCCOCCC=CCOC,CCOCCCOCCC=CCOC,93.257095,90.59245758887334,95.77567
C=CCCC=CCC(=C)CCOC,C=CCCC=CCC(=C)CCOC,93.24898,89.54386121911904,86.51603
CCOCCOCCCC=CCOC,CCOCCOCCCC=CCOC,93.242645,91.6313865274354,94.22639
CCC=CCC=C(C)C=CCCOC,CCC=CCC=C(C)C=CCCOC,93.23194,94.63161043284494,95.149605
C=CCCC=CC(C)=CCOCC=C,C=CCCC=CC(C)=CCOCC=C,93.22711,91.23539618957358,91.54376
C=CCCC=CCC=CCCOC,C=CCCC=CCC=CCCOC,93.21794,92.74772052884342,90.7507
CC=CCC=CC=CCCCOCC,CC=CCC=CC=CCCCOCC,93.21475,95.66954984741363,103.14167
C=CCC=CCCCOCC=CC,C=CCC=CCCCOCC=CC,93.21412,94.00419762286786,94.73502
C=CCC=CCCC=CCCOC,C=CCC=CCCC=CCCOC,93.21063,92.17251417966517,89.516396
C=CC(=C)CC=CC=CCCCOC,C=CC(=C)CC=CC=CCCCOC,93.204865,97.3226355363426,96.721794
CC=CC(C)=CCC=CC=CCC,CC=CC(C)=CCC=CC=CCC,93.20453,99.4069430400477,97.77306
C=CCCC=CC(=C)CCOCC,C=CCCC=CC(=C)CCOCC,93.19414,91.87429871232533,92.86178
C=CC(C)=CCC=CC=CCCOC,C=CC(C)=CCC=CC=CCCOC,93.17969,97.25385354893687,97.7839
C=C(C)C=CCC=CCCCOCC,C=C(C)C=CCC=CCCCOCC,93.17048,93.74032445911034,101.21316
C=C(C)C=CCCC=CC=C(C)C,C=C(C)C=CCCC=CC=C(C)C,93.1693,95.04436795404791,94.18366
C=CCOCC(=C)CC=CCCOC,C=CCOCC(=C)CC=CCCOC,93.167694,89.10312464033953,81.62231
CC=CCC=CCC=CC(C)=CC,CC=CCC=CCC=CC(C)=CC,93.163155,98.28317710086829,97.49371
C=C(C=CCCC=CC)CCOC,C=C(C=CCCC=CC)CCOC,93.15993,94.57662354212488,91.41818
CC=CC=CCC=CCCCOCC,CC=CC=CCC=CCCCOCC,93.15007,95.68370924095996,103.53832
COCCCOCCCOCCOC,COCCCOCCCOCCOC,93.14742,89.19510662732272,100.5664
C=C(C)C=CCCC=C(C)C=CC,C=C(C)C=CCCC=C(C)C=CC,93.1469,95.9769393598416,93.70183
C=C(C)C=CCC=CC=CCCOC,C=C(C)C=CCC=CC=CCCOC,93.14222,96.65232187987243,97.97324
CC=CC=CCC=CC=C(C)CC,CC=CC=CCC=CC=C(C)CC,93.1393,97.69654903094569,96.88183
CC=CC=C(C)CC=CCCOCC,CC=CC=C(C)CC=CCCOCC,93.13614,92.60356055586172,100.185905
CC=CC(C)=CCC=CCCOCC,CC=CC(C)=CCC=CCCOCC,93.12703,93.56051758047282,101.22021
C=CCCC=CCCC=CC(=C)C,C=CCCC=CCCC=CC(=C)C,93.11712,95.19449951299609,92.11236
CCCCOCCOCC=CCOC,CCCCOCCOCC=CCOC,93.11708,91.46821764895108,90.94163
CCC=CCC=CC=CCCOCC,CCC=CCC=CC=CCCOCC,93.11531,94.12472950577552,101.10108
C=CCOCC=CCC=CCCOC,C=CCOCC=CCC=CCCOC,93.10195,93.15234295204806,86.18804
CC=CC=CCC=CCC(C)=CC,CC=CC=CCC=CCC(C)=CC,93.09272,97.99631499692045,97.12666
C=CCCC(=C)CC=CCCOC,C=CCCC(=C)CC=CCCOC,93.08711,89.38080916590029,86.99108
CC=C(C=CCC)C=CCCOCC,CC=C(C=CCC)C=CCCOCC,93.08598,90.25009316143269,97.335396
C=CCCCC=CC=C(C)CCOC,C=CCCCC=CC=C(C)CCOC,93.07912,91.67627650147492,88.54255
C=C(C=CCCOCC)CC=CCC,C=C(C=CCCOCC)CC=CCC,93.07058,91.73291661203537,98.0917
CCCOCCOCCOCCOCC,CCCOCCOCCOCCOCC,93.07016,87.39955208979725,93.78153
C=C(C=CCCCOCC)CC=CC,C=C(C=CCCCOCC)CC=CC,93.066315,93.83949772705526,101.05687
CC=CC=CCC(C)=CC=CCC,CC=CC=CCC(C)=CC=CCC,93.064285,97.62078442772285,95.89498
C=CC=C(C)CC=CCCOCC=C,C=CC=C(C)CC=CCCOCC=C,93.052826,93.39552780800568,88.83942
C=CCOCC=C(C)CC=CC=CC,C=CCOCC=C(C)CC=CC=CC,93.05023,94.11101268908652,89.91272
C=CCC=CCC=CC(=C)COCC,C=CCC=CCC=CC(=C)COCC,93.04637,89.90141964991432,89.25972
C=CCC=CC(C=C)=CCCOCC,C=CCC=CC(C=C)=CCCOCC,93.045364,95.10256526748975,94.42155
C=C(C)CC=CCC=CCCOCC,C=C(C)CC=CCC=CCCOCC,93.037506,89.45176542739405,96.24558
C=CCC=CCC=CCCCOCC,C=CCC=CCC=CCCCOCC,93.0307,91.38468813945504,94.55451
C=CCC=CCOCCCC=CC,C=CCC=CCOCCCC=CC,93.022415,94.47755671898686,95.057396
CCOCCOCC=CCOCCOC,CCOCCOCC=CCOCCOC,93.01515,92.65245741557337,92.49664
CCC=CC=CCC=CCCOCC,CCC=CC=CCC=CCCOCC,93.010574,93.94291589446787,100.85638
C=CCOCC=CCC(C)=CC=CC,C=CCOCC=CCC(C)=CC=CC,92.99298,94.42675128531599,90.74552
C=CC(C)=CCCC=CC(C)=CC,C=CC(C)=CCCC=CC(C)=CC,92.98999,96.05521975108186,93.74781
C=CCCC(C)=CC=CCCOCC,C=CCCC(C)=CC=CCCOCC,92.98972,90.50067181328028,94.405014
C=C(C)CC=CCC=CC(C)=CC,C=C(C)CC=CCC=CC(C)=CC,92.98802,96.3450253992331,94.48209
C=CC=CCCC=CC(=C)COCC,C=CC=CCCC=CC(=C)COCC,92.98602,91.75589262756782,93.23719
C=CC(=C)CC=CCC=CCCOC,C=CC(=C)CC=CCC=CCCOC,92.97891,96.4436739640471,95.10708
C=C(C)CC=CCC=CC(=C)CC,C=C(C)CC=CCC=CC(=C)CC,92.977844,95.67985721077011,92.42365
C=CC=CCC=CCCCCOCC,C=CC=CCC=CCCCCOCC,92.96933,94.64927509497171,100.84597
C=CCC(C)=CC=CCC=C(C)C,C=CCC(C)=CC=CCC=C(C)C,92.96895,95.38205361768314,93.0814
CC=CC=CCC=CC=CCCC,CC=CC=CCC=CC=CCCC,92.96843,99.5838509986134,100.78231
CC=CCC=CC=CCC(C)=CC,CC=CCC=CC=CCC(C)=CC,92.957954,97.94557915924236,97.00924
CCOCC=CCCOCCOCC,CCOCC=CCCOCCOCC,92.95096,88.51592659233339,93.553535
C=CC=CCCCOCC=CC=C,C=CC=CCCCOCC=CC=C,92.94588,96.92455796502033,98.21504
C=CCC=C(C)CC=CCCOCC,C=CCC=C(C)CC=CCCOCC,92.94501,89.11993168049578,93.00465
CC=CCCC=CC=C(C)CCOC,CC=CCCC=CC=C(C)CCOC,92.94043,92.4888408524069,91.91509
C=CCCCOCCOCCOCC,C=CCCCOCCOCCOCC,92.939545,89.80564359554394,88.41574
C=C(C)CCC=CC=CCCOCC,C=C(C)CCC=CC=CCCOCC,92.93763,88.75283945119432,92.29716
C=CCOCC=CC=C(C)CC=CC,C=CCOCC=CC=C(C)CC=CC,92.93572,94.67281049492374,91.17945
C=CCCCC=CC=CCCOCC,C=CCCCC=CC=CCCOCC,92.933784,91.1644390225019,94.11438
CCC=CC(C)=CCC=CCCOC,CCC=CC(C)=CCC=CCCOC,92.92951,94.80071937338323,95.54508
CCC(C)=CC=CCC=CCCOC,CCC(C)=CC=CCC=CCCOC,92.92787,94.83826020857434,95.76347
C=CCCC(C=C)=CCCOCC,C=CCCC(C=C)=CCCOCC,92.92172,91.00131067251024,91.12747
C=CCOCC(=C)CC=CC=CCC,C=CCOCC(=C)CC=CC=CCC,92.91582,92.58084659048347,87.11491
C=CC=CCC=CCCCOCCC,C=CC=CCC=CCCCOCCC,92.91016,95.81638816035868,101.76371
C=CCC=CCC(C)=CCOCC=C,C=CCC=CCC(C)=CCOCC=C,92.90871,88.76332375635548,89.26533
C=CCC=CC=CCCCOCCC,C=CCC=CC=CCCCOCCC,92.89163,94.3331172145712,96.982544
CC=CCC=C(C)C=CCCCOC,CC=CCC=C(C)C=CCCCOC,92.88988,95.95235661669733,97.17042
COCCCOCCOCCCOC,COCCCOCCOCCCOC,92.88854,89.19229767472673,99.98856
CC=CC=CCCC=CC=CCC,CC=CC=CCCC=CC=CCC,92.88759,99.51647284541602,99.51475
CCCCOCC=CCOCCOC,CCCCOCC=CCOCCOC,92.8864,91.75150675940789,90.76553
C=CCOCC=CCCCCOCC,C=CCOCC=CCCCCOCC,92.88487,87.85944586859135,86.60797
CCC(C)=CCC=CC=CCCOC,CCC(C)=CCC=CC=CCCOC,92.87601,94.25106040914321,94.39141
CC=C(C)C=CCC=CCCCOC,CC=C(C)C=CCC=CCCCOC,92.87397,95.79549011762249,97.38116
CC=CCC=CC=CCC=CCC,CC=CCC=CC=CCC=CCC,92.863304,101.04900979095004,101.724174
C=CCCC=CC=CCCCOCC,C=CCCC=CC=CCCCOCC,92.86282,92.9637534296256,95.840385
CCOCCCCCOCCOC,CCOCCCCCOCCOC,92.860886,86.29047870794759,94.11903
C=CCC=CCC=C(C=C)COCC,C=CCC=CCC=C(C=C)COCC,92.85955,89.5619199483049,87.98969
C=CCOCC=CC(C=CC)=CCC,C=CCOCC=CC(C=CC)=CCC,92.8389,95.45698749122892,91.59305
C=CC(C=CCC)=CCCCOCC,C=CC(C=CCC)=CCCCOCC,92.838066,92.79641407617696,99.60029
CC=CCCC=CC=CCCOCC,CC=CCCC=CC=CCCOCC,92.83377,92.40382327009583,98.383995
CCOCCC=CC=CCC=C(C)C,CCOCCC=CC=CCC=C(C)C,92.83067,91.81646226093127,99.65857
C=CC=CCC=CC=C(C)CCOC,C=CC=CCC=CC=C(C)CCOC,92.82768,93.26393746817357,92.9568
CC=CCC=CC(C)=CCCCOC,CC=CCC=CC(C)=CCCCOC,92.82292,95.70303068436584,96.66332
C=CCOCC=CCCC=C(C)C=C,C=CCOCC=CCCC=C(C)C=C,92.815735,92.71876904471904,88.140465
CC=CCC(C)=CC=CCCCOC,CC=CCC(C)=CC=CCCCOC,92.81494,95.78840357513204,97.00707
C=CCCC=CC=C(C)CCOCC,C=CCCC=CC=C(C)CCOCC,92.80608,90.80390440009828,90.95535
C=CCC(=C)CCC=CCCOC,C=CCC(=C)CCC=CCCOC,92.80434,89.32057421300777,86.34719
CCOCCC=CCC=CC=C(C)C,CCOCCC=CCC=CC=C(C)C,92.8034,92.1466490465238,100.5349
COCCOCCOCC=C(C)COC,COCCOCCOCC=C(C)COC,92.79646,89.48860572355065,89.371284
CCOCCCOCCCCOC,CCOCCCOCCCCOC,92.795334,86.29678193954042,99.6482
COCCCCOCCOCCOC,COCCCCOCCOCCOC,92.79052,88.80091338920684,94.77846
C=CCC=C(C)C=CCOCCCC,C=CCC=C(C)C=CCOCCCC,92.78763,93.77610015736303,93.6378
C=CCOCCC=CC=CCC=CC,C=CCOCCC=CC=CCC=CC,92.78143,96.95795080019018,93.169044
C=CCCC=CC(=C)C=CCCOC,C=CCCC=CC(=C)C=CCCOC,92.78083,93.55214342049484,89.80898
C=C(C)CC=CC=CCC(C)=CC,C=C(C)CC=CC=CCC(C)=CC,92.77794,94.52067001829421,91.29196
CC=CC(C=CCC=CCC)=CC,CC=CC(C=CCC=CCC)=CC,92.77531,99.38440723972772,98.55096
CC=CCOCCOCCCCOC,CC=CCOCCOCCCCOC,92.77309,91.22330998186536,93.183464
C=CC=CCC=CC=CCCCOC,C=CC=CCC=CC=CCCCOC,92.76984,99.25609021320187,99.625084
C=CCCOCCC=C(C=C)C=C,C=CCCOCCC=C(C=C)C=C,92.7632,91.16018295416428,86.67441
CCOCC=CCOCCOCCOC,CCOCC=CCOCCOCCOC,92.76056,92.57350634641143,93.21705
CC=CCC=CCC=CC=CCC,CC=CCC=CCC=CC=CCC,92.75829,100.92136109323542,101.482994
C=CCOCCC=CCC=CC=CC,C=CCOCCC=CCC=CC=CC,92.75603,96.9576002145245,93.43853
C=CCC=CCOCCCOCCC,C=CCC=CCOCCCOCCC,92.755554,90.68619401601867,92.185524
C=CC(C=CCCOC)=CCC=CC,C=CC(C=CCCOC)=CCC=CC,92.75249,98.36166638875068,98.2772
CC=CCC=CC(C=CCC)=CC,CC=CCC=CC(C=CCC)=CC,92.74918,98.77543379655656,97.44642
C=CCC=C(C=CCCOCC)CC,C=CCC=C(C=CCCOCC)CC,92.74858,91.6682666173557,94.45164
C=CCOCC=CC=CCC(C)=CC,C=CCOCC=CC=CCC(C)=CC,92.746994,93.96210877411583,90.05399
CC=CCCOCCOCCCOC,CC=CCCOCCOCCCOC,92.74385,92.06388106729156,93.84913
C=CCCOCC=CCC=C(C)C=C,C=CCCOCC=CCC=C(C)C=C,92.74353,94.07955798961771,90.14036
C=C(C=CCC=CCCCOC)CC,C=C(C=CCC=CCCCOC)CC,92.73877,96.00769985485368,95.974045
C=CCOCC=CC=CCC=CCC,C=CCOCC=CC=CCC=CCC,92.738464,96.95082608750764,93.36672
C=CCOCC=CCCC=CC=CC,C=CCOCC=CCCC=CC=CC,92.737564,95.35226518707938,91.27409
CC=CC=C(C)CC=CC=CCC,CC=CC=C(C)CC=CC=CCC,92.7323,97.42826224528133,95.36473
CC=CCC=CC=CCCC=CC,CC=CCC=CC=CCCC=CC,92.73151,99.96877567473544,101.90993
C=CCC=CCC(=C)CCCOC,C=CCC=CCC(=C)CCCOC,92.730865,91.51584106986748,88.58611
CC=C(C)CC=CC=CCCCOC,CC=C(C)CC=CC=CCCCOC,92.730644,95.12166247085165,96.01859
CCOCCOCCOCC=CCOC,CCOCCOCCOCC=CCOC,92.72998,92.49297203508436,93.02206
C=C(C=CCCCC)C=CCCOC,C=C(C=CCCCC)C=CCCOC,92.72429,92.02636620712792,91.019485
CC=CC=C(C)CC=CCC=CC,CC=CC=C(C)CC=CCC=CC,92.716354,97.82092258457814,96.76849
C=CC(=C)CC=CC=CCOCCC,C=CC(=C)CC=CC=CCOCCC,92.71071,95.40609406006492,97.75725
C=CCCC=CCOCCC=CC,C=CCCC=CCOCCC=CC,92.71059,92.05995859175454,90.04348
C=CC=CCC=CC(=C)CCOCC,C=CC=CCC=CC(=C)CCOCC,92.71054,94.34512248919654,96.51208
CC=CC=CCC(C)=CCCOCC,CC=CC=CCC(C)=CCCOCC,92.709946,92.21252195014308,99.09377
C=CCC=CCC(=C)C=CCCOC,C=CCC=CCC(=C)C=CCCOC,92.70894,95.17262819904286,91.63985
C=CCOCC=CC=CCCC=CC,C=CCOCC=CC=CCCC=CC,92.7077,95.40666208493805,91.3037
CCOCCCCOCCCOC,CCOCCCCOCCCOC,92.70361,86.2319531421814,99.31522
C=CCCOCCCC=CC(C)=CC,C=CCCOCCCC=CC(C)=CC,92.70119,90.30541037410397,93.314545
C=CCCOCCCCC=CC=CC,C=CCCOCCCCC=CC=CC,92.699005,90.65126659353089,93.09861
C=CCOCC(C)=CCC=CC=CC,C=CCOCC(C)=CCC=CC=CC,92.69864,94.93870826618942,90.54333
C=CCCC=CCCOCC=CC,C=CCCC=CCCOCC=CC,92.69806,91.42733768786717,89.096436
C=CCOCCCOCCCCOC,C=CCOCCCOCCCCOC,92.694885,88.20992480794465,91.7812
C=CCOCCC=CC(C=CC)=CC,C=CCOCCC=CC(C=CC)=CC,92.68773,94.54338568539289,91.19877
C=CCCC=CC(C)=CCCOCC,C=CCCC=CC(C)=CCCOCC,92.686584,91.10617756752346,91.61115
C=CCOCC=C(C=CC)C=CCC,C=CCOCC=C(C=CC)C=CCC,92.67995,95.21181895249133,91.323746
C=CC=CCC=CC=CCOCCC,C=CC=CCC=CC=CCOCCC,92.67668,98.01191035084932,100.852875
C=CCOCCOCCCCCOC,C=CCOCCOCCCCCOC,92.671295,88.28773761364852,86.777794
C=CCCOCCCOCCCOC,C=CCCOCCCOCCCOC,92.67113,88.41475895721655,94.74611
C=CCOCC=CCC=CC=CCC,C=CCOCC=CCC=CC=CCC,92.67061,96.89343086552944,93.20188
C=C(C=CCC=C(C)C=CC)CC,C=C(C=CCC=C(C)C=CC)CC,92.665924,96.84287437304897,93.58694
C=CCC=C(C)C=CCOCC=CC,C=CCC=C(C)C=CCOCC=CC,92.66178,94.8006112878675,90.90545
C=C(C=CCCC)C=CCCCOC,C=C(C=CCCC)C=CCCCOC,92.66082,92.93457569244731,92.510796
C=CCC(=C)C=CCCC=CCC,C=CCC(=C)C=CCCC=CCC,92.65724,97.64094477389453,94.26205
CCC=CCC(C)=CC=CCCOC,CCC=CCC(C)=CC=CCCOC,92.65605,94.14658632959518,94.546364
CCOCCOCCCCCOC,CCOCCOCCCCCOC,92.655014,86.32809679161335,94.63663
C=CCOCCC=CCC(=C)C=CC,C=CCOCCC=CCC(=C)C=CC,92.64736,94.16025724635715,89.9708
CC=CCOCCCCOCCOC,CC=CCOCCCCOCCOC,92.646935,91.1112757242374,92.62644
C=CC(=C)CC=CCC=CCOCC,C=CC(=C)CC=CCC=CCOCC,92.6445,95.74435124691585,98.30928
C=CCC=C(C)C=CCCOCCC,C=CCC=C(C)C=CCCOCCC,92.64328,92.3875895888617,92.74783
C=CCCC=CC(C)=CCOCCC,C=CCCC=CC(C)=CCOCCC,92.64012,92.50278500658075,92.818565
C=CCC=CC(C)=CCC=CCOC,C=CCC=CC(C)=CCC=CCOC,92.63548,95.23870268877126,90.64716
C=CCCOCCCOCC=CCC,C=CCCOCCCOCC=CCC,92.62535,89.62858041762959,90.79201
C=CCC(C)=CC=CCCOCCC,C=CCC(C)=CC=CCCOCCC,92.61844,92.29271940710852,92.563675
C=C(C=CCCC)C=CCOCCC,C=C(C=CCCC)C=CCOCCC,92.61652,90.98106839372517,94.37609
C=CCC=CCC=CC=CCCOC,C=CCC=CCC=CC=CCCOC,92.613556,97.78177399763258,95.16467
CC=CCC=CCC=CCCOCC,CC=CCC=CCC=CCCOCC,92.60655,90.87189154277834,96.77507
C=CC(=CCC=CCC=CC)COC,C=CC(=CCC=CCC=CC)COC,92.60623,93.54853333901227,89.1793
C=CC(C)=CCCCC=CC(=C)C,C=CC(C)=CCCCC=CC(=C)C,92.59889,94.52392660735222,92.326836
C=CCCC=CCC=CCCOCC,C=CCCC=CCC=CCCOCC,92.59791,89.37011261793194,92.556404
CC=CC=CCC(C)=CCC=CC,CC=CC=CCC(C)=CCC=CC,92.596375,97.44635546930316,96.030235
COCCOCCCCOCCOC,COCCOCCCCOCCOC,92.59218,88.34015096609437,93.058754
C=CCOCCC=CCC=CC(=C)C,C=CCOCCC=CCC=CC(=C)C,92.59064,94.04597369578356,90.44016
C=CCC=CCC=C(C)C=CCOC,C=CCC=CCC=C(C)C=CCOC,92.58736,95.00144721277147,89.84594
C=CC=CCC(=C)C=CCCCOC,C=CC=CCC(=C)C=CCCCOC,92.587296,97.34040093113316,96.68224
CC=CC=CCCC=CCCOCC,CC=CC=CCCC=CCCOCC,92.585556,92.33182214804758,98.78171
CCC=CCC=CC(C)=CCCOC,CCC=CCC=CC(C)=CCCOC,92.580444,94.58448932288859,94.79345
CC=CC=CCC=C(C)CC=CC,CC=CC=CCC=C(C)CC=CC,92.57342,97.50982811255102,96.11915
C=CCOCC(C=CCC=CC)=CC,C=CCOCC(C=CCC=CC)=CC,92.573074,91.90287503637416,87.33262
CCCOCCOCCC=CCOC,CCCOCCOCCC=CCOC,92.568245,91.23339604304715,90.9779
C=CCC=CCC(C)=CCCOCC,C=CCC=CCC(C)=CCCOCC,92.56821,88.88386796441002,92.34788
C=CCOCCC=CC(=C)CC=CC,C=CCOCCC=CC(=C)CC=CC,92.5665,93.89346946734082,89.85151
C=CCC(C)=CCC=CCCOCC,C=CCC(C)=CCC=CCCOCC,92.56081,89.55707615985695,93.44711
C=C(C)C=CCC=C(C)C=CCC,C=C(C)C=CCC=C(C)C=CCC,92.55879,95.4773947251636,92.581856
CC=CCC=CC=C(C)CC=CC,CC=CCC=CC=C(C)CC=CC,92.557465,97.77497015880331,96.459496
C=CC(=C)CC=CCCCOCCC,C=CC(=C)CC=CCCCOCCC,92.555145,92.94168019014663,98.56948
C=CCOCCCC=C(C)C=CCC,C=CCOCCCC=C(C)C=CCC,92.5491,92.84564344676865,92.46749
CC=CCCOCCCOCCOC,CC=CCCOCCCOCCOC,92.54725,91.92515725699903,93.46468
C=CC=CCOCC=CC(C)=CCC,C=CC=CCOCC=CC(C)=CCC,92.54331,95.73461900416146,94.89379
C=C(C=CCCOC)CC=CC=CC,C=C(C=CCCOC)CC=CC=CC,92.543144,95.94286632971584,96.16119
C=C(C)C=CCCC=CCCOCC,C=C(C)C=CCCC=CCCOCC,92.539825,90.24969685341996,96.32438
C=CCOCC=CCCCOCCC,C=CCOCC=CCCCOCCC,92.538246,89.29668279585462,87.978645
C=CCCOCCCC=CCC=CC,C=CCCOCCCC=CCC=CC,92.53516,89.91439253545298,92.57467
C=CCOCCC=CCCCOCC,C=CCOCCC=CCCCOCC,92.53155,88.40672073849524,86.9589
C=CC(C=CCC)=CCOCC=CC,C=CC(C=CCC)=CCOCC=CC,92.52852,96.62080889854778,96.12641
C=CCC=CC(C)=CCCOCCC,C=CCC=CC(C)=CCCOCCC,92.52784,92.28614915244731,92.37112
C=CC=CCCC=CCCCOCC,C=CC=CCCC=CCCCOCC,92.525894,94.04084794029677,99.357445
C=CC=CCOCCC(C)=CCC=C,C=CC=CCOCCC(C)=CCC=C,92.52284,93.05239493249309,87.72172
C=CC=CCCC=C(C)COCCC,C=CC=CCCC=C(C)COCCC,92.51916,93.04230156010777,94.89741
CCC=CCC=CC=C(C)CCOC,CCC=CCC=CC=C(C)CCOC,92.51613,91.82434391225095,91.88734
C=CCC(C)=CC=CCC=CCOC,C=CCC(C)=CC=CCC=CCOC,92.514145,95.7844097476411,91.070045
C=CCC=CCCC=CCCOCC,C=CCC=CCCC=CCCOCC,92.51344,88.90180588014364,91.62115
C=CCOCC=CCCC=CC(=C)C,C=CCOCC=CCCC=CC(=C)C,92.50394,92.46090602100121,88.16538
C=CCOCCCCC=CCOCC,C=CCOCCCCC=CCOCC,92.496994,87.83608807896069,86.14355
C=CC=CCOCCC=C(C)CC=C,C=CC=CCOCCC=C(C)CC=C,92.49385,93.84475547861612,88.50125
C=CCOCCCC=CCOCCC,C=CCOCCCC=CCOCCC,92.493225,89.33080729357285,87.27691
C=C(CC=CC=CCCC)COCC,C=C(CC=CC=CCCC)COCC,92.49045,89.68870762642158,91.93077
CC=CC=CCC=CC=CCCOC,CC=CC=CCC=CC=CCCOC,92.48768,97.66725222924859,99.15467
CC=CCCC=CC(C)=CCCOC,CC=CCCC=CC(C)=CCCOC,92.48674,92.71456872002673,92.68917
C=CCC=CC=CCC=CCCOC,C=CCC=CC=CCC=CCCOC,92.48427,97.57732013561068,94.58568
C=CCCOCCCC=CC=CCC,C=CCCOCCCC=CC=CCC,92.48224,92.02516137085013,94.18434
C=C(C=CCC=CC(C)=CC)CC,C=C(C=CCC=CC(C)=CC)CC,92.48174,95.86530511773591,92.76368
C=CCCOCCCCOCCOC,C=CCCOCCCCOCCOC,92.47559,88.39450454591778,89.129944
C=C(C=CCCC=CC=CC)COC,C=C(C=CCCC=CC=CC)COC,92.46733,93.74436634033533,90.28062
CC=CCC=CCC=CC=CCCC,CC=CCC=CCC=CC=CCCC,92.464714,98.79593168197441,100.342705
CCOCC=C(C)C=CCCOCC,CCOCC=C(C)C=CCCOCC,92.45665,87.54748737764712,92.82581
COCCOCCOCCOC(C)=O,COCCOCCOCCOC(C)=O,92.45369,96.86466140583292,100.222725
C=CCC=CC=CCOCCC=CC,C=CCC=CC=CCOCCC=CC,92.45085,97.32839106849539,93.42304
C=CC=CCCCC=CCCOCC,C=CC=CCCCC=CCCOCC,92.44984,92.21557630418319,97.09202
C=C(C=CCCOCC)CCC=CC,C=C(C=CCCOCC)CCC=CC,92.44078,90.9250271464293,97.459724
C=CCC=CC(=CC)COCC=CC,C=CCC=CC(=CC)COCC=CC,92.43866,91.81918948163636,87.29616
CC=CCC=CC=CCC=CCCC,CC=CCC=CC=CCC=CCCC,92.43739,98.56587900503695,99.86855
C=CCC=CCC=CC(C)=CCOC,C=CCC=CCC=CC(C)=CCOC,92.431725,95.1101111435671,89.87851
C=CC(=C)CC=CCCC=CCC,C=CC(=C)CC=CCCC=CCC,92.42581,98.13382553523944,94.929756
CC=CCC=CC=CC(C)C=CC,CC=CCC=CC=CC(C)C=CC,92.42467,98.3751756703286,94.58735
CC=CC(C)=CCC=CCCCOC,CC=CC(C)=CCC=CCCCOC,92.42351,96.4521404512,97.62604
CC=CCC=CC(C)=CCCOCC,CC=CCC=CC(C)=CCCOCC,92.42273,93.51665390150677,97.971275
C=CCOCCCCOCCCOC,C=CCOCCCCOCCCOC,92.42067,88.13068541369452,91.446335
C=CC(=CCC=CCCC)COCC,C=CC(=CCC=CCCC)COCC,92.41676,89.36112821963812,91.46928
CC=CC=CCC=CC(=CC)CC,CC=CC=CCC=CC(=CC)CC,92.41106,97.82567238517275,95.58207
C=CCC=CCCCOCCCC=C,C=CCC=CCCCOCCCC=C,92.40878,86.89120407281035,92.8257
C=CCC=CC=CCCCOCC=C,C=CCC=CC=CCCCOCC=C,92.405785,93.75685810948002,96.176506
C=CC=CCCOCCCOCCC,C=CC=CCCOCCCOCCC,92.40338,91.60479725071886,94.05085
CCC=CCC=CC=CCCCOC,CCC=CCC=CC=CCCCOC,92.40097,97.45589152749302,98.58063
CCCCOCCOCCOCCOCC,CCCCOCCOCCOCCOCC,92.399155,84.64873201271766,89.60885
C=C(C)C=CCC=CCC=C(C)C,C=C(C)C=CCC=CCC=C(C)C,92.39755,94.99465764023259,93.61257
C=CCC=CC=C(C)CCOCCC,C=CCC=CC=C(C)CCOCCC,92.3961,91.20338131553663,90.99239
CC=CCC=CC=CCCCCOC,CC=CCC=CC=CCCCCOC,92.39541,95.57946585981075,96.372925
C=CC(=C)C=CCCCOCCCC,C=CC(=C)C=CCCCOCCCC,92.39475,91.37913019325495,96.671135
C=CCOCCCCCOCCOC,C=CCOCCCCCOCCOC,92.39238,88.23408475708993,86.2779
C=CCCOCC=CCCCOCC,C=CCCOCC=CCCCOCC,92.38901,88.89671777849142,87.86883
C=CC(C=C)=CCCOCC=CCC,C=CC(C=C)=CCCOCC=CCC,92.38695,94.79394863073145,92.90429
C=CC(C=CCC=CCOCC)=CC,C=CC(C=CCC=CCOCC)=CC,92.38555,97.84210749507898,102.01707
C=CCOCCC=CC(C)=CCCC,C=CCOCCC=CC(C)=CCCC,92.38187,91.79181216325561,88.6764
CCC=CCC=CC(C)=CCOCC,CCC=CCC=CC(C)=CCOCC,92.37678,93.40580176975003,97.77299
CC=CC=CCC=C(C)C=CCCC,CC=CC=CCC=C(C)C=CCCC,92.37106,96.74871059914665,96.321556
CC=CC=CCCC=CCC=CC,CC=CC=CCCC=CCC=CC,92.37079,100.03696762628445,102.107994
CC=CCC=C(C)C=CCOCCC,CC=CCC=C(C)C=CCOCCC,92.36456,94.38734996708874,98.77854
C=CCOCC=CCC=CC=C(C)C,C=CCOCC=CCC=CC=C(C)C,92.363434,94.23529260683661,91.69239
C=CCCC=CC=C(C)COCCC,C=CCCC=CC=C(C)COCCC,92.35965,91.55757494235209,91.79126
CC=CC(C)=CCC=CCOCCC,CC=CC(C)=CCC=CCOCCC,92.3584,94.69794645110525,99.1336
C=CCC=CC=CCCOCC=CC,C=CCC=CC=CCCOCC=CC,92.35727,96.92883817712504,93.114876
CCOCCC(C)=CCOCCOC,CCOCCC(C)=CCOCCOC,92.35607,87.77173474767864,88.95086
C=CC(=C)C=CCCC=CCCOC,C=CC(=C)C=CCCC=CCCOC,92.35367,95.23157349245386,94.312584
C=CC=CCOCCC=CCC=CC,C=CC=CCOCCC=CCC=CC,92.35363,98.47532841466398,98.03205
C=CCC=CCC=C(C)C=CCCC,C=CCC=CCC=C(C)C=CCCC,92.353264,95.83128961475686,94.02063
CCC=CC=CCC=CC=C(C)C,CCC=CC=CCC=CC=C(C)C,92.352875,97.65178081137981,97.99228
C=CC=C(C)CC=CCCCOCC,C=CC=C(C)CC=CCCCOCC,92.34981,94.0143741913835,100.698006
C=CC=C(C)CC=CCOCCCC,C=CC=C(C)CC=CCOCCCC,92.344604,94.030107880029,96.57717
C=CCOCC=C(C)C=CCCCC,C=CCOCC=C(C)C=CCCCC,92.34186,92.50678623014332,88.57537
C=C(C=CCCOCCC)COCC,C=C(C=CCCOCCC)COCC,92.33667,86.06753355787433,89.48053
C=CCCCOCCOCCCOC,C=CCCCOCCOCCCOC,92.33435,90.15118618476365,90.76113
C=CCC=CCC=CC=CCOCC,C=CCC=CCC=CC=CCOCC,92.33409,97.09527765814818,97.738335
C=CC=CCC=CCCCOCC=C,C=CC=CCC=CCCCOCC=C,92.33403,95.87949966764677,93.91122
CC=CC=CCC=CCCC=CC,CC=CC=CCC=CCCC=CC,92.33162,100.111195721756,102.33614
C=CCC=CC(C)=CCC=CCCC,C=CCC=CC(C)=CCC=CCCC,92.32865,96.19783240035801,94.740685
CC=CCC(C)=CC=CCOCCC,CC=CCC(C)=CC=CCOCCC,92.32351,93.98367791627726,98.466774
C=C(CC=CCC=CC=CC)COC,C=C(CC=CCC=CC=CC)COC,92.32335,94.94192975862319,91.59914
C=CC=CCC=CCCOCC=CC,C=CC=CCC=CCCOCC=CC,92.320435,98.29475988782596,98.135826
C=CC(C)=CCC=CC=CCCCC,C=CC(C)=CCC=CC=CCCCC,92.31351,98.96862269618201,98.238976
C=CCCOCCCC=CCOCC,C=CCCOCCCC=CCOCC,92.30591,88.06247197397192,89.931465
C=CCCCC=CC=CCC(C)=CC,C=CCCCC=CC=CCC(C)=CC,92.30575,95.66425835961431,94.63845
C=CC=CCC=CCC=CCCOC,C=CC=CCC=CCC=CCCOC,92.305534,98.53676386438622,97.73027
C=CC=CCOCCC=CC(=C)CC,C=CC=CCOCCC=CC(=C)CC,92.30375,94.79312324439378,94.101906
C=CC(=C)CCCC=CCOCC,C=CC(=C)CCCC=CCOCC,92.301025,93.1196863986699,97.1625
CC=CCCC=CC(C)=CCOCC,CC=CCCC=CC(C)=CCOCC,92.29939,92.78764349633575,96.895584
C=CCC=CC(C)=CCC=C(C)C,C=CCC=CC(C)=CCC=C(C)C,92.29756,93.94040052048203,91.76422
CCC=CC=CCC=CCCCOC,CCC=CC=CCC=CCCCOC,92.29674,97.15111122300264,98.20774
C=CCCC=CCC=C(C)C=CCC,C=CCCC=CCC=C(C)C=CCC,92.29606,97.58854039152527,95.85811
C=CCCC=CC=CCC(=C)COC,C=CCCC=CC=CCC(=C)COC,92.2917,94.28306527116943,86.27535
CCOCC=CCC=CC=C(C)CC,CCOCC=CCC=CC=C(C)CC,92.29094,93.43981672489556,98.38993
CC=CC=C(C)CC=CCOCCC,CC=CC=C(C)CC=CCOCCC,92.29048,93.75809700143445,98.08039
CC=CC=CCCCC=CC=CCC,CC=CC=CCCCC=CC=CCC,92.289154,96.2136688833233,96.13857
CCCOCC=C(C)C=CCOCC,CCCOCC=C(C)C=CCOCC,92.28736,89.11173042142822,91.365105
C=CCOCC=CCC=CCC=CC,C=CCOCC=CCC=CCC=CC,92.28519,93.03527999028239,88.84713
C=CC(=C)C=CCCC=CCOCC,C=CC(=C)C=CCCC=CCOCC,92.280396,95.48419443865143,98.681885
C=CCCOCCOCCCCOC,C=CCCOCCOCCCCOC,92.279625,89.0126012196011,87.43914
C=CCC=CCCCCOCCOC,C=CCC=CCCCCOCCOC,92.27938,91.42795214821857,85.77158
C=CC=CCOCCC=CC=CCC,C=CC=CCOCCC=CC=CCC,92.278824,97.11999614119935,96.54621
C=CC=CCCOCC=CC=CCC,C=CC=CCCOCC=CC=CCC,92.27816,97.50746405943175,96.913246
C=C(CC=CC=CCC=CC)COC,C=C(CC=CC=CCC=CC)COC,92.2749,94.81011682063885,91.30111
CCC=CC(C)=CCC=CCOCC,CCC=CC(C)=CCC=CCOCC,92.27193,93.48318718303406,98.31818
C=CCCCOCC=CCCCOC,C=CCCCOCC=CCCCOC,92.27141,90.920073363119,87.33956
C=CCC=CCCOCCCCOC,C=CCC=CCCOCCCCOC,92.26964,90.33211268190166,86.647835
C=CC(=C)CC=CCCCCOCC,C=CC(=C)CC=CCCCCOCC,92.268265,92.18034516259752,97.97346
CC=CC=CCCCOCCOCC,CC=CC=CCCCOCCOCC,92.26784,92.3992612904684,94.74329
C=CCC=CCC=C(C=CC)COC,C=CCC=CCC=C(C=CC)COC,92.25839,92.6861575162474,85.15168
C=CC=CCCC=CC=CCCOC,C=CC=CCCC=CC=CCCOC,92.25679,95.9392889911068,95.030655
C=CC(C=CCCCOCC)=CCC,C=CC(C=CCCCOCC)=CCC,92.25314,93.23820382693069,100.10175
C=CCCCOCCCC=CC=CC,C=CCCCOCCCC=CC=CC,92.25223,92.58178650205377,94.23696
CC=CC=CCC=CC(C)C=CC,CC=CC=CCC=CC(C)C=CC,92.25134,98.16829695041717,94.1464
C=CC=CCC=CCOCCC=CC,C=CC=CCC=CCOCCC=CC,92.25047,98.76232671687438,98.50562
C=CC=CCCOCC=CCC=CC,C=CC=CCCOCC=CCC=CC,92.24831,98.92234137762478,98.4529
C=CC(C=CCC)=CCCOCCC,C=CC(C=CCC)=CCCOCCC,92.243546,91.69208368001922,94.669136
C=C(C=CCCC=CCC)COCC,C=C(C=CCCC=CCC)COCC,92.232544,88.98969712776231,91.26566
C=CCC=CCCCOCCOCC,C=CCC=CCCCOCCOCC,92.227325,90.8477350970801,89.81681
C=CC=CCC=CC=C(C)COCC,C=CC=CCC=CC=C(C)COCC,92.22676,92.87590222009803,96.161156
CC=CCC=CC(C)=CCOCCC,CC=CCC=CC(C)=CCOCCC,92.226074,94.33646180978184,98.525856
C=CC=CCCCCOCCOCC,C=CC=CCCCCOCCOCC,92.225006,91.48918564923129,92.510994
C=CC=CCC(C=CCCOC)=CC,C=CC=CCC(C=CCCOC)=CC,92.22333,95.8094843627705,95.28962
CC=CCC=CC=CCCC=CCC,CC=CCC=CC=CCCC=CCC,92.22208,99.77362127361063,101.29531
C=C(C=CCC)C=CCOCCCC,C=C(C=CCC)C=CCOCCCC,92.21776,91.67382560370964,94.66355
CC=CC=CCCC=CC=C(C)CC,CC=CC=CCCC=CC=C(C)CC,92.21631,96.54471373399794,95.44729
C=CCCOCCCC=CC(=C)CC,C=CCCOCCCC=CC(=C)CC,92.21619,89.8670095548828,92.17192
CC=CC=CCC=CCC=CCC,CC=CC=CCC=CCC=CCC,92.21581,100.67789005994238,101.13294
C=CCC=CC=CCOCC=CCC,C=CCC=CC=CCOCC=CCC,92.21575,97.0170900625473,92.813576
CC=C(C)CC=CCC=CCCOC,CC=C(C)CC=CCC=CCCOC,92.21477,90.94413737254445,91.72799
C=C(C=CCOCCC)CC=CCC,C=C(C=CCOCCC)CC=CCC,92.21171,92.93348916824996,96.024864
C=CC=CCOCCC=C(C)C=CC,C=CC=CCOCCC=C(C)C=CC,92.20708,95.97981199079243,95.93096
CC=CC=CCC(C)=CCOCCC,CC=CC=CCC(C)=CCOCCC,92.205826,93.44992240421584,97.11477
C=CC(=CC)CC=CC=CCCOC,C=CC(=CC)CC=CC=CCCOC,92.20534,95.73352563045111,95.30843
C=C(C)CC=CC=CCC=CCOC,C=C(C)CC=CC=CCC=CCOC,92.20092,95.93908610576071,94.90993
C=CC(C)=CCCC=CC=CCOC,C=CC(C)=CCCC=CC=CCOC,92.2001,96.4857489545525,94.28398
C=CCC=CCC(C)=CC=CCOC,C=CCC=CCC(C)=CC=CCOC,92.19821,95.11751664440882,90.181206
C=CC(C)=CCC=CCCOCCC,C=CC(C)=CCC=CCCOCCC,92.198105,93.33819746652622,96.67825
C=CC=CCOCC=CC=CCCC,C=CC=CCOCC=CC=CCCC,92.19806,96.5208890552572,95.014366
C=CCC=CCC=CC=C(C)COC,C=CCC=CCC=CC=C(C)COC,92.19778,94.6087351294775,88.83616
C=CCCC=CC(C)=CCCCOC,C=CCCC=CC(C)=CCCCOC,92.18767,93.34692718621827,90.78621
C=CC=CCC=CCOCCCC=C,C=CC=CCC=CCOCCCC=C,92.187515,96.5932195814859,94.56853
CCCC=CC=CCC=CCCOC,CCCC=CC=CCC=CCCOC,92.18181,95.99291700487173,96.96985
CCCC=CCC=CC=CCCOC,CCCC=CCC=CC=CCCOC,92.17755,96.0108428643002,97.14096
C=CCCC=CCC=C(C)CCOC,C=CCCC=CCC=C(C)CCOC,92.17253,89.14481011106994,85.95254
CC=CC=CCCC=CC=CCCC,CC=CC=CCCC=CC=CCCC,92.172424,97.11157471068539,96.98107
CC=C(C=CCOCCC)COCC,CC=C(C=CCOCCC)COCC,92.170784,86.85119835380709,89.07345
CC=CC=CC(C)C=CCC=CC,CC=CC=CC(C)C=CCC=CC,92.16672,97.8464795595342,93.98621
CCOCCC=CCOC(=O)CC,CCOCCC=CCOC(=O)CC,92.165726,93.57759323489674,101.01359
C=CC(=C)CCC=CCC=CCC,C=CC(=C)CCC=CCC=CCC,92.16512,96.76248236560025,93.82978
C=C(CC=CC)CC=CCCOCC,C=C(CC=CC)CC=CCCOCC,92.16255,88.3105045102952,94.20894
CCC=CC=C(C)CC=CCOCC,CCC=CC=C(C)CC=CCOCC,92.1603,92.69101589519211,97.106224
C=CCC(=C)CC=CC=CCCOC,C=CCC(=C)CC=CC=CCCOC,92.1577,93.93718680072068,89.586624
CC=CC=CCC=CC=CCCCC,CC=CC=CCC=CC=CCCCC,92.1525,98.82346869758757,99.373314
CCCC=CC(C)=CCOC(C)=O,CCCC=CC(C)=CCOC(C)=O,92.15175,91.00383156403794,94.12708
C=CCC=CCCC(=C)CCOC,C=CCC=CCCC(=C)CCOC,92.1512,86.99356158709979,84.21079
C=C(C=CCC)C=CCCOCCC,C=C(C=CCC)C=CCCOCCC,92.15062,90.25080833649275,93.6482
C=CC=C(C)CC=CCCOCCC,C=CC=C(C)CC=CCCOCCC,92.15019,92.73714587439,95.60412
C=C(C=CCC)C=CCCCCOC,C=C(C=CCC)C=CCCCCOC,92.14494,92.3328223756614,92.49838
CC=CCC=CC=C(C)CCOCC,CC=CCC=CC=C(C)CCOCC,92.142914,92.41380005117755,96.40983
CC=CC=CCC=C(C=CC)CC,CC=CC=CCC=C(C=CC)CC,92.14215,97.44137521986826,94.78179
CC=CCC=C(C)C(=O)OC,CC=CCC=C(C)C(=O)OC,92.14119,93.01450681956152,97.13778
CCOCC=C(C)CC=CCCOC,CCOCC=C(C)CC=CCCOC,92.13996,89.13752716394458,90.29342
C=CC=CCOCC=CCC=CCC,C=CC=CCOCC=CCC=CCC,92.1398,98.01923657969934,96.704025
C=CCCC=CCOCCCCOC,C=CCCC=CCOCCCCOC,92.13967,90.30552628974478,86.826965
C=CCCCOCCCOCCOC,C=CCCCOCCCOCCOC,92.13916,90.13295554080528,90.66973
C=CC=CCCC=CC=CCCCC,C=CC=CCCC=CC=CCCCC,92.13896,97.53015401887482,95.58246
C=CCC=CC=CCC=CCOCC,C=CCC=CC=CCC=CCOCC,92.138275,97.04637771725683,97.32072
C=C(C=CCC)CC=CCCCOC,C=C(C=CCC)CC=CCCCOC,92.13696,95.30269803715296,95.11066
C=CCCC=CC=CCC=C(C)CC,C=CCCC=CC=CCC=C(C)CC,92.13634,96.9793946505487,94.638985
CCCCCOCCOCCOC,CCCCCOCCOCCOC,92.13551,89.07371487886124,90.064
C=CCOCCCOCCC=CCC,C=CCOCCCOCCC=CCC,92.13118,89.41578528844381,87.50924
C=CCC=CCC(C)=CCOCCC,C=CCC=CCC(C)=CCOCCC,92.130165,90.09350047324168,90.23922
C=C(C=CCC=C(C)C)CC=CC,C=C(C=CCC=C(C)C)CC=CC,92.123474,96.31254372435194,93.52488
C=CC=CCOCCCC=CCC=C,C=CC=CCOCCCC=CCC=C,92.12247,95.94786267422882,93.749084
CCCOCC=CC=CCCCOC,CCCOCC=CC=CCCCOC,92.11961,93.93128437673823,94.61523
C=CC(=C)CC=CCOCCC=CC,C=CC(=C)CC=CCOCCC=CC,92.119064,94.96745659312853,94.21569
C=CCCC=CCC=CC=C(C)CC,C=CCCC=CCC=CC=C(C)CC,92.11885,97.64267496585958,96.07571
C=CC(C=CCCOCCCC)=CC,C=CC(C=CCCOCCCC)=CC,92.11606,92.43314647893745,95.363434
C=CC=CCCC=CCOCC(=C)C,C=CC=CCCC=CCOCC(=C)C,92.111404,94.162311241856,92.208984
C=CCCC=CCCCOCCC=C,C=CCCC=CCCCOCCC=C,92.102974,84.47418720954958,90.8296
CC=CC=CCCCCOCCCC,CC=CC=CCCCCOCCCC,92.09985,88.67587705471877,94.67593
C=CCCC=CCCCOCCOC,C=CCCC=CCCCOCCOC,92.09868,91.07694199251362,85.320175
C=CCC=CCCC=CC=C(C)CC,C=CCC=CCCC=CC=C(C)CC,92.098114,97.13738235240115,95.16356
C=CCCOCC=CCCCCOC,C=CCCOCC=CCCCCOC,92.09789,89.11639136780573,83.15887
C=CCC=CCC=C(C)C=C(C)C,C=CCC=CCC=C(C)C=C(C)C,92.094406,93.63853517155388,90.83527
C=CCC(C)=CCC=CC=C(C)C,C=CCC(C)=CCC=CC=C(C)C,92.09155,94.84606680061879,92.49505
C=CCC=CCC=CC(C)=CCCC,C=CCC=CCC=CC(C)=CCCC,92.09152,95.79012500096982,93.97069
C=C(C=CC)CC=CCCCOCC,C=C(C=CC)CC=CCCCOCC,92.0915,94.11878963163173,101.197914
C=CC(C)=CCCC=CCCCOC,C=CC(C)=CCCC=CCCCOC,92.09123,94.1777400652397,93.579506
C=CCC=CCC=CC=CCCCC,C=CCC=CCC=CC=CCCCC,92.08917,98.86430473314783,97.98045
C=CCCOCCCC=C(C)C=CC,C=CCCOCCCC=C(C)C=CC,92.087906,90.2685305364816,92.87002
C=CC=CCCCC=CCOCC=C,C=CC=CCCCC=CCOCC=C,92.08734,93.06647931759886,87.523636
C=CCCCC=CCC=CC(C)=CC,C=CCCCC=CCC=CC(C)=CC,92.08449,96.32363021683625,95.99867
C=CCCC=C(C=C)C=CCOCC,C=CCCC=C(C=C)C=CCOCC,92.082726,94.57964061641599,94.08013
C=CCCCC=CC=CCOCC=C,C=CCCCC=CC=CCOCC=C,92.08204,91.55485023335626,92.52326
CCCOCC=C(C)C=CCCOC,CCCOCC=C(C)C=CCCOC,92.08194,90.67876253498407,91.95934
CC=CC=CCCC(C)=CC=CC,CC=CC=CCCC(C)=CC=CC,92.08125,94.17068363565006,93.12177
C=C(C)C=CCC=CCC(C)=CC,C=C(C)C=CCC=CCC(C)=CC,92.0797,95.80600805966927,93.41593
C=C(C=CCC=CCC)COCCC,C=C(C=CCC=CCC)COCCC,92.07899,90.62557462851902,93.03921
C=CC=CCCCOCC=CCC=C,C=CC=CCCCOCC=CCC=C,92.07886,96.2661655025857,94.01464
C=CC=CCOCC=CCC(C)=CC,C=CC=CCOCC=CCC(C)=CC,92.07524,95.01436407264832,93.78001
C=C(C=CCC)C=CCC=CCOC,C=C(C=CCC)C=CCC=CCOC,92.07126,96.32503147935361,95.28154
C=C(C)CC=CC(C)=CCC=CC,C=C(C)CC=CC(C)=CCC=CC,92.070694,96.44870822355226,93.7302
CC=CC(C)=CCCC=CCCOC,CC=CC(C)=CCCC=CCCOC,92.07,92.95244439793993,93.04303
CC=C(C=CCC=CCC)COCC,CC=C(C=CCC=CCC)COCC,92.069565,88.53475441484665,91.48827
CCC=CC=C(C)CC=CCCOC,CCC=CC=C(C)CC=CCCOC,92.06876,93.94154220030757,94.239006
C=CCCCOCCOCCCC=C,C=CCCCOCCOCCCC=C,92.06323,85.11161319746164,84.475395
C=CCC(=C)C=CCCCOCCC,C=CCC(=C)C=CCCCOCCC,92.06211,92.17038386202285,94.75883
CCOCCC=C(C)C=CCCOC,CCOCCC=C(C)C=CCCOC,92.060745,89.18244089491381,90.34466
CCOCCC=CC=C(C)COCC,CCOCCC=CC=C(C)COCC,92.056274,86.87080309438653,92.518364
C=CCCCC=CCOCCCOC,C=CCCCC=CCOCCCOC,92.05535,90.00309830635756,87.08677
CCC=CC=CCCCOCCCC,CCC=CC=CCCCOCCCC,92.05411,89.32039353291634,94.804115
CC=CCOCC=CCCCOCC,CC=CCOCC=CCCCOCC,92.04439,90.11835988337461,91.6081
C=CCOCCCCCCOCC=C,C=CCOCCCCCCOCC=C,92.04181,81.62287063015013,79.50494
CC=CC=CCCCCOCCOC,CC=CC=CCCCCOCCOC,92.038666,92.84298089961145,91.2461
C=CC(=C)CC=CCC=CCCCC,C=CC(=C)CC=CCC=CCCCC,92.03836,97.95643772448611,96.3002
C=C(C=CCCC)CC=CCCOC,C=C(C=CCCC)CC=CCCOC,92.0361,93.36460632631041,92.51733
C=CCC=CC=CCC=CCCCC,C=CCC=CC=CCC=CCCCC,92.03558,98.46560747616657,97.30112
C=CCOCCCC=CC=CCCC,C=CCOCCCC=CC=CCCC,92.03085,93.59977770392392,91.95013
C=CC=CCOCC=CCCCC=C,C=CC=CCOCC=CCCCC=C,92.02817,93.17973082532575,87.6803
CCC=CC=CCC=C(C)CCOC,CCC=CC=CCC=C(C)CCOC,92.027466,91.16951959786297,90.439156
CCOCCC=CC(C)=CCCOC,CCOCCC=CC(C)=CCCOC,92.02234,88.81838011121422,92.986565
C=CCC=CC=CCC=C(C)COC,C=CCC=CC=CCC=C(C)COC,92.01819,94.46099899932494,87.218506
CC=CCC=CCCCOCCCC,CC=CCC=CCCCOCCCC,92.01692,89.43292792678314,95.20373
CC=CC=CCC=CCCC=CCC,CC=CC=CCC=CCCC=CCC,92.01394,99.40713969333416,100.432106
CC=C(C)C=CCC=CCOCCC,CC=C(C)C=CCC=CCOCCC,92.01167,94.05044782860523,98.781
C=CCC(C)=CC=CCC=CCCC,C=CCC(C)=CC=CCC=CCCC,92.0112,96.80285653419116,95.17846
CCC=CCOCC=CCCOCC,CCC=CCOCC=CCCOCC,92.01053,88.88948930868492,90.337746
CC=CC=CCC=CCC=CCCC,CC=CC=CCC=CCC=CCCC,92.00997,98.3576005206734,99.50897
C=CC=CCOCC=CCCC=CC,C=CC=CCOCC=CCCC=CC,92.008,96.60161777032663,95.17466
C=C(C=CCCOC)CC=CCCC,C=C(C=CCCOC)CC=CCCC,92.00788,93.35104832637339,92.45071
CC=CCCC=C(C)C=CCCOC,CC=CCCC=C(C)C=CCCOC,92.00147,92.8981252365184,93.41192
CCC=CCC=CC=C(C)COCC,CCC=CCC=CC=C(C)COCC,91.99961,90.72737628694688,94.96659
C=CC=CCC=CCC=CCOCC,C=CC=CCC=CCC=CCOCC,91.99927,97.94601858925404,100.61324
C=CCC(C)=CCC=CCOCCC,C=CCC(C)=CCC=CCOCCC,91.99658,90.6434206761318,91.14201
C=CCCOCCCC=CC(=C)C=C,C=CCCOCCCC=CC(=C)C=C,91.995255,91.40018433077749,92.82903
C=CC=CCCOCC=CCCC=C,C=CC=CCCOCC=CCCC=C,91.99452,93.96411578012024,89.10787
C=CCC=CCC=CC(=C)CCOC,C=CCC=CCC=CC(=C)CCOC,91.99336,92.70513390027824,85.5865
CCOCCC=CC=CCCOCC,CCOCCC=CC=CCCOCC,91.99266,86.49535934478638,93.64672
C=C(C=CCCC=CC)C=CCOC,C=C(C=CCCC=CC)C=CCOC,91.988846,96.62266667638414,94.462105
C=CCC=CC=CCOCC(C)=CC,C=CCC=CC=CCOCC(C)=CC,91.98859,94.94626703676195,90.235664
C=C(C=CCC)C=CCC=C(C)C,C=C(C=CCC)C=CCC=C(C)C,91.98747,96.40306895183124,94.38599
C=CCC(C)=CCC=CCC(=C)C,C=CCC(C)=CCC=CCC(=C)C,91.9874,91.13036916111623,87.22613
CCCC=CC=CCCCOCCC,CCCC=CC=CCCCOCCC,91.98739,88.70487687236103,94.41549
C=CC=CCOCCC(=C)C=CCC,C=CC=CCOCCC(=C)C=CCC,91.98728,93.8305081934482,92.67177
CC=CCC=CC(C=CC)=CCC,CC=CCC=CC(C=CC)=CCC,91.98466,98.97762450474286,97.454445
CCCC=CC=CCC=CCOCC,CCCC=CC=CCC=CCOCC,91.98355,95.33605191132342,99.87094
C=C(C=CCC=CCOCCC)CC,C=C(C=CCC=CCOCCC)CC,91.98207,93.47624967715538,96.92072
CC=CCC=CCCCOCCOC,CC=CCC=CCCCOCCOC,91.97528,93.61368462189371,91.92549
C=CC=CCCC=CCOCCC=C,C=CC=CCCC=CCOCCC=C,91.975174,93.42570774536006,88.39002
CC=CCCCOCCOCCOC,CC=CCCCOCCOCCOC,91.97221,92.683420208103,91.15455
C=CCCOCCCCC=CCOC,C=CCCOCCCCC=CCOC,91.97218,87.98785403421162,84.8475
CC=CC=CC(C)C=CC=CCC,CC=CC=CC(C)C=CC=CCC,91.966385,97.07108592047233,91.69883
CCC=CC=CC(C)C=CCCOC,CCC=CC=CC(C)C=CCCOC,91.966385,94.83808439492735,91.89597
CCC=CCC=CCCCCOCC,CCC=CCC=CCCCCOCC,91.960495,88.06531875685789,94.70623
C=CCC=C(C)CC=CCOCC=C,C=CCC=C(C)CC=CCOCC=C,91.959564,88.89594686309272,89.69128
CC=CCOCCCC=CCOCC,CC=CCOCCCC=CCOCC,91.95802,90.03863375313597,91.00941
C=CC=CCC=CCOCCCCC,C=CC=CCC=CCOCCCCC,91.95796,95.99258968406937,97.4078
C=C(C=CCCOCCC)CC=CC,C=C(C=CCCOCCC)CC=CC,91.956184,92.58786442167674,95.96379
CCCC=CCC=CC=CCOCC,CCCC=CCC=CC=CCOCC,91.95609,95.25908908648557,99.939156
C=CCC=CCCCC(=O)OCC,C=CCC=CCCCC(=O)OCC,91.95403,90.28801058861652,91.75407
CC=CC=CCCC=CCC=CCC,CC=CC=CCCC=CCC=CCC,91.95024,99.60103622971512,100.70756
C=C(C=CCCC=CC)COCCC,C=C(C=CCCC=CC)COCCC,91.94878,90.00184745730454,92.235634
C=CCCCOCCC=CCOCC,C=CCCCOCCC=CCOCC,91.94861,88.89488458628246,87.714935
CCCC=CC(C)=CCC=CCOC,CCCC=CC(C)=CCC=CCOC,91.94268,93.95440950714492,92.51751
CC=CCC=CCC(C)=CCOCC,CC=CCC=CCC(C)=CCOCC,91.941284,90.48331117907657,94.69814
CCCCOCCOCCOCCOCCCC,CCCCOCCOCCOCCOCCCC,91.94113,79.94182798401322,82.23873
C=CCCC=CC=CCC=CCCC,C=CCCC=CC=CCC=CCCC,91.94054,98.76893933255286,98.26015
CC=CC=CCCC=C(C)COCC,CC=CC=CCCC=C(C)COCC,91.93869,92.11728572528062,95.388016
CC=CCCC=C(C)C=CCOCC,CC=CCCC=C(C)C=CCOCC,91.93439,92.9863180639342,97.57117
C=CC=CCCC=CC=C(C)COC,C=CC=CCCC=CC=C(C)COC,91.934326,95.55000001071872,91.80552
C=CCCC=CCC=CC=CCCC,C=CCCC=CCC=CC=CCCC,91.9338,98.6423419373595,98.03211
C=CCCC=CC=CCCOCC=C,C=CCCC=CC=CCCOCC=C,91.93352,91.30725935807914,91.49871
CCCOCC=CCCCCOCC,CCCOCC=CCCCCOCC,91.93349,86.12503101601729,92.010056
C=C(C)CC=CCC=CCCCOC,C=C(C)CC=CCC=CCCCOC,91.9327,92.3990748483585,92.697784
C=CCCCC=CCC=CC=CCC,C=CCCCC=CCC=CC=CCC,91.932396,97.47832147212017,96.71375
C=CC=CCC=CCC=CCCCC,C=CC=CCC=CCC=CCCCC,91.931465,99.60206976853085,98.40988
C=CCCCC=CC=CCOCCC,C=CCCCC=CC=CCOCCC,91.93136,93.22241516108816,93.24775
CCC=C(C)C=CCC=CCCOC,CCC=C(C)C=CCC=CCCOC,91.931206,95.25002927850068,95.83541
C=CCCCCCOCC=CCOC,C=CCCCCCOCC=CCOC,91.93043,88.47613558968843,81.33816
C=C(C=CCC=CC)C=CCCOCC,C=C(C=CCC=CC)C=CCCOCC,91.927505,92.9348264215277,99.224724
C=CCCCCOCCC=CCOC,C=CCCCCOCCC=CCOC,91.92633,88.69767681641886,82.53286
C=CCCC=CCCC=CCOC,C=CCCC=CCCC=CCOC,91.92575,91.75558130356427,85.86556
C=CCC=CC=CCCC=CCCC,C=CCC=CC=CCCC=CCCC,91.925186,97.50417008056516,96.20344
C=CCCC=CCCC=CC=CCC,C=CCCC=CCCC=CC=CCC,91.922195,96.19538545448307,94.19729
CC=CC=CCC=CCCCCOC,CC=CC=CCC=CCCCCOC,91.91931,95.6652724325638,96.72961
C=CCCC=CC=CCC=CCOC,C=CCCC=CC=CCC=CCOC,91.91828,98.68695247173092,93.987595
C=CC=CCCCCCOCCOC,C=CC=CCCCCCOCCOC,91.91524,92.85678133739447,89.621346
C=CCCCC=CCC=CCOCC,C=CCCCC=CCC=CCOCC,91.91423,90.65222978736568,91.16653
CC=C(C)CC=CC=CCOCCC,CC=C(C)CC=CC=CCOCCC,91.91417,93.20952277816119,97.208206
C=C(C=CCC=CCC)C=C(C)C,C=C(C=CCC=CCC)C=C(C)C,91.911804,96.31085140465487,94.36512
C=CCCC=CCC=CCOCC=C,C=CCCC=CCC=CCOCC=C,91.91055,89.70671668183999,90.85592
CC=CC=CCC(C)=CC=CCCC,CC=CC=CCC(C)=CC=CCCC,91.90927,95.52740477408403,94.720345
C=CC=CCOCCC=CCCC=C,C=CC=CCOCCC=CCCC=C,91.90667,93.40107177533241,88.18239
C=CCCC=CCC=CC=CCOC,C=CCCC=CCC=CC=CCOC,91.906075,98.51678511649513,93.82508
C=CC=CCC=CCOCC=CCC,C=CC=CCC=CCOCC=CCC,91.90577,98.10653368570654,96.69454
C=CCC=CCCC=CC=CCCC,C=CCC=CCCC=CC=CCCC,91.90451,97.7867127407646,96.2801
CCOCCC(C)=CCOC(C)=O,CCOCCC(C)=CCOC(C)=O,91.90049,87.74244021875161,94.79478
CCC=CC=CCC(C)=CCCOC,CCC=CC=CCC(C)=CCCOC,91.90045,93.33516353595212,92.508095
CCOCC=CCC=CCCOCC,CCOCC=CCC=CCCOCC,91.900024,88.45665477534794,93.965614
C=CCC(C=CCCOCC)=CCC,C=CCC(C=CCCOCC)=CCC,91.898834,91.05581895998117,94.1187
C=C(C=CCCCOC)CC=CCC,C=C(C=CCCCOC)CC=CCC,91.89831,95.21955292989767,94.91005
C=CCC=CCC=CCOCCOC,C=CCC=CCC=CCOCCOC,91.893845,95.09532681188986,85.823975
C=CC=CCCC=CC=CCOCC,C=CC=CCCC=CC=CCOCC,91.88962,96.17338425491815,99.018845
C=CC=CCCC=CCC=CCCC,C=CC=CCCC=CCC=CCCC,91.88843,99.07799044324426,97.86678
C=CCCOCCC=CCCOCC,C=CCCOCCC=CCCOCC,91.888214,85.11868093535739,83.09959
C=CCOCCCCC=CC=CCC,C=CCOCCCCC=CC=CCC,91.88735,92.56223423724154,91.40402
C=CCCC=CC=CCCC=CCC,C=CCCC=CC=CCCC=CCC,91.886185,96.72572819048703,94.60985
CC=CC=CCCCC=CCOCC,CC=CC=CCCCC=CCOCC,91.88188,93.39384858689193,97.46168
CCCC=CCC=C(C)C=CCOC,CCCC=CCC=C(C)C=CCOC,91.88078,94.08976163896311,92.5388
C=CCOCCCOCC=CCCC,C=CCOCCCOCC=CCCC,91.87968,89.37870805538535,86.794
CC=CCC=CCC=CCCCOC,CC=CCC=CCC=CCCCOC,91.87927,93.54267714158712,94.14545
C=C(C)C=CCCCC=CCCOC,C=C(C)C=CCCCC=CCCOC,91.87843,91.061696377254,90.22307
C=C(C)C=CCCC=CCCCOC,C=C(C)C=CCCC=CCCCOC,91.87792,93.1014900597047,92.81883
CCOCC=CCC=CCCCOC,CCOCC=CCC=CCCCOC,91.872925,93.03195476200861,93.62399
CC=CC=CCC=CC(C)=CCCC,CC=CC=CCC=CC(C)=CCCC,91.87167,96.66049826308394,96.188576
C=CCCC=CCCC(=O)OCC,C=CCCC=CCCC(=O)OCC,91.869354,89.1038784320929,90.5702
C=CCCOCCCC=CC=C(C)C,C=CCCOCCCC=CC=C(C)C,91.86769,89.55724077164565,93.073
C=CCCOCCCCC=CC(=C)C,C=CCCOCCCCC=CC(=C)C,91.86685,87.9529986323983,90.59594
C=CCC=C(C=CCOCCC)CC,C=CCC=C(C=CCOCCC)CC,91.86508,92.85247470060025,92.171074
C=CC=CCCCCCOCCC=C,C=CC=CCCCCCOCCC=C,91.86507,88.56849660613163,89.74215
C=CCOCCCCC=CCC=CC,C=CCOCCCCC=CCC=CC,91.86304,90.56138899042747,89.85279
C=CCCCC=CC=CCC=CCC,C=CCCCC=CC=CCC=CCC,91.86264,97.80618432268079,97.12414
C=CCOCCOCCOCCCC,C=CCOCCOCCOCCCC,91.859406,90.24514086336524,86.23197
CC=C(C)C=CCCC=CCCOC,CC=C(C)C=CCCC=CCCOC,91.85905,92.15560502424839,92.58579
C=CCOCCOCCOCCOCC,C=CCOCCOCCOCCOCC,91.85883,92.76246059316887,90.04928
C=CC=CCCCOCCOCCC,C=CC=CCCCOCCOCCC,91.85774,92.70502809105652,93.02912
CCCCOCC=CCCCOCC,CCCCOCC=CCCCOCC,91.85556,87.43270209677002,92.86222
C=CCCC=CC(C)=CCC=CCC,C=CCCC=CC(C)=CCC=CCC,91.854965,97.4212146799288,95.50802
C=CC=CCC(=C)CC=CCCOC,C=CC=CCC(=C)CC=CCCOC,91.85469,94.75387118708097,92.23098
CC=CCCC=CC=CCCCOC,CC=CCCC=CC=CCCCOC,91.85187,95.27473898381392,95.64065
C=CCCC=CC=CCOCCCC,C=CCCC=CC=CCOCCCC,91.851395,94.10808262234016,93.34434
C=CC=CCOCC=CCC=C(C)C,C=CC=CCOCC=CCC=C(C)C,91.84964,95.0267615635421,94.70379
C=CCCOCCOCCOCCC,C=CCCOCCOCCOCCC,91.84923,89.7839447096895,86.107185
C=CC(C)=CCCC=CC=CCCC,C=CC(C)=CCCC=CC=CCCC,91.84696,96.64249186416333,94.16299
C=CC=CCOCC=C(C)CCC=C,C=CC=CCOCC=C(C)CCC=C,91.846924,92.50467072487226,86.99282
CC=CC=CCCCCCOCCC,CC=CC=CCCCCCOCCC,91.84685,88.57718137538029,95.07022
C=CC=CCC=CCC(C)=CCOC,C=CC=CCC=CCC(C)=CCOC,91.84659,96.26551713553548,93.19498
C=C(C)CC=CC=CCCOCCC,C=C(C)CC=CC=CCCOCCC,91.846344,91.97682448286879,95.15967
C=C(C)C=CCC=CCOCCCC,C=C(C)C=CCC=CCOCCCC,91.843895,93.9720695842631,97.327095
C=CC=CCC=CCCOCC(=C)C,C=CC=CCC=CCCOCC(=C)C,91.843796,95.05782553765792,93.95925
CC=CC=CCC=C(C)COCCC,CC=CC=CCC=C(C)COCCC,91.842865,93.56388111250088,96.767204
CC=C(C=CCC=CCCC)COC,CC=C(C=CCC=CCCC)COC,91.83644,91.43150022076426,87.9399
C=CCCCC=CCC=CC(=C)CC,C=CCCCC=CCC=CC(=C)CC,91.83499,95.87458576569242,93.676636
C=CCOCCC=CCCOCC=C,C=CCOCCC=CCCOCC=C,91.83356,85.13180954708085,78.5804
C=CCCCOCC=CC=CCCC,C=CCCCOCC=CC=CCCC,91.8333,94.35251593481917,93.30444
C=C(C)CC(C)=CC=CCC=CC,C=C(C)CC(C)=CC=CCC=CC,91.8273,94.77783528817568,91.42516
C=C(C)CCC=CC=CCOCCC,C=C(C)CCC=CC=CCOCCC,91.82559,90.7817586581292,91.475624
C=C(C=CCC=CCCC)CCOC,C=C(C=CCC=CCCC)CCOC,91.8192,92.5489811502353,89.11471
CCC=CCC=CCCCOCCC,CCC=CCC=CCCCOCCC,91.81549,89.18334600004769,95.44707
C=CC=CCC=CCCOCCOC,C=CC=CCC=CCCOCCOC,91.81434,98.96358176321418,92.92463
CCC=CCCC=CC(C)=CCOC,CCC=CCCC=CC(C)=CCOC,91.814224,94.23072967144932,91.838066
COCCCC=CC=CCC=C(C)C,COCCCC=CC=CCC=C(C)C,91.813576,94.74193973169363,96.410446
C=CCCC=CCCC=CC(C)=CC,C=CCCC=CCCC=CC(C)=CC,91.8087,94.59899915147767,92.61599
C=CC=CCC=C(C)CCCOCC,C=CC=CCC=C(C)CCCOCC,91.807434,93.39027826004052,99.4118
CCOCC=CC(C)=CCC=CCOC,CCOCC=CC(C)=CCC=CCOC,91.8071,93.07604008717072,89.73763
CC=C(C)CC=CCC=CCOCC,CC=C(C)CC=CCC=CCOCC,91.80594,90.27148456793898,94.760826
C=CCCCOCC=CCOCCC,C=CCCCOCC=CCOCCC,91.80558,89.0362522347923,86.24851
C=CC=CCCCCOCCCC=C,C=CC=CCCCCOCCCC=C,91.80533,89.9660341873621,91.32636
C=CC=CCOCCCC=CCCC,C=CC=CCOCCCC=CCCC,91.80308,94.99864722246814,96.38622
C=CC=C(C)CCC=CC(C)=CC,C=CC=C(C)CCC=CC(C)=CC,91.80176,93.99371079601296,91.57239
C=CCOCC=CC=CCCCCC,C=CCOCC=CC=CCCCCC,91.80122,92.44931242217072,88.07334
CCCOCC=CCC=CCOCC,CCCOCC=CCC=CCOCC,91.80025,89.669900435143,90.97715
CCC=C(C)C=CCC=CCOCC,CCC=C(C)C=CCC=CCOCC,91.798904,93.89225337524915,98.5624
CCCOCCC=CC(C)=CCOC,CCCOCCC=CC(C)=CCOC,91.79793,91.05473032191631,89.734924
CCC=CCCC=CC=CCCOC,CCC=CCCC=CC=CCCOC,91.796906,94.06336339970386,94.27444
CCOCC=CCC=C(C)C=CCOC,CCOCC=CCC=C(C)C=CCOC,91.79505,93.19435065397957,89.93473
CC=C(C)C=CCCC=CCOCC,CC=C(C)C=CCCC=CCOCC,91.794586,92.41147215895117,97.08111
C=CC=CCOCCCCC=CCC,C=CC=CCOCCCCC=CCC,91.790146,94.19940349558328,95.94947
C=CC=CCCCC=CCOCCC,C=CC=CCCCC=CCOCCC,91.78738,94.30390507522549,96.529465
CC=CC=CCCC=CCCCOC,CC=CC=CCCC=CCCCOC,91.785995,95.06919555299864,95.7907
C=CCC=CCC=CCCOCC=C,C=CCC=CCC=CCCOCC=C,91.785065,89.87789655689753,90.40972
C=CC=CCCCOCC=CCCC,C=CC=CCCCOCC=CCCC,91.78207,95.79582764231526,97.50477
CCC=CCC=CC=CCOCCC,CCC=CCC=CC=CCOCCC,91.779465,95.3603154403367,99.20725
CC=CCC=CC(=CC)CC=CC,CC=CCC=CC(=CC)CC=CC,91.778145,96.1674026587043,94.12138
C=CCOCCCOCCOCCOCC,C=CCOCCCOCCOCCOCC,91.775116,88.63221861356813,90.40667
C=CC(C)C=CC=CCCCCOC,C=CC(C)C=CC=CCCCCOC,91.77429,95.3809777215823,90.541794
C=CC(C)=CCCC=C(C)C=CC,C=CC(C)=CCCC=C(C)C=CC,91.77323,94.63453794510482,90.73739
C=CC(C=CCC)=CCC=C(C)C,C=CC(C=CCC)=CCC=C(C)C,91.772385,97.00078159445397,93.97488
CCC=CC=CCC=CCOCCC,CCC=CC=CCC=CCOCCC,91.77162,95.32537151078634,99.07432
CCC=CC(=CCCOCC)COC,CCC=CC(=CCCOCC)COC,91.77077,88.31261504549909,86.422806
C=CC=CCCC=CCCOCC=C,C=CC=CCCC=CCCOCC=C,91.76747,93.04121053048317,87.526924
CCCCOCCCC=CCOCC,CCCCOCCCC=CCOCC,91.76663,86.85063796891626,92.07726
C=CCOCC=CCCCCCOC,C=CCOCC=CCCCCCOC,91.76606,89.1389148351538,82.30537
C=CCOC(=O)CC=CCCCC,C=CCOC(=O)CC=CCCCC,91.76407,94.63329800618467,93.2172
C=CCC=CCC=CCOCC=CC,C=CCC=CCC=CCOCC=CC,91.76309,93.05544477316958,89.007545
C=CC=CCCCC=CC=CCCC,C=CC=CCCCC=CC=CCCC,91.76023,96.4874551996065,94.34048
C=C(CC=CCC=CCC)COCC,C=C(CC=CCC=CCC)COCC,91.75943,86.56423967132164,89.040596
C=CC=CCC=CCCOCCC=C,C=CC=CCC=CCCOCCC=C,91.758896,93.45109019995495,88.44069
CC=C(C)C=CCC=CC=CCC,CC=C(C)C=CCC=CC=CCC,91.75075,98.95163802974811,98.091866
C=CCCCCOCCOCCOC,C=CCCCCOCCOCCOC,91.75037,89.96761334213271,85.22976
CC=CCOCC=CC=CCCCC,CC=CCOCC=CC=CCCCC,91.749176,94.36492669385042,93.67939
C=CCC(C)=CCC=CC(C)=CC,C=CCC(C)=CCC=CC(C)=CC,91.747086,95.8510027603225,93.08404
C=C(C=CC)CC=CCC=C(C)C,C=C(C=CC)CC=CCC=C(C)C,91.747086,96.55734757686271,93.81447
CC=CCC=CC=CCOCCCC,CC=CCC=CC=CCOCCCC,91.74693,96.23779999692172,99.313805
C=CCCCCOCC=CCOCC,C=CCCCCOCC=CCOCC,91.745705,87.40461509321588,85.07365
C=C(C=CCC=C(C)COCC)CC,C=C(C=CCC=C(C)COCC)CC,91.737335,89.12018233005716,92.01901
CCCCC=CC=CCCCOCC,CCCCC=CC=CCCCOCC,91.735275,89.07737129988898,94.341774
CC=CC(C)=CCCC=CCOCC,CC=CC(C)=CCCC=CCOCC,91.73493,93.23251468778963,97.85688
CCC=CC=CCCC=CCCOC,CCC=CC=CCCC=CCCOC,91.734474,93.73737938135906,93.92141
C=CC(=CCC=CC=CCC)COC,C=CC(=CCC=CC=CCC)COC,91.732025,93.163153460536,89.16106
C=CCC=CCC=CCCC=CCC,C=CCC=CCC=CCCC=CCC,91.726845,95.02505650754796,92.977425
C=C(C)CC=C(C)C=CCC=CC,C=C(C)CC=C(C)C=CCC=CC,91.72446,95.94703842256963,93.19025
CCC=CC=CCCCOCCOC,CCC=CC=CCCCOCCOC,91.72252,94.19124092939363,92.22909
CC=CCC(C)=CCOCC=CCC,CC=CCC(C)=CCOCC=CCC,91.71747,89.52277125033532,89.286674
CCCC=CCOCCCCOCC,CCCC=CCOCCCCOCC,91.71698,86.71765552752078,91.28072
C=CC(=CCC)CC=CCCOCC,C=CC(=CCC)CC=CCCOCC,91.716896,91.9455111673434,97.71639
C=CCCC(=C)C=CCCCOCC,C=CCCC(=C)C=CCCCOCC,91.715904,90.9850429513258,94.10505
CC=CCC=CCCC=CCCOC,CC=CCC=CCCC=CCCOC,91.71547,91.27162403114421,91.44196
C=CC(=C)CCC=CCCCOCC,C=CC(=C)CCC=CCCCOCC,91.71175,91.73249291791988,97.18497
CC=CC=CCC(C=CCC)=CC,CC=CC=CCC(C=CCC)=CC,91.71098,96.68982618470704,94.38575
CCCOCCC=CC=C(C)COC,CCCOCCC=CC=C(C)COC,91.71062,91.06628326862926,89.905945
C=CCCOCC=CC=CCCCC,C=CCCOCC=CC=CCCCC,91.70986,93.28783368873002,89.3908
C=CCCCC=CC(C)=CCCOC,C=CCCCC=CC(C)=CCCOC,91.70753,91.74348098576067,89.01061
C=CCC=CC=CCCOCCCC,C=CCC=CC=CCCOCCCC,91.705215,94.11135127212073,93.12834
C=C(C)C=CCC=CCCOCCC,C=C(C)C=CCC=CCCOCCC,91.70521,92.61827186016666,96.294235
CCC=CCC=CCC=CCCOC,CCC=CCC=CCC=CCCOC,91.70519,92.3114272034866,92.21784
C=CCOCCCC=CCC=CCC,C=CCOCCCC=CCC=CCC,91.70463,91.86395577759582,90.88848
C=CC=CCOCC=CCCCCC,C=CC=CCOCC=CCCCCC,91.70384,93.53116816281914,91.37765
CC=CCC=CC=CCCOCCC,CC=CCC=CC=CCCOCCC,91.701996,94.81247210735096,98.31913
CCC=CC=CCCCCOCCC,CCC=CC=CCCCCOCCC,91.70176,88.38910280577956,94.82879
CC=CC=CCC=CCCOCCC,CC=CC=CCC=CCCOCCC,91.6998,94.83597405261666,98.737175
CCC=CCCC=CCCCOCC,CCC=CCCC=CCCCOCC,91.69475,87.41694716934921,92.93003
C=CC(=C)CCC=CC=CCCOC,C=CC(=C)CCC=CC=CCCOC,91.69435,93.7309532197379,91.698166
C=CCC(=O)OCC=CCCCC,C=CCC(=O)OCC=CCCCC,91.69331,93.4130670533294,87.1909
CCCC=C(C)C=CCC=CCOC,CCCC=C(C)C=CCC=CCOC,91.69324,93.93808172619694,92.4777
C=CCC=CC=CCOCCCCC,C=CCC=CC=CCOCCCCC,91.6923,94.31007281389351,92.714355
C=CCCOCCC=CCCCOC,C=CCCOCCC=CCCCOC,91.69096,88.40220132362509,81.936775
C=CC=CCC=CCCOCCCC,C=CC=CCC=CCCOCCCC,91.68932,95.55637576005772,97.57488
C=CCC=C(C)CC=CCC(=C)C,C=CCC=C(C)CC=CCC(=C)C,91.68147,90.26672561899059,86.16242
C=CCCCOCC=CC(C)=CCC,C=CCCCOCC=CC(C)=CCC,91.68096,93.69241086027523,93.16262
CC=CC=CCC=CCOCCCC,CC=CC=CCC=CCOCCCC,91.68033,96.37032934882508,99.82699
CCCC=CCC=CCCCOCC,CCCC=CCC=CCCCOCC,91.67883,88.91406536091466,94.99113
C=CC=CCCC=CCOCCCC,C=CC=CCCC=CCOCCCC,91.67819,95.28148612563713,96.92314
C=CCCCC=CC=CCCC=CC,C=CCCCC=CC=CCCC=CC,91.67735,95.84986895064773,94.55555
C=C(C)CC=CC=C(C)CC=CC,C=C(C)CC=CC=C(C)CC=CC,91.67406,95.53598684053907,92.76507
C=CC(C)=CCC=CCC=CCCC,C=CC(C)=CCC=CCC=CCCC,91.67392,97.00323383157401,95.663536
C=CCCCOCC=C(C)CC=CC,C=CCCCOCC=C(C)CC=CC,91.673294,90.1736714639737,89.81361
CCCCCC=CC=CCCOCC,CCCCCC=CC=CCCOCC,91.6732,87.5917393154335,93.61973
C=CC=CCC=C(C)C(=O)OC,C=CC=CCC=C(C)C(=O)OC,91.67267,94.94600695135863,96.87234
C=C(CC=CC=CCCC)CCOC,C=C(CC=CC=CCCC)CCOC,91.67175,90.80837033902444,88.7349
C=CCCC=CCC(=C)COCC=C,C=CCCC=CCC(=C)COCC=C,91.668655,86.11583376901191,86.13822
C=CCOCCOCCCOCCOCC,C=CCOCCOCCCOCCOCC,91.66534,88.63401684113222,90.065575
CC=CC=C(C)CC=CC=CCCC,CC=CC=C(C)CC=CC=CCCC,91.66261,95.41378250805624,94.41579
C=CCOCC=CCC=CCCCC,C=CCOCC=CCC=CCCCC,91.65989,91.46189056665746,87.35389
C=CCCC=CCC=CCC=CCC,C=CCCC=CCC=CCC=CCC,91.65776,95.34524679019907,93.2857
CC=CCCCC=CC=CCOCC,CC=CCCCC=CC=CCOCC,91.65744,93.53779101846544,97.52123
CCCC=CC=CCCCCOCC,CCCC=CC=CCCCCOCC,91.65711,88.21472783710954,94.30034
CCCCOCC=C(C)CCOCC,CCCCOCC=C(C)CCOCC,91.65431,83.56173307851952,86.62473
C=CC=CCCOCC=CCCCC,C=CC=CCCOCC=CCCCC,91.654175,94.87786492920063,93.651955
CC=CCC=CC=CCCCC=CC,CC=CCC=CC=CCCCC=CC,91.652855,96.61567812405092,98.50767
C=CCC=CCC=CCOCCC=C,C=CCC=CCC=CCOCCC=C,91.651505,90.04666249403914,90.60671
C=CCOCCC=CC=CCCCC,C=CCOCCC=CC=CCCCC,91.65082,93.02792872924559,88.37788
C=CC(=CC)CC=CCOCCCC,C=CC(=CC)CC=CCOCCCC,91.647964,93.56726099174301,96.085625
CCC=CC=CCCCCCOCC,CCC=CC=CCCCCCOCC,91.64572,87.96223564897971,94.24706
C=CCCC=CCC=CCOCCC,C=CCCC=CCC=CCOCCC,91.643364,91.50042592032754,91.560295
C=C(C=CCC)CC=C(C)C=CC,C=C(C=CCC)CC=C(C)C=CC,91.64314,95.84505215950408,91.85259
CC=CC(C)=CCOCCC=CCC,CC=CC(C)=CCOCCC=CCC,91.6412,93.68537319651452,93.9744
C=CCC=CCCCC=CC=CCC,C=CCC=CCCCC=CC=CCC,91.63859,96.9285009766402,95.6903
C=CC=CCC(C)=CCC=CCOC,C=CC=CCC(C)=CCC=CCOC,91.63806,96.23914877383791,93.58532
C=C(C=CCC=CC=CCOC)CC,C=C(C=CCC=CC=CCOC)CC,91.637695,95.34280141745445,93.91021
C=CC(=CCCC=CC)COCCC,C=CC(=CCCC=CC)COCCC,91.63399,90.65244797257841,92.44266
C=CCCC=C(C)C=CCCCOC,C=CCCC=C(C)C=CCCCOC,91.633484,93.4960606801888,91.10073
C=CCOCCC=CCCCCOC,C=CCOCCC=CCCCCOC,91.63323,88.80419547144031,82.41711
C=CC=CCC(C=C)=CCCOCC,C=CC=CCC(C=C)=CCCOCC,91.631775,94.09090788618485,95.88749
C=C(C)C=CCCC=CC=CCOC,C=C(C)C=CCCC=CC=CCOC,91.627174,95.85002317118673,94.26888
CC=CC=CCCC=CCOCCC,CC=CC=CCCC=CCOCCC,91.62549,94.5259056561635,98.19198
C=CCOCCCCCOCC=CC,C=CCOCCCCCOCC=CC,91.62431,86.2381103614357,82.73888
CCC(C)=CCC=CCOC(C)=O,CCC(C)=CCC=CCOC(C)=O,91.62431,89.81861586557909,93.28331
C=CCC=CC=C(C)CC=C(C)C,C=CCC=CC=C(C)CC=C(C)C,91.62273,94.0524980210724,91.824
CC=CCCC=CCC=CCCOC,CC=CCCC=CCC=CCCOC,91.62269,91.55173368733244,91.897865
C=CC=CCC=C(C)C=CCCCC,C=CC=CCC=C(C)C=CCCCC,91.61989,98.84966345303883,97.72451
CCOCC=CCC=CC(C)=CCOC,CCOCC=CCC=CC(C)=CCOC,91.61911,93.39504775498432,90.24113
CC=CCC=CC(C)=CCC=CCC,CC=CCC=CC(C)=CCC=CCC,91.61842,97.54200372909848,96.67426
C=CC(C)C=CC=C(C)CC=CC,C=CC(C)C=CC=C(C)CC=CC,91.6178,98.12706479564258,93.774376
C=C(CC)CC=CC=CCCCOC,C=C(CC)CC=CC=CCCCOC,91.61661,95.04845012217213,94.180046
C=CC=C(C)CC=CCC=CCOC,C=CC=C(C)CC=CCC=CCOC,91.61511,95.85553992026306,93.29726
CCC=CCOCCCCOCCC,CCC=CCOCCCCOCCC,91.6142,86.3988042505491,91.02998
C=C(C=CCC=CC=CC)CCOC,C=C(C=CCC=CC=CC)CCOC,91.61213,93.94890571237512,91.68532
C=CCC=CCCC=C(C)CCOC,C=CCC=CCCC=C(C)CCOC,91.61199,88.90454156436797,85.40412
C=CCC=CCC=CCC=CCCC,C=CCC=CCC=CCC=CCCC,91.609665,93.65611893998158,91.6318
C=C(C)C=CCC=C(C=CC)CC,C=C(C)C=CCC=C(C=CC)CC,91.60731,96.05901081976978,92.019554
C=CCOCC=C(C)C=CCCCOC,C=CCOCC=C(C)C=CCCCOC,91.60627,92.46150705370326,84.19111
C=CCC=CC=CCCC=CCOC,C=CCC=CC=CCCC=CCOC,91.60412,97.87877346312774,92.36921
CCCCOCCC=CCCOCC,CCCCOCCC=CCCOCC,91.60364,84.57597178834283,89.07759
CCC=CCC=CCOCCCOC,CCC=CCC=CCOCCCOC,91.60333,92.94155901432114,92.8629
C=CCCCCOCC=CC=CCC,C=CCCCCOCC=CC=CCC,91.60292,92.8181986556795,91.667534
CCC(C)=CC=CCCC=CCOC,CCC(C)=CC=CCCC=CCOC,91.60268,94.2564201965145,92.28044
C=C(C=CC)C=CCCOCCCC,C=C(C=CC)C=CCCOCCCC,91.601456,91.65356678857194,95.108765
C=C(C=CCCC=CCCOC)CC,C=C(C=CCCC=CCCOC)CC,91.600815,92.30452533101726,90.93275
CCCC=CCOCCCOCCC,CCCC=CCOCCCOCCC,91.59966,87.09314556118791,92.368225
C=CCCC=CC=CCCCC=CC,C=CCCC=CC=CCCCC=CC,91.59889,95.61052275863562,94.26016
CC=CC(C)=CCC=CC=CCCC,CC=CC(C)=CCC=CC=CCCC,91.59837,97.27150076462729,96.79453
CC=CC=CCC=CCC=C(C)CC,CC=CC=CCC=CCC=C(C)CC,91.59769,96.39391345636702,95.34052
CC=CC=CCC(C)C=CC=CC,CC=CC=CCC(C)C=CC=CC,91.595505,93.42381554766618,89.19604
CCOCCOCCC=C(C)COC,CCOCCOCCC=C(C)COC,91.59149,88.64772796571134,89.35568
C=C(C=CCCCCOC)CC=CC,C=C(C=CCCCCOC)CC=CC,91.590996,94.19644908240133,93.921555
CCC=CCCOCCCOCCC,CCC=CCCOCCCOCCC,91.59021,86.60335146958847,91.19228
C=CCOCCCCC=CC(C)=CC,C=CCOCCCCC=CC(C)=CC,91.58879,91.1787370126992,90.966484
CCCCCOCC=CCCOCC,CCCCCOCC=CCCOCC,91.58812,86.17027397819737,91.249504
CCCOCC(C)=CCC=CCOC,CCCOCC(C)=CCC=CCOC,91.58746,90.31842107675956,88.14463
CCCC=CC=CCC(C)=CCOC,CCCC=CC=CCC(C)=CCOC,91.587326,92.98437234120574,90.12802
CCOCC=CCC=C(C)COCC,CCOCC=CCC=C(C)COCC,91.58432,86.78458867314642,88.71596
C=CCC=CCCC=CC=CCOC,C=CCC=CCCC=CC=CCOC,91.584274,97.97594698242314,92.64941
C=CCCOCCC=C(C)C=CCC,C=CCCOCCC=C(C)C=CCC,91.583466,90.19718255036693,86.577774
C=CC(C)=CCC=CCCC=CCC,C=CC(C)=CCC=CCCC=CCC,91.582794,97.99833726860257,96.165215
C=CC=CCCCOCCCC=CC,C=CC=CCCCOCCCC=CC,91.5816,93.75971467721632,96.92373
C=CC(C=CCCOC)=CCCCC,C=CC(C=CCCOC)=CCCCC,91.580345,93.44510349335755,92.396324
CCCC=CCC=CC=C(C)COC,CCCC=CCC=CC=C(C)COC,91.58034,93.69791939952697,91.57828
C=CC=CCCC=CCC=CCOC,C=CC=CCCC=CCC=CCOC,91.574814,99.28210573006531,96.66165
C=CCOCCC=CCC=C(C)CC,C=CCOCCC=CCC=C(C)CC,91.574524,89.50251098319663,86.44372
CCCCC=CCC=CC=CCOC,CCCCC=CCC=CC=CCOC,91.57387,97.34582032674072,95.30233
CCCC=CCC=CC(C)=CCOC,CCCC=CCC=CC(C)=CCOC,91.573006,94.21973069115758,92.64282
C=CC=CCOCCC=CCCCC,C=CC=CCOCCC=CCCCC,91.57117,94.42627622476068,92.75267
C=CC=CCCCCOCC=CCC,C=CC=CCCCCOCC=CCC,91.57026,94.29217325397616,96.02018
CC=CCC=CCC=CC=C(C)CC,CC=CCC=CCC=CC=C(C)CC,91.56944,96.71644800140217,95.975426
C=CC=CCC(=C)CC=CCOCC,C=CC=CCC(=C)CC=CCOCC,91.56688,94.17080953380251,95.70408
C=CCOCCCC=CCC(=C)C=C,C=CCOCCCC=CCC(=C)C=C,91.56642,92.93341833581893,90.8767
C=CCC=CCOCC=CCCC=C,C=CCC=CCOCC=CCCC=C,91.56414,89.63259458005135,89.9316
C=CCC=CC=CCCOCCC=C,C=CCC=CC=CCCOCCC=C,91.5641,91.38932050609627,91.49906
CCCC=CC=CCC=C(C)COC,CCCC=CC=CCC=C(C)COC,91.55812,93.69108305080327,90.26342
CC=CCOCCCOCC=CCC,CC=CCOCCCOCC=CCC,91.55709,90.52385855939258,90.21894
C=C(C=CCC)CC=CC(C)=CC,C=C(C=CCC)CC=CC(C)=CC,91.55686,95.3974197462118,91.877495
CCCCOCC=CCCOCCC,CCCCOCC=CCCOCCC,91.55611,87.13645333421087,90.29446
CC=CC=CCCOCC=CCCC,CC=CC=CCCOCC=CCCC,91.55533,94.63435667117663,94.80973
CCCOCCC=CC=CCCOC,CCCOCCC=CC=CCCOC,91.552345,90.27323569490214,89.885506
CC=CC=CCCCC=CC(C)=CC,CC=CC=CCCCC=CC(C)=CC,91.55138,95.18325945784741,95.730316
CCOCCC=CC=CCCCOC,CCOCCC=CC=CCCCOC,91.54826,91.795994011811,95.15997
C=CCC=CC(C)=CCC=CCCOC,C=CCC=CC(C)=CCC=CCCOC,91.547485,93.70115010827254,90.77303
CCC=CCOCCCOCCCC,CCC=CCOCCCOCCCC,91.54692,87.30608908049821,91.993286
C=CCCC(C)=CCC=CCCOC,C=CCCC(C)=CCC=CCCOC,91.54453,89.02355014426097,86.474205
C=C(C=CCC)C=CCCC=CCC,C=C(C=CCC)C=CCCC=CCC,91.5419,95.89530722373642,94.686
C=C(C=CCCOCC)C=C(C)CC,C=C(C=CCCOCC)C=C(C)CC,91.54178,88.00174219163873,95.04516
CC=CC=CCC(C)=CCCCOC,CC=CC=CCC(C)=CCCCOC,91.541664,94.90777056705421,95.30338
C=C(C=CCCC)C=CCCC=CC,C=C(C=CCCC)C=CCCC=CC,91.53696,96.50897618121006,94.99122
C=CCCC=CCOC(=O)CCC,C=CCCC=CCOC(=O)CCC,91.53513,93.10162473998562,89.29271
CC=CCC(C)=CCC=CCCOC,CC=CCC(C)=CCC=CCCOC,91.53418,91.37668619633783,92.05085
C=CCCC=C(C)CC=CCCOC,C=CCCC=C(C)CC=CCCOC,91.53417,88.76179593853153,86.05656
C=CC=C(C)CC=CCC=C(C)C,C=CC=C(C)CC=CCC=C(C)C,91.53284,95.5759649513414,92.73322
CC=CCC=CC=C(C)CCCOC,CC=CCC=CC=C(C)CCCOC,91.5323,94.45716337269583,94.80981
C=CC(C)=CCOCCCC=CCC,C=CC(C)=CCOCCCC=CCC,91.5313,94.37293984343117,96.84377
CC=CCC=CCCCCOCCC,CC=CCC=CCCCCOCCC,91.5311,88.59890920417499,95.38096
CC=CCCC=CC=CCOCCC,CC=CCCC=CC=CCOCCC,91.53078,94.51956664978755,98.01444
CCOCC=CCC=C(C)CCOC,CCOCC=CCC=C(C)CCOC,91.52894,88.7400031183582,89.796135
C=CCC=CCOCCCC=CCC,C=CCC=CCOCCCC=CCC,91.52818,92.34850298097058,91.47071
C=CCCCCOCC=CCC=CC,C=CCCCCOCC=CCC=CC,91.526695,90.93063738043756,90.19822
C=CCC=CCCC=CCC=CCC,C=CCC=CCCC=CCC=CCC,91.52043,94.96713189487356,92.62038
C=CCC=CC(C)=CCCCCOC,C=CCC=CC(C)=CCCCCOC,91.51976,93.56648109932709,90.85667
C=CC(=C)C=CCCC=CCCCC,C=CC(=C)C=CCCC=CCCCC,91.51756,96.72752589641081,95.087326
CC=CCCCC=CCCCOCC,CC=CCCCC=CCCCOCC,91.51651,87.02653557647342,92.580605
C=CCC(=C)CC=CCCCOCC,C=CCC(=C)CC=CCCCOCC,91.515884,88.9467933787202,91.82607
C=CC=CCCC=CCC=C(C)CC,C=CC=CCCC=CCC=C(C)CC,91.51577,98.19754237754873,95.54144
CC=CCCOCCCOCC=CC,CC=CCCOCCCOCC=CC,91.514984,89.28415291373759,90.38479
C=CCCC=CC=C(C)CC=CCC,C=CCCC=CC=C(C)CC=CCC,91.51286,96.91640295903954,94.74702
C=CCOCCCCOCCC=CC,C=CCOCCCCOCCC=CC,91.511734,88.16256863516088,85.43838
CCCOCC=CCC=CCCOC,CCCOCC=CCC=CCCOC,91.51117,91.67773505793247,92.4617
CCCCC=CC=CCC=CCOC,CCCCC=CC=CCC=CCOC,91.50516,97.60886839042546,95.64641
C=CCCOCC=CCC=CCCC,C=CCCOCC=CCC=CCCC,91.505005,90.8974041037924,87.454475
C=C(CC)COCC=CC=CCCC,C=C(CC)COCC=CC=CCCC,91.505005,92.16206701802047,89.86346
C=C(C=CC)C=CCC=CCCCC,C=C(C=CC)C=CCC=CCCCC,91.50435,99.31920648477961,99.76233
C=CCC=CCC=CCOCCCC,C=CCC=CCC=CCOCCCC,91.502,91.85286493543813,90.8393
CCOCC=CCCC=CCOCC,CCOCC=CCCC=CCOCC,91.50106,86.24649075271606,87.1011
CCCCCOCC=CCOCCC,CCCCCOCC=CCOCCC,91.498,85.06937079146567,85.873116
CCC=CC=CCCC=CCOCC,CCC=CC=CCCC=CCOCC,91.49798,93.4189067024229,97.35505
CCCOCCCCC=CCOCC,CCCOCCCCC=CCOCC,91.496864,85.8170117078091,91.6963
C=CCC(=C)CC=CC=CCOCC,C=CCC(=C)CC=CC=CCOCC,91.49654,93.34390465478904,92.17402
CCCOCCC=CCC=CCOC,CCCOCCC=CCC=CCOC,91.4964,91.65648685073008,89.65151
CCC=CCCC=CC=CCOCC,CCC=CCCC=CC=CCOCC,91.496185,93.62352299454591,97.824455
C=CC(C)=CCCCOCCOCC,C=CC(C)=CCCCOCCOCC,91.49495,90.11202337415756,91.682846
C=CC(C)=CCC=C(C)CC=CC,C=CC(C)=CCC=C(C)CC=CC,91.49302,96.09911173389426,92.65211
CC=CC=CCCC=CCC(C)=CC,CC=CC=CCCC=CCC(C)=CC,91.49254,96.28828356503183,96.00481
C=C(C=CCC(C)=CC)CC=CC,C=C(C=CCC(C)=CC)CC=CC,91.49176,95.14473074158654,91.77589
C=CCOCCCCCC=CCOC,C=CCOCCCCCC=CCOC,91.49077,88.68901092015528,81.75848
C=CC(C=CC)=CCCC=CCOC,C=CC(C=CC)=CCCC=CCOC,91.49056,98.22217290254225,95.49464
CCCOCC=C(C)CC=CCOC,CCCOCC=C(C)CC=CCOC,91.49009,89.49368987955702,87.45709
C=CCC=C(C)CC=CC=CCOC,C=CCC=C(C)CC=CC=CCOC,91.4897,94.68878415330295,89.170006
C=CCC=CCC=C(C)CCOCC,C=CCC=CCC=C(C)CCOCC,91.48854,87.94121544121765,87.703545
C=CCC=CCCOCC=CCOC,C=CCC=CCCOCC=CCOC,91.488335,93.21669786935422,83.2449
CC=CC=CCCCC=CCCOC,CC=CC=CCCCC=CCCOC,91.48751,93.09390578650378,93.2123
C=CCC=C(C)C=CCCC=CCC,C=CCC=C(C)C=CCCC=CCC,91.48666,97.12579743630566,95.056335
COCC=C(C)COCCOCCOC,COCC=C(C)COCCOCCOC,91.48547,88.84349283895341,88.93993
CCC=CCOCC=CC=CCCC,CCC=CCOCC=CC=CCCC,91.47905,94.02085798422561,93.54878
C=C(C=CCCCOCCOC)CC,C=C(C=CCCCOCCOC)CC,91.47743,92.6863699069109,90.75827
CCCOCC=CCC=CC=C(C)C,CCCOCC=CCC=CC=C(C)C,91.471634,93.36055317662455,98.50881
C=C(C=CCCC=CC)CCOCC,C=C(C=CCCC=CC)CCOCC,91.46936,91.15932464059864,93.75181
C=CCC=CC(C)=CCC(C)=CC,C=CCC=CC(C)=CCC(C)=CC,91.46837,95.07159367028265,92.32256
CC=CCC=CCC=C(C)C=CCC,CC=CCC=CCC=C(C)C=CCC,91.46715,97.39172479763118,96.277794
CCCCOCCC=CCOCCC,CCCCOCCC=CCOCCC,91.46224,86.82645409277744,89.79899
C=CC=CCC(C)=CCC=C(C)C,C=CC=CCC(C)=CCC=C(C)C,91.46088,94.86310890014991,91.63134
C=CCC=CCCCOCC=CCC,C=CCC=CCCCOCC=CCC,91.45987,92.2205014506128,91.36398
C=C(CC=CC)COCC=CCCC,C=C(CC=CC)COCC=CCCC,91.457146,89.45923003180496,88.39181
C=CC=CCC=C(C)CC=C(C)C,C=CC=CCC=C(C)CC=C(C)C,91.45523,94.3993935762612,91.20377
C=CCOCCCCOCC=CCC,C=CCOCCCCOCC=CCC,91.45335,88.03606642870743,84.78307
CC=CC=CCCCOCC=CCC,CC=CC=CCCCOCC=CCC,91.453255,95.42463594960225,98.64291
CC=CCOCCCC=CC=CCC,CC=CCOCCCC=CC=CCC,91.45192,95.04205589272439,98.01823
CCCOCCOCCOCCOCCC,CCCOCCOCCOCCOCCC,91.451706,84.73579512990213,89.672676
C=C(C)C=CCC=CC=CCCCC,C=C(C)C=CCC=CC=CCCCC,91.44975,98.22740465752779,98.08372
C=C(C)CC=CC=CCC=C(C)C,C=C(C)CC=CC=CCC=C(C)C,91.44423,95.28086025805078,93.6737
CC=CC=CC(C)C=CC=C(C)C,CC=CC=CC(C)C=CC=C(C)C,91.443985,93.7877469761709,89.57637
C=CCC=CCCCC=CCOCC,C=CCC=CCCCC=CCOCC,91.44268,90.0108144023927,89.52743
C=CCCC=CCC(C)=CC=CCC,C=CCCC=CCC(C)=CC=CCC,91.441635,96.68361418038134,94.5705
C=C(C)C=CCOCCCC=CCC,C=C(C)C=CCOCCCC=CCC,91.44058,93.49912053763401,96.43222
CC=CCCCOCC=CCOCC,CC=CCCCOCC=CCOCC,91.439964,89.83837291141049,90.230675
C=CCCCC=C(C)C=CCOCC,C=CCCCC=C(C)C=CCOCC,91.43837,91.61820681754463,92.29835
CC=CCOCCC=CCC=CCC,CC=CCOCCC=CCC=CCC,91.4368,92.10941953699171,92.150276
C=C(C)C=CCCCC=CCOCC,C=C(C)C=CCCCC=CCOCC,91.43527,91.34752043768825,95.12145
C=CCCCC=C(C)C=CCCOC,C=CCCCC=C(C)C=CCCOC,91.43302,91.53934996025527,88.923935
C=CCCC=CCOCCCC=CC,C=CCCC=CCOCCCC=CC,91.42586,91.17675526979106,90.24477
C=C(C)CC=CCCC=CCCOC,C=C(C)CC=CCCC=CCCOC,91.425026,88.75724154939742,87.70358
CC=CCC=CCCOCCCOC,CC=CCC=CCCOCCCOC,91.424965,92.13502690053322,92.172905
CCCOCC=CCCCOCCC,CCCOCC=CCCCOCCC,91.422134,86.38284358766646,91.7339
CC=CCCCOCC=CC=CCC,CC=CCCCOCC=CC=CCC,91.42004,95.39335135439399,98.20305
C=CCC=CCC=CCCCCOC,C=CCC=CCC=CCCCCOC,91.419586,91.43549126646096,88.2691
CC=CC=CCCC=CC(C)=CCC,CC=CC=CCCC=CC(C)=CCC,91.4155,97.81188616813559,96.66954
CC=CC=CCCCC=CCC=CC,CC=CC=CCCCC=CCC=CC,91.40802,96.83309962116972,98.9401
C=CCC=CCCOCC=CCC=C,C=CCC=CCCOCC=CCC=C,91.40704,90.17605173408181,90.19867
CC=CC=CCC=CCCCC=CC,CC=CC=CCC=CCCCC=CC,91.40642,96.89659339001437,99.176
C=CCC=CCCCC=CC(C)=CC,C=CCC=CCCCC=CC(C)=CC,91.40448,95.4190945320288,94.583405
C=CCOCCCC=CC(C)=CCOC,C=CCOCCCC=CC(C)=CCOC,91.40422,92.16994580167108,83.88291
C=CCC=CCC(C)=CC=C(C)C,C=CCC=CCC(C)=CC=C(C)C,91.399826,92.97734496734583,90.988945
CCC=CCC=CCC=CCOCC,CCC=CCC=CCC=CCOCC,91.3994,91.01768516801363,94.00617
CCCOCC(C)=CC=CCCOC,CCCOCC(C)=CC=CCCOC,91.39928,89.75049041452345,91.223305
C=CCCC=CCC(=C)C=CCOC,C=CCCC=CCC(=C)C=CCOC,91.39906,95.11355988328492,88.70095
CC=CC=CCOCCCC=CCC,CC=CC=CCOCCCC=CCC,91.39525,95.31982035525645,98.55855
CC=CCC=CCCCCCOCC,CC=CCC=CCCCCCOCC,91.39487,88.23146707574786,94.85151
CC=CCOCCCCOCC=CC,CC=CCOCCCCOCC=CC,91.391716,86.62616967898043,85.53395
CCCCOCCC=CC=CCOC,CCCCOCCC=CC=CCOC,91.39169,92.85702706441364,90.39509
C=C(C)CC=CCC=CC=C(C)C,C=C(C)CC=CCC=CC=C(C)C,91.390884,95.28007696141708,94.14327
C=CCOCCCCCC=CC=CC,C=CCOCCCCCC=CC=CC,91.3906,92.03824222123794,90.67519
C=CCCC=C(C)COCC=CCC,C=CCCC=C(C)COCC=CCC,91.38851,88.4738287438509,84.29014
C=CCCCCOCCC=CC=CC,C=CCCCCOCCC=CC=CC,91.38616,91.42049326419328,90.63984
C=CCOCCC=CC(C)=CCCOC,C=CCOCCC=CC(C)=CCCOC,91.38593,90.04418528653844,82.09707
CCOCCCC=CC=CCCOC,CCOCCCC=CC=CCCOC,91.3835,91.27033816050815,94.28071
CC=CCC=C(C)CC=CCCOC,CC=CCC=C(C)CC=CCCOC,91.38241,91.14425940087494,91.64893
C=CC=CCC=CCCC=CCCC,C=CC=CCC=CCCC=CCCC,91.375595,98.71840851614814,97.51749
CC=CCC=C(C=CCCOC)CC,CC=CCC=C(C=CCCOC)CC,91.374954,94.4138723230258,93.67874
C=CCCCOCC=CCC(C)=CC,C=CCCCOCC=CCC(C)=CC,91.372894,89.76851071413219,89.73644
C=C(C)CC=CCC(C)=CC=CC,C=C(C)CC=CCC(C)=CC=CC,91.36978,94.78555517266602,91.57119
C=CCCOCC=CCCCC=CC,C=CCCOCC=CCCCC=CC,91.36905,89.02047814553313,85.22463
C=CCC=CCC=C(C)C=CCCOC,C=CCC=CCC=C(C)C=CCCOC,91.36373,93.30607588553663,89.86436
CC=CCC=CC(=O)OCCCC,CC=CCC=CC(=O)OCCCC,91.35718,90.80431549313305,98.99059
CC=CCC=CCOCCCCOC,CC=CCC=CCOCCCCOC,91.35596,92.14293421321844,91.874504
CC=CCCC=CCOCCCOC,CC=CCCC=CCOCCCOC,91.35445,91.78374566596172,91.76685
CC=CC(C=CCCOCC)=CCC,CC=CC(C=CCCOCC)=CCC,91.35417,91.21605708363703,98.49891
C=C(C)CC=CCCCOCC=CC,C=C(C)CC=CCCCOCC=CC,91.35412,90.16289506446952,93.45374
C=CC(C)=CCC(C)=CC=CCC,C=CC(C)=CCC(C)=CC=CCC,91.3518,95.57704908649637,91.859245
C=CC=CCCC=CCCOCCC,C=CC=CCCC=CCCOCCC,91.351746,92.94773496846139,94.42123
C=CCCC=CCCCOCC=CC,C=CCCC=CCCCOCC=CC,91.35028,90.25433774815299,89.17179
C=CCCC=C(C)C=CCC=CCC,C=CCCC=C(C)C=CCC=CCC,91.349075,97.29262217823407,95.30957
C=CCCCOCC=CCCC=CC,C=CCCCOCC=CCCC=CC,91.348526,90.76806181362272,89.64936
C=C(C)C=CCC=CCC=CCCC,C=C(C)C=CCC=CCC=CCCC,91.34801,96.19540390875956,95.3678
C=CCCC=CCC(=C)CCC=C,C=CCCC=CCC(=C)CCC=C,91.34276,88.66923435300566,91.677315
C=CCOCCCCC=CC(=C)C=C,C=CCOCCCCC=CC(=C)C=C,91.34247,92.24704806910128,90.538704
CCC=CCCCOCC=CCOC,CCC=CCCCOCC=CCOC,91.3397,91.50385265972147,88.22263
C=CC=CCC=CC=CCCCCC,C=CC=CCC=CC=CCCCCC,91.33885,97.4213598573009,96.37905
CCCCOCCOCCCOCC,CCCCOCCOCCCOCC,91.33786,84.5955097184902,95.12686
C=CCCCCC=CC=CCOCC,C=CCCCCC=CC=CCOCC,91.3374,91.27033078382806,91.20706
C=CC=C(C)CC=CCC=CCCC,C=CC=C(C)CC=CCC=CCCC,91.335144,96.91061399967325,94.79337
CCCOCCC=CCCCOCC,CCCOCCC=CCCCOCC,91.33496,86.01173641710997,91.675255
CC=CCCC=CCCCCOCC,CC=CCCC=CCCCCOCC,91.333435,87.07151292175116,93.16249
C=CCOCC=C(C)CC=CCCC,C=CCOCC=C(C)CC=CCCC,91.33331,88.93587826673624,85.14805
C=CCC=CCOCCC=CCCC,C=CCC=CCOCCC=CCCC,91.33243,91.00857268996548,87.11483
C=CCC=CC=CCCCC=CCC,C=CCC=CC=CCCCC=CCC,91.33065,96.98904270998604,95.839195
CCCCCOCCC=CCOCC,CCCCCOCCC=CCOCC,91.32951,86.31220332491348,88.61193
CCOCC=CCCC=CCCOC,CCOCC=CCCC=CCCOC,91.32729,89.53502574204599,89.77712
CC=CCCCOCC=CCCOC,CC=CCCCOCC=CCCOC,91.32564,90.94645709292229,91.02859
C=CC=C(C)CCOCCC=CCC,C=CC=C(C)CCOCCC=CCC,91.32501,91.06140732247381,89.88561
CCCOCC=CC=CCC=C(C)C,CCCOCC=CC=CCC=C(C)C,91.32497,92.94062905525196,97.55392
CC=CCC=CCOCCC=CCC,CC=CCC=CCOCCC=CCC,91.324814,92.95294062427618,93.212166
C=CCCCC=CCCOCC=CC,C=CCCCC=CCCOCC=CC,91.32347,88.99253655773526,85.14028
C=CC=CCCC=CCCC=CCC,C=CC=CCCC=CCCC=CCC,91.3233,97.1519743873003,94.70452
CC=CCC=CC=CCC=C(C)CC,CC=CCC=CC=CCC=C(C)CC,91.323204,96.1435513334443,94.861374
C=CCC(=C)CC=CCC=C(C)C,C=CCC(=C)CC=CCC=C(C)C,91.31603,90.22143791474916,86.51677
C=CCC=CCOCCOCCCC,C=CCC=CCOCCOCCCC,91.31383,91.97481399129607,87.89797
CC=CCOCC=CCC=CCCC,CC=CCOCC=CCC=CCCC,91.31189,91.89660800138013,91.44416
CC=CC=CCCC(C)=CC=CCC,CC=CC=CCCC(C)=CC=CCC,91.31152,94.10018901962638,92.79989
C=CCOCCCC=CCCC=CC,C=CCOCCCC=CCCC=CC,91.31001,90.03717747368253,88.60063
C=CC=CCCOCCC=CCC=C,C=CC=CCCOCCC=CCC=C,91.30919,93.43546591437571,87.50074
CC=CCCC=CCC=CCOCC,CC=CCCC=CCC=CCOCC,91.30826,91.80851244344387,95.84988
CC=CCC=CCCOCC=CCC,CC=CCC=CCCOCC=CCC,91.30485,92.59251132038762,92.88987
C=CCCCOCC=CCC=CCC,C=CCCCOCC=CCC=CCC,91.30419,92.5060606973901,91.47396
C=CCOCC=CCC(=C)CC=CC,C=CCOCC=CCC(=C)CC=CC,91.30415,89.3253075393626,84.39904
C=CCC=CCC(C)=CCCCOC,C=CCC=CCC(C)=CCCCOC,91.30232,91.59351777396043,88.94106
C=C(C=CCCOC)CCC=CCC,C=C(C=CCCOC)CCC=CCC,91.301254,92.09819004133486,91.077896
C=CC=CCC=CCCC=CCOC,C=CC=CCC=CCCC=CCOC,91.30046,99.01475599448622,96.10513
C=CC(C=C)=CCCOCCC=CC,C=CC(C=C)=CCCOCCC=CC,91.29974,92.91040092380311,90.415184
C=CCC(C)=CC=CCC(C)=CC,C=CCC(C)=CC=CCC(C)=CC,91.29704,94.42726526973028,91.61896
C=CCC=CCC=CC(C)=CCCOC,C=CCC=CCC=CC(C)=CCCOC,91.2963,93.27134773359103,89.54451
C=C(C=CCC=CCC)C=CCCC,C=C(C=CCC=CCC)C=CCCC,91.288795,96.49699462950349,95.66384
CCOCCOCCOCCOC(C)=O,CCOCCOCCOCCOC(C)=O,91.288605,92.41673641113348,99.149025
C=C(C=CCCC=CC=CCC)CC,C=C(C=CCCC=CC=CCC)CC,91.28788,96.19209089788471,93.455284
C=C(C)C=CCCCC=CC=CCC,C=C(C)C=CCCCC=CC=CCC,91.28739,95.26083366491692,94.06592
C=CCC(=C)C=CCCC=CCOC,C=CCC(=C)C=CCCC=CCOC,91.28723,95.16082273223103,88.582016
C=CC(C)=CCCCC=CCOCC,C=CC(C)=CCCCC=CCOCC,91.28464,92.33134323168905,96.00434
C=CC=CCCC=CC(C)=CCCC,C=CC=CCCC=CC(C)=CCCC,91.2841,97.14776234408745,94.82409
CC=C(C=CCCC)C=CCCOC,CC=C(C=CCCC)C=CCCOC,91.28375,91.58833520259759,91.20645
C=CC(C)=CCC=CC=CCCCOC,C=CC(C)=CCC=CC=CCCCOC,91.28265,95.99128618690189,96.36802
C=CC=CCC(C)=CCCCCOC,C=CC=CCC(C)=CCCCCOC,91.28107,94.37901600594853,93.19086
C=CCCC=CCCCC(=C)C=C,C=CCCC=CCCCC(=C)C=C,91.28063,92.63886848077142,88.910194
CCC=CCCOCCCCOCC,CCC=CCCOCCCCOCC,91.27907,85.68754854750262,90.268974
CC=CCCOCC=CCC=CCC,CC=CCCOCC=CCC=CCC,91.27163,92.48170774909548,92.434456
C=CC(C)=CCC=CCCCC=CC,C=CC(C)=CCC=CCCCC=CC,91.27086,97.23608474600336,96.6854
C=CC(=C)CC=CC=CCCCCC,C=CC(=C)CC=CC=CCCCCC,91.26887,96.25629513115864,94.4228
C=CCC=C(C)CCOCC=CCC,C=CCC=C(C)CCOCC=CCC,91.26721,88.40393804970213,84.71694
C=CCOCCC=CCC=CCCC,C=CCOCCC=CCC=CCCC,91.26575,90.53814126077944,86.407326
C=C(CC=CC=CCCCC)COC,C=C(CC=CC=CCCCC)COC,91.265,94.45901479866922,89.272446
C=C(C=CCC=CCC=CCC)CC,C=C(C=CCC=CCC=CCC)CC,91.264824,95.78709038192744,92.75677
CC=CC=CC(C)C=CCCCOC,CC=CC=CC(C)C=CCCCOC,91.26218,96.37147842404687,94.17527
CC=CCCCOCCOCCCC,CC=CCCCOCCOCCCC,91.26146,88.34441515643205,89.59405
C=C(CC)CC=CC=CCOCCC,C=C(CC)CC=CC=CCOCCC,91.26062,92.52352834241353,95.06948
C=CC(=C)CC=CCCOCCOC,C=CC(=C)CC=CCCOCCOC,91.25985,95.59403117863299,89.37763
C=CCOCC(C)=CCCC=CCC,C=CCOCC(C)=CCCC=CCC,91.25954,88.42875919146644,84.23099
C=CC(=CC)CC=CCCOCCC,C=CC(=CC)CC=CCCOCCC,91.259125,92.30232962534232,95.15654
C=CCCC=CC=C(C)CCCOC,C=CCCC=CC=C(C)CCCOC,91.25764,92.89417380478017,89.79956
C=C(C=CCCC=CCC=CC)CC,C=C(C=CCCC=CCC=CC)CC,91.25624,97.65443309917818,95.87441
C=C(C)C=CCCC=CC=CCCC,C=C(C)C=CCCC=CC=CCCC,91.25225,95.97503012164007,94.37034
C=CCOCC=CCC=CC(C)C=C,C=CCOCC=CCC=CC(C)C=C,91.252174,91.35342599328013,90.02732
C=CC(C)=CCCCC=CCCOC,C=CC(C)=CCCCC=CCCOC,91.25186,92.03475557575013,90.81726
C=CCOCCC=CC=C(C)CCOC,C=CCOCCC=CC=C(C)CCOC,91.24751,89.92040581078287,81.88545
CC=CCC=CCC=CCOCCC,CC=CCC=CCC=CCOCCC,91.24547,92.1565600438008,94.90803
C=CCCCC(=C)C=CCCOCC,C=CCCCC(=C)C=CCCOCC,91.24446,88.90420273728193,91.88367
C=CCOCCCC=CC(C)=CCC,C=CCOCCCC=CC(C)=CCC,91.244156,93.3103980487271,92.851875
CCCOCCCC=C(C)COCC,CCCOCCCC=C(C)COCC,91.24254,84.57364112751935,90.52001
C=CCCCC=CCCC=CC=CC,C=CCCCC=CCCC=CC=CC,91.24223,95.5516565160435,94.42531
C=C(C=CC)CC=C(C)C=CCC,C=C(C=CC)CC=C(C)C=CCC,91.24191,95.93270303504045,91.90743
C=CC=CCCOCCCC=CCC,C=CC=CCCOCCCC=CCC,91.24189,94.22814581829854,95.84958
CCC=CCCCOCCOCCC,CCC=CCCCOCCOCCC,91.23896,87.8815871172041,90.1916
C=CC=CCCCCOCC(C)=CC,C=CC=CCCCCOCC(C)=CC,91.23887,92.3581194984091,93.99643
CC=CC=CCCCCOCC=CC,CC=CC=CCCCCOCC=CC,91.23813,92.26898002001093,95.40025
